week_id,epiweek,week_end_date,week_idx,state_id,state_code,state_name,weekly_confirmed_influenza_hospital_admissions,is_observed,is_imputed,imputation_source
0,2022W05,2022-02-05,4,0,al,Alabama,5.0,1,0,observed
1,2022W06,2022-02-12,5,0,al,Alabama,9.0,1,0,observed
2,2022W07,2022-02-19,6,0,al,Alabama,21.0,1,0,observed
3,2022W08,2022-02-26,7,0,al,Alabama,10.0,1,0,observed
4,2022W09,2022-03-05,8,0,al,Alabama,26.0,1,0,observed
5,2022W10,2022-03-12,9,0,al,Alabama,35.0,1,0,observed
6,2022W11,2022-03-19,10,0,al,Alabama,23.0,1,0,observed
7,2022W12,2022-03-26,11,0,al,Alabama,17.0,1,0,observed
8,2022W13,2022-04-02,12,0,al,Alabama,25.0,1,0,observed
9,2022W14,2022-04-09,13,0,al,Alabama,21.0,1,0,observed
10,2022W15,2022-04-16,14,0,al,Alabama,11.0,1,0,observed
11,2022W16,2022-04-23,15,0,al,Alabama,25.0,1,0,observed
12,2022W17,2022-04-30,16,0,al,Alabama,8.0,1,0,observed
13,2022W18,2022-05-07,17,0,al,Alabama,19.0,1,0,observed
14,2022W19,2022-05-14,18,0,al,Alabama,12.0,1,0,observed
15,2022W20,2022-05-21,19,0,al,Alabama,15.0,1,0,observed
16,2022W21,2022-05-28,20,0,al,Alabama,13.0,1,0,observed
17,2022W22,2022-06-04,21,0,al,Alabama,13.0,1,0,observed
18,2022W23,2022-06-11,22,0,al,Alabama,15.0,1,0,observed
19,2022W24,2022-06-18,23,0,al,Alabama,15.0,1,0,observed
20,2022W25,2022-06-25,24,0,al,Alabama,7.0,1,0,observed
21,2022W26,2022-07-02,25,0,al,Alabama,8.0,1,0,observed
22,2022W27,2022-07-09,26,0,al,Alabama,15.0,1,0,observed
23,2022W28,2022-07-16,27,0,al,Alabama,33.0,1,0,observed
24,2022W29,2022-07-23,28,0,al,Alabama,5.0,1,0,observed
25,2022W30,2022-07-30,29,0,al,Alabama,9.0,1,0,observed
26,2022W31,2022-08-06,30,0,al,Alabama,9.0,1,0,observed
27,2022W32,2022-08-13,31,0,al,Alabama,7.0,1,0,observed
28,2022W33,2022-08-20,32,0,al,Alabama,5.0,1,0,observed
29,2022W34,2022-08-27,33,0,al,Alabama,10.0,1,0,observed
30,2022W35,2022-09-03,34,0,al,Alabama,13.0,1,0,observed
31,2022W36,2022-09-10,35,0,al,Alabama,12.0,1,0,observed
32,2022W37,2022-09-17,36,0,al,Alabama,22.0,1,0,observed
33,2022W38,2022-09-24,37,0,al,Alabama,19.0,1,0,observed
34,2022W39,2022-10-01,38,0,al,Alabama,28.0,1,0,observed
35,2022W40,2022-10-08,39,0,al,Alabama,42.0,1,0,observed
36,2022W41,2022-10-15,40,0,al,Alabama,87.0,1,0,observed
37,2022W42,2022-10-22,41,0,al,Alabama,140.0,1,0,observed
38,2022W43,2022-10-29,42,0,al,Alabama,269.0,1,0,observed
39,2022W44,2022-11-05,43,0,al,Alabama,399.0,1,0,observed
40,2022W45,2022-11-12,44,0,al,Alabama,348.0,1,0,observed
41,2022W46,2022-11-19,45,0,al,Alabama,258.0,1,0,observed
42,2022W47,2022-11-26,46,0,al,Alabama,268.0,1,0,observed
43,2022W48,2022-12-03,47,0,al,Alabama,417.0,1,0,observed
44,2022W49,2022-12-10,48,0,al,Alabama,254.0,1,0,observed
45,2022W50,2022-12-17,49,0,al,Alabama,174.0,1,0,observed
46,2022W51,2022-12-24,50,0,al,Alabama,151.0,1,0,observed
47,2022W52,2022-12-31,51,0,al,Alabama,147.0,1,0,observed
48,2023W01,2023-01-07,0,0,al,Alabama,123.0,1,0,observed
49,2023W02,2023-01-14,1,0,al,Alabama,99.0,1,0,observed
50,2023W03,2023-01-21,2,0,al,Alabama,57.0,1,0,observed
51,2023W04,2023-01-28,3,0,al,Alabama,42.0,1,0,observed
52,2023W05,2023-02-04,4,0,al,Alabama,35.0,1,0,observed
53,2023W06,2023-02-11,5,0,al,Alabama,29.0,1,0,observed
54,2023W07,2023-02-18,6,0,al,Alabama,30.0,1,0,observed
55,2023W08,2023-02-25,7,0,al,Alabama,29.0,1,0,observed
56,2023W09,2023-03-04,8,0,al,Alabama,15.0,1,0,observed
57,2023W10,2023-03-11,9,0,al,Alabama,17.0,1,0,observed
58,2023W11,2023-03-18,10,0,al,Alabama,22.0,1,0,observed
59,2023W12,2023-03-25,11,0,al,Alabama,19.0,1,0,observed
60,2023W13,2023-04-01,12,0,al,Alabama,27.0,1,0,observed
61,2023W14,2023-04-08,13,0,al,Alabama,17.0,1,0,observed
62,2023W15,2023-04-15,14,0,al,Alabama,16.0,1,0,observed
63,2023W16,2023-04-22,15,0,al,Alabama,20.0,1,0,observed
64,2023W17,2023-04-29,16,0,al,Alabama,11.0,1,0,observed
65,2023W18,2023-05-06,17,0,al,Alabama,4.0,1,0,observed
66,2023W19,2023-05-13,18,0,al,Alabama,14.0,1,0,observed
67,2023W20,2023-05-20,19,0,al,Alabama,10.0,1,0,observed
68,2023W21,2023-05-27,20,0,al,Alabama,11.0,1,0,observed
69,2023W22,2023-06-03,21,0,al,Alabama,25.0,1,0,observed
70,2023W23,2023-06-10,22,0,al,Alabama,14.0,1,0,observed
71,2023W24,2023-06-17,23,0,al,Alabama,5.0,1,0,observed
72,2023W25,2023-06-24,24,0,al,Alabama,11.0,1,0,observed
73,2023W26,2023-07-01,25,0,al,Alabama,11.0,1,0,observed
74,2023W27,2023-07-08,26,0,al,Alabama,3.0,1,0,observed
75,2023W28,2023-07-15,27,0,al,Alabama,14.0,1,0,observed
76,2023W29,2023-07-22,28,0,al,Alabama,15.0,1,0,observed
77,2023W30,2023-07-29,29,0,al,Alabama,30.0,1,0,observed
78,2023W31,2023-08-05,30,0,al,Alabama,13.0,1,0,observed
79,2023W32,2023-08-12,31,0,al,Alabama,9.0,1,0,observed
80,2023W33,2023-08-19,32,0,al,Alabama,7.0,1,0,observed
81,2023W34,2023-08-26,33,0,al,Alabama,12.0,1,0,observed
82,2023W35,2023-09-02,34,0,al,Alabama,12.0,1,0,observed
83,2023W36,2023-09-09,35,0,al,Alabama,5.0,1,0,observed
84,2023W37,2023-09-16,36,0,al,Alabama,20.0,1,0,observed
85,2023W38,2023-09-23,37,0,al,Alabama,8.0,1,0,observed
86,2023W39,2023-09-30,38,0,al,Alabama,20.0,1,0,observed
87,2023W40,2023-10-07,39,0,al,Alabama,20.0,1,0,observed
88,2023W41,2023-10-14,40,0,al,Alabama,24.0,1,0,observed
89,2023W42,2023-10-21,41,0,al,Alabama,30.0,1,0,observed
90,2023W43,2023-10-28,42,0,al,Alabama,30.0,1,0,observed
91,2023W44,2023-11-04,43,0,al,Alabama,37.0,1,0,observed
92,2023W45,2023-11-11,44,0,al,Alabama,56.0,1,0,observed
93,2023W46,2023-11-18,45,0,al,Alabama,73.0,1,0,observed
94,2023W47,2023-11-25,46,0,al,Alabama,71.0,1,0,observed
95,2023W48,2023-12-02,47,0,al,Alabama,84.0,1,0,observed
96,2023W49,2023-12-09,48,0,al,Alabama,110.0,1,0,observed
97,2023W50,2023-12-16,49,0,al,Alabama,143.0,1,0,observed
98,2023W51,2023-12-23,50,0,al,Alabama,269.0,1,0,observed
99,2023W52,2023-12-30,51,0,al,Alabama,318.0,1,0,observed
100,2024W01,2024-01-06,0,0,al,Alabama,348.0,1,0,observed
101,2024W02,2024-01-13,1,0,al,Alabama,226.0,1,0,observed
102,2024W03,2024-01-20,2,0,al,Alabama,169.0,1,0,observed
103,2024W04,2024-01-27,3,0,al,Alabama,140.0,1,0,observed
104,2024W05,2024-02-03,4,0,al,Alabama,103.0,1,0,observed
105,2024W06,2024-02-10,5,0,al,Alabama,109.0,1,0,observed
106,2024W07,2024-02-17,6,0,al,Alabama,120.0,1,0,observed
107,2024W08,2024-02-24,7,0,al,Alabama,87.0,1,0,observed
108,2024W09,2024-03-02,8,0,al,Alabama,81.0,1,0,observed
109,2024W10,2024-03-09,9,0,al,Alabama,84.0,1,0,observed
110,2024W11,2024-03-16,10,0,al,Alabama,64.0,1,0,observed
111,2024W12,2024-03-23,11,0,al,Alabama,69.0,1,0,observed
112,2024W13,2024-03-30,12,0,al,Alabama,60.0,1,0,observed
113,2024W14,2024-04-06,13,0,al,Alabama,39.0,1,0,observed
114,2024W15,2024-04-13,14,0,al,Alabama,19.0,1,0,observed
115,2024W16,2024-04-20,15,0,al,Alabama,17.0,1,0,observed
116,2024W17,2024-04-27,16,0,al,Alabama,15.0,1,0,observed
117,2024W18,2024-05-04,17,0,al,Alabama,10.0,1,0,observed
118,2024W19,2024-05-11,18,0,al,Alabama,0.0,1,0,observed
119,2024W20,2024-05-18,19,0,al,Alabama,2.0,1,0,observed
120,2024W21,2024-05-25,20,0,al,Alabama,0.0,1,0,observed
121,2024W22,2024-06-01,21,0,al,Alabama,0.0,1,0,observed
122,2024W23,2024-06-08,22,0,al,Alabama,0.0,1,0,observed
123,2024W24,2024-06-15,23,0,al,Alabama,0.0,1,0,observed
124,2024W25,2024-06-22,24,0,al,Alabama,0.0,1,0,observed
125,2024W26,2024-06-29,25,0,al,Alabama,0.0,1,0,observed
126,2024W27,2024-07-06,26,0,al,Alabama,0.0,1,0,observed
127,2024W28,2024-07-13,27,0,al,Alabama,0.0,1,0,observed
128,2024W29,2024-07-20,28,0,al,Alabama,0.0,1,0,observed
129,2024W30,2024-07-27,29,0,al,Alabama,0.0,1,0,observed
130,2024W31,2024-08-03,30,0,al,Alabama,1.0,1,0,observed
131,2024W32,2024-08-10,31,0,al,Alabama,0.0,1,0,observed
132,2024W33,2024-08-17,32,0,al,Alabama,0.0,1,0,observed
133,2024W34,2024-08-24,33,0,al,Alabama,0.0,1,0,observed
134,2024W35,2024-08-31,34,0,al,Alabama,1.0,1,0,observed
135,2024W36,2024-09-07,35,0,al,Alabama,0.0,1,0,observed
136,2024W37,2024-09-14,36,0,al,Alabama,0.0,1,0,observed
137,2024W38,2024-09-21,37,0,al,Alabama,0.0,1,0,observed
138,2024W39,2024-09-28,38,0,al,Alabama,0.0,1,0,observed
139,2024W40,2024-10-05,39,0,al,Alabama,0.0,1,0,observed
140,2024W41,2024-10-12,40,0,al,Alabama,2.0,1,0,observed
141,2024W42,2024-10-19,41,0,al,Alabama,6.0,1,0,observed
142,2024W43,2024-10-26,42,0,al,Alabama,9.0,1,0,observed
143,2024W44,2024-11-02,43,0,al,Alabama,13.0,1,0,observed
144,2024W45,2024-11-09,44,0,al,Alabama,32.0,1,0,observed
145,2024W46,2024-11-16,45,0,al,Alabama,44.0,1,0,observed
146,2024W47,2024-11-23,46,0,al,Alabama,50.0,1,0,observed
147,2024W48,2024-11-30,47,0,al,Alabama,65.0,1,0,observed
148,2024W49,2024-12-07,48,0,al,Alabama,102.0,1,0,observed
149,2024W50,2024-12-14,49,0,al,Alabama,193.0,1,0,observed
150,2024W51,2024-12-21,50,0,al,Alabama,432.0,1,0,observed
151,2024W52,2024-12-28,51,0,al,Alabama,661.0,1,0,observed
152,2025W01,2025-01-04,0,0,al,Alabama,684.0,1,0,observed
153,2025W02,2025-01-11,1,0,al,Alabama,473.0,1,0,observed
154,2025W03,2025-01-18,2,0,al,Alabama,488.0,1,0,observed
155,2025W04,2025-01-25,3,0,al,Alabama,626.0,1,0,observed
156,2025W05,2025-02-01,4,0,al,Alabama,734.0,1,0,observed
157,2025W06,2025-02-08,5,0,al,Alabama,660.0,1,0,observed
158,2025W07,2025-02-15,6,0,al,Alabama,415.0,1,0,observed
159,2025W08,2025-02-22,7,0,al,Alabama,286.0,1,0,observed
160,2025W09,2025-03-01,8,0,al,Alabama,329.0,1,0,observed
161,2025W10,2025-03-08,9,0,al,Alabama,314.0,1,0,observed
162,2025W11,2025-03-15,10,0,al,Alabama,272.0,1,0,observed
163,2025W12,2025-03-22,11,0,al,Alabama,192.0,1,0,observed
164,2025W13,2025-03-29,12,0,al,Alabama,169.0,1,0,observed
165,2025W14,2025-04-05,13,0,al,Alabama,85.0,1,0,observed
166,2025W15,2025-04-12,14,0,al,Alabama,54.0,1,0,observed
167,2025W16,2025-04-19,15,0,al,Alabama,49.0,1,0,observed
168,2025W17,2025-04-26,16,0,al,Alabama,35.0,1,0,observed
169,2025W18,2025-05-03,17,0,al,Alabama,27.0,1,0,observed
170,2025W19,2025-05-10,18,0,al,Alabama,33.0,1,0,observed
171,2025W20,2025-05-17,19,0,al,Alabama,37.0,1,0,observed
172,2025W21,2025-05-24,20,0,al,Alabama,28.0,1,0,observed
173,2025W22,2025-05-31,21,0,al,Alabama,11.0,1,0,observed
174,2025W23,2025-06-07,22,0,al,Alabama,14.0,1,0,observed
175,2025W24,2025-06-14,23,0,al,Alabama,18.0,1,0,observed
176,2025W25,2025-06-21,24,0,al,Alabama,22.0,1,0,observed
177,2025W26,2025-06-28,25,0,al,Alabama,27.0,1,0,observed
178,2025W27,2025-07-05,26,0,al,Alabama,15.0,1,0,observed
179,2025W28,2025-07-12,27,0,al,Alabama,11.0,1,0,observed
180,2025W29,2025-07-19,28,0,al,Alabama,13.0,1,0,observed
181,2025W30,2025-07-26,29,0,al,Alabama,16.0,1,0,observed
182,2025W31,2025-08-02,30,0,al,Alabama,19.0,1,0,observed
183,2025W32,2025-08-09,31,0,al,Alabama,17.0,1,0,observed
184,2025W33,2025-08-16,32,0,al,Alabama,27.0,1,0,observed
185,2025W34,2025-08-23,33,0,al,Alabama,24.0,1,0,observed
186,2025W35,2025-08-30,34,0,al,Alabama,29.0,1,0,observed
187,2025W36,2025-09-06,35,0,al,Alabama,23.0,1,0,observed
188,2025W37,2025-09-13,36,0,al,Alabama,31.0,1,0,observed
189,2025W38,2025-09-20,37,0,al,Alabama,15.0,1,0,observed
190,2025W39,2025-09-27,38,0,al,Alabama,18.0,1,0,observed
191,2025W40,2025-10-04,39,0,al,Alabama,21.0,1,0,observed
192,2025W41,2025-10-11,40,0,al,Alabama,14.0,1,0,observed
193,2025W42,2025-10-18,41,0,al,Alabama,12.0,1,0,observed
194,2025W43,2025-10-25,42,0,al,Alabama,11.0,1,0,observed
195,2025W44,2025-11-01,43,0,al,Alabama,15.0,1,0,observed
196,2025W45,2025-11-08,44,0,al,Alabama,18.0,1,0,observed
197,2025W46,2025-11-15,45,0,al,Alabama,31.0,1,0,observed
198,2025W47,2025-11-22,46,0,al,Alabama,37.0,1,0,observed
199,2025W48,2025-11-29,47,0,al,Alabama,46.0,1,0,observed
200,2025W49,2025-12-06,48,0,al,Alabama,67.0,1,0,observed
201,2025W50,2025-12-13,49,0,al,Alabama,104.0,1,0,observed
202,2025W51,2025-12-20,50,0,al,Alabama,275.0,1,0,observed
203,2025W52,2025-12-27,51,0,al,Alabama,498.0,1,0,observed
204,2026W01,2026-01-03,0,0,al,Alabama,501.0,1,0,observed
205,2026W02,2026-01-10,1,0,al,Alabama,316.0,1,0,observed
206,2026W03,2026-01-17,2,0,al,Alabama,206.0,1,0,observed
207,2026W04,2026-01-24,3,0,al,Alabama,250.0,1,0,observed
208,2026W05,2026-01-31,4,0,al,Alabama,262.0,1,0,observed
209,2026W06,2026-02-07,5,0,al,Alabama,355.0,1,0,observed
210,2026W07,2026-02-14,6,0,al,Alabama,437.0,1,0,observed
211,2026W08,2026-02-21,7,0,al,Alabama,333.0,1,0,observed
212,2026W09,2026-02-28,8,0,al,Alabama,180.0,1,0,observed
213,2026W10,2026-03-07,9,0,al,Alabama,145.0,1,0,observed
214,2026W11,2026-03-14,10,0,al,Alabama,105.0,1,0,observed
215,2026W12,2026-03-21,11,0,al,Alabama,58.0,1,0,observed
216,2026W13,2026-03-28,12,0,al,Alabama,45.0,1,0,observed
217,2026W14,2026-04-04,13,0,al,Alabama,30.0,1,0,observed
218,2026W15,2026-04-11,14,0,al,Alabama,33.0,1,0,observed
219,2026W16,2026-04-18,15,0,al,Alabama,22.0,1,0,observed
0,2022W05,2022-02-05,4,1,ak,Alaska,1.0,1,0,observed
1,2022W06,2022-02-12,5,1,ak,Alaska,0.0,1,0,observed
2,2022W07,2022-02-19,6,1,ak,Alaska,0.0,1,0,observed
3,2022W08,2022-02-26,7,1,ak,Alaska,1.0,1,0,observed
4,2022W09,2022-03-05,8,1,ak,Alaska,0.0,1,0,observed
5,2022W10,2022-03-12,9,1,ak,Alaska,2.0,1,0,observed
6,2022W11,2022-03-19,10,1,ak,Alaska,1.0,1,0,observed
7,2022W12,2022-03-26,11,1,ak,Alaska,3.0,1,0,observed
8,2022W13,2022-04-02,12,1,ak,Alaska,0.0,1,0,observed
9,2022W14,2022-04-09,13,1,ak,Alaska,2.0,1,0,observed
10,2022W15,2022-04-16,14,1,ak,Alaska,1.0,1,0,observed
11,2022W16,2022-04-23,15,1,ak,Alaska,2.0,1,0,observed
12,2022W17,2022-04-30,16,1,ak,Alaska,1.0,1,0,observed
13,2022W18,2022-05-07,17,1,ak,Alaska,6.0,1,0,observed
14,2022W19,2022-05-14,18,1,ak,Alaska,3.0,1,0,observed
15,2022W20,2022-05-21,19,1,ak,Alaska,18.0,1,0,observed
16,2022W21,2022-05-28,20,1,ak,Alaska,4.0,1,0,observed
17,2022W22,2022-06-04,21,1,ak,Alaska,2.0,1,0,observed
18,2022W23,2022-06-11,22,1,ak,Alaska,6.0,1,0,observed
19,2022W24,2022-06-18,23,1,ak,Alaska,1.0,1,0,observed
20,2022W25,2022-06-25,24,1,ak,Alaska,3.0,1,0,observed
21,2022W26,2022-07-02,25,1,ak,Alaska,2.0,1,0,observed
22,2022W27,2022-07-09,26,1,ak,Alaska,3.0,1,0,observed
23,2022W28,2022-07-16,27,1,ak,Alaska,0.0,1,0,observed
24,2022W29,2022-07-23,28,1,ak,Alaska,0.0,1,0,observed
25,2022W30,2022-07-30,29,1,ak,Alaska,0.0,1,0,observed
26,2022W31,2022-08-06,30,1,ak,Alaska,0.0,1,0,observed
27,2022W32,2022-08-13,31,1,ak,Alaska,1.0,1,0,observed
28,2022W33,2022-08-20,32,1,ak,Alaska,1.0,1,0,observed
29,2022W34,2022-08-27,33,1,ak,Alaska,1.0,1,0,observed
30,2022W35,2022-09-03,34,1,ak,Alaska,0.0,1,0,observed
31,2022W36,2022-09-10,35,1,ak,Alaska,5.0,1,0,observed
32,2022W37,2022-09-17,36,1,ak,Alaska,0.0,1,0,observed
33,2022W38,2022-09-24,37,1,ak,Alaska,0.0,1,0,observed
34,2022W39,2022-10-01,38,1,ak,Alaska,2.0,1,0,observed
35,2022W40,2022-10-08,39,1,ak,Alaska,0.0,1,0,observed
36,2022W41,2022-10-15,40,1,ak,Alaska,5.0,1,0,observed
37,2022W42,2022-10-22,41,1,ak,Alaska,1.0,1,0,observed
38,2022W43,2022-10-29,42,1,ak,Alaska,11.0,1,0,observed
39,2022W44,2022-11-05,43,1,ak,Alaska,15.0,1,0,observed
40,2022W45,2022-11-12,44,1,ak,Alaska,14.0,1,0,observed
41,2022W46,2022-11-19,45,1,ak,Alaska,36.0,1,0,observed
42,2022W47,2022-11-26,46,1,ak,Alaska,65.0,1,0,observed
43,2022W48,2022-12-03,47,1,ak,Alaska,53.0,1,0,observed
44,2022W49,2022-12-10,48,1,ak,Alaska,73.0,1,0,observed
45,2022W50,2022-12-17,49,1,ak,Alaska,51.0,1,0,observed
46,2022W51,2022-12-24,50,1,ak,Alaska,43.0,1,0,observed
47,2022W52,2022-12-31,51,1,ak,Alaska,43.0,1,0,observed
48,2023W01,2023-01-07,0,1,ak,Alaska,32.0,1,0,observed
49,2023W02,2023-01-14,1,1,ak,Alaska,7.0,1,0,observed
50,2023W03,2023-01-21,2,1,ak,Alaska,7.0,1,0,observed
51,2023W04,2023-01-28,3,1,ak,Alaska,5.0,1,0,observed
52,2023W05,2023-02-04,4,1,ak,Alaska,3.0,1,0,observed
53,2023W06,2023-02-11,5,1,ak,Alaska,1.0,1,0,observed
54,2023W07,2023-02-18,6,1,ak,Alaska,2.0,1,0,observed
55,2023W08,2023-02-25,7,1,ak,Alaska,5.0,1,0,observed
56,2023W09,2023-03-04,8,1,ak,Alaska,2.0,1,0,observed
57,2023W10,2023-03-11,9,1,ak,Alaska,4.0,1,0,observed
58,2023W11,2023-03-18,10,1,ak,Alaska,1.0,1,0,observed
59,2023W12,2023-03-25,11,1,ak,Alaska,3.0,1,0,observed
60,2023W13,2023-04-01,12,1,ak,Alaska,1.0,1,0,observed
61,2023W14,2023-04-08,13,1,ak,Alaska,2.0,1,0,observed
62,2023W15,2023-04-15,14,1,ak,Alaska,2.0,1,0,observed
63,2023W16,2023-04-22,15,1,ak,Alaska,1.0,1,0,observed
64,2023W17,2023-04-29,16,1,ak,Alaska,0.0,1,0,observed
65,2023W18,2023-05-06,17,1,ak,Alaska,5.0,1,0,observed
66,2023W19,2023-05-13,18,1,ak,Alaska,1.0,1,0,observed
67,2023W20,2023-05-20,19,1,ak,Alaska,0.0,1,0,observed
68,2023W21,2023-05-27,20,1,ak,Alaska,0.0,1,0,observed
69,2023W22,2023-06-03,21,1,ak,Alaska,3.0,1,0,observed
70,2023W23,2023-06-10,22,1,ak,Alaska,2.0,1,0,observed
71,2023W24,2023-06-17,23,1,ak,Alaska,6.0,1,0,observed
72,2023W25,2023-06-24,24,1,ak,Alaska,0.0,1,0,observed
73,2023W26,2023-07-01,25,1,ak,Alaska,4.0,1,0,observed
74,2023W27,2023-07-08,26,1,ak,Alaska,2.0,1,0,observed
75,2023W28,2023-07-15,27,1,ak,Alaska,2.0,1,0,observed
76,2023W29,2023-07-22,28,1,ak,Alaska,1.0,1,0,observed
77,2023W30,2023-07-29,29,1,ak,Alaska,0.0,1,0,observed
78,2023W31,2023-08-05,30,1,ak,Alaska,2.0,1,0,observed
79,2023W32,2023-08-12,31,1,ak,Alaska,1.0,1,0,observed
80,2023W33,2023-08-19,32,1,ak,Alaska,2.0,1,0,observed
81,2023W34,2023-08-26,33,1,ak,Alaska,0.0,1,0,observed
82,2023W35,2023-09-02,34,1,ak,Alaska,2.0,1,0,observed
83,2023W36,2023-09-09,35,1,ak,Alaska,2.0,1,0,observed
84,2023W37,2023-09-16,36,1,ak,Alaska,5.0,1,0,observed
85,2023W38,2023-09-23,37,1,ak,Alaska,6.0,1,0,observed
86,2023W39,2023-09-30,38,1,ak,Alaska,7.0,1,0,observed
87,2023W40,2023-10-07,39,1,ak,Alaska,10.0,1,0,observed
88,2023W41,2023-10-14,40,1,ak,Alaska,14.0,1,0,observed
89,2023W42,2023-10-21,41,1,ak,Alaska,21.0,1,0,observed
90,2023W43,2023-10-28,42,1,ak,Alaska,30.0,1,0,observed
91,2023W44,2023-11-04,43,1,ak,Alaska,33.0,1,0,observed
92,2023W45,2023-11-11,44,1,ak,Alaska,39.0,1,0,observed
93,2023W46,2023-11-18,45,1,ak,Alaska,17.0,1,0,observed
94,2023W47,2023-11-25,46,1,ak,Alaska,14.0,1,0,observed
95,2023W48,2023-12-02,47,1,ak,Alaska,15.0,1,0,observed
96,2023W49,2023-12-09,48,1,ak,Alaska,14.0,1,0,observed
97,2023W50,2023-12-16,49,1,ak,Alaska,4.0,1,0,observed
98,2023W51,2023-12-23,50,1,ak,Alaska,5.0,1,0,observed
99,2023W52,2023-12-30,51,1,ak,Alaska,4.0,1,0,observed
100,2024W01,2024-01-06,0,1,ak,Alaska,5.0,1,0,observed
101,2024W02,2024-01-13,1,1,ak,Alaska,6.0,1,0,observed
102,2024W03,2024-01-20,2,1,ak,Alaska,9.0,1,0,observed
103,2024W04,2024-01-27,3,1,ak,Alaska,7.0,1,0,observed
104,2024W05,2024-02-03,4,1,ak,Alaska,8.0,1,0,observed
105,2024W06,2024-02-10,5,1,ak,Alaska,11.0,1,0,observed
106,2024W07,2024-02-17,6,1,ak,Alaska,2.0,1,0,observed
107,2024W08,2024-02-24,7,1,ak,Alaska,4.0,1,0,observed
108,2024W09,2024-03-02,8,1,ak,Alaska,11.0,1,0,observed
109,2024W10,2024-03-09,9,1,ak,Alaska,5.0,1,0,observed
110,2024W11,2024-03-16,10,1,ak,Alaska,9.0,1,0,observed
111,2024W12,2024-03-23,11,1,ak,Alaska,10.0,1,0,observed
112,2024W13,2024-03-30,12,1,ak,Alaska,8.0,1,0,observed
113,2024W14,2024-04-06,13,1,ak,Alaska,7.0,1,0,observed
114,2024W15,2024-04-13,14,1,ak,Alaska,4.0,1,0,observed
115,2024W16,2024-04-20,15,1,ak,Alaska,2.0,1,0,observed
116,2024W17,2024-04-27,16,1,ak,Alaska,5.0,1,0,observed
117,2024W18,2024-05-04,17,1,ak,Alaska,3.0,1,0,observed
118,2024W19,2024-05-11,18,1,ak,Alaska,6.0,1,0,observed
119,2024W20,2024-05-18,19,1,ak,Alaska,1.0,1,0,observed
120,2024W21,2024-05-25,20,1,ak,Alaska,2.0,1,0,observed
121,2024W22,2024-06-01,21,1,ak,Alaska,3.0,1,0,observed
122,2024W23,2024-06-08,22,1,ak,Alaska,3.0,1,0,observed
123,2024W24,2024-06-15,23,1,ak,Alaska,3.0,1,0,observed
124,2024W25,2024-06-22,24,1,ak,Alaska,6.0,1,0,observed
125,2024W26,2024-06-29,25,1,ak,Alaska,3.0,1,0,observed
126,2024W27,2024-07-06,26,1,ak,Alaska,1.0,1,0,observed
127,2024W28,2024-07-13,27,1,ak,Alaska,1.0,1,0,observed
128,2024W29,2024-07-20,28,1,ak,Alaska,3.0,1,0,observed
129,2024W30,2024-07-27,29,1,ak,Alaska,1.0,1,0,observed
130,2024W31,2024-08-03,30,1,ak,Alaska,0.0,1,0,observed
131,2024W32,2024-08-10,31,1,ak,Alaska,0.0,1,0,observed
132,2024W33,2024-08-17,32,1,ak,Alaska,4.0,1,0,observed
133,2024W34,2024-08-24,33,1,ak,Alaska,0.0,1,0,observed
134,2024W35,2024-08-31,34,1,ak,Alaska,0.0,1,0,observed
135,2024W36,2024-09-07,35,1,ak,Alaska,1.0,1,0,observed
136,2024W37,2024-09-14,36,1,ak,Alaska,2.0,1,0,observed
137,2024W38,2024-09-21,37,1,ak,Alaska,3.0,1,0,observed
138,2024W39,2024-09-28,38,1,ak,Alaska,0.0,1,0,observed
139,2024W40,2024-10-05,39,1,ak,Alaska,1.0,1,0,observed
140,2024W41,2024-10-12,40,1,ak,Alaska,1.0,1,0,observed
141,2024W42,2024-10-19,41,1,ak,Alaska,1.0,1,0,observed
142,2024W43,2024-10-26,42,1,ak,Alaska,3.0,1,0,observed
143,2024W44,2024-11-02,43,1,ak,Alaska,8.0,1,0,observed
144,2024W45,2024-11-09,44,1,ak,Alaska,6.0,1,0,observed
145,2024W46,2024-11-16,45,1,ak,Alaska,9.0,1,0,observed
146,2024W47,2024-11-23,46,1,ak,Alaska,7.0,1,0,observed
147,2024W48,2024-11-30,47,1,ak,Alaska,10.0,1,0,observed
148,2024W49,2024-12-07,48,1,ak,Alaska,18.0,1,0,observed
149,2024W50,2024-12-14,49,1,ak,Alaska,27.0,1,0,observed
150,2024W51,2024-12-21,50,1,ak,Alaska,22.0,1,0,observed
151,2024W52,2024-12-28,51,1,ak,Alaska,35.0,1,0,observed
152,2025W01,2025-01-04,0,1,ak,Alaska,64.0,1,0,observed
153,2025W02,2025-01-11,1,1,ak,Alaska,45.0,1,0,observed
154,2025W03,2025-01-18,2,1,ak,Alaska,33.0,1,0,observed
155,2025W04,2025-01-25,3,1,ak,Alaska,29.0,1,0,observed
156,2025W05,2025-02-01,4,1,ak,Alaska,30.0,1,0,observed
157,2025W06,2025-02-08,5,1,ak,Alaska,26.0,1,0,observed
158,2025W07,2025-02-15,6,1,ak,Alaska,53.0,1,0,observed
159,2025W08,2025-02-22,7,1,ak,Alaska,52.0,1,0,observed
160,2025W09,2025-03-01,8,1,ak,Alaska,57.0,1,0,observed
161,2025W10,2025-03-08,9,1,ak,Alaska,62.0,1,0,observed
162,2025W11,2025-03-15,10,1,ak,Alaska,31.0,1,0,observed
163,2025W12,2025-03-22,11,1,ak,Alaska,26.0,1,0,observed
164,2025W13,2025-03-29,12,1,ak,Alaska,32.0,1,0,observed
165,2025W14,2025-04-05,13,1,ak,Alaska,17.0,1,0,observed
166,2025W15,2025-04-12,14,1,ak,Alaska,16.0,1,0,observed
167,2025W16,2025-04-19,15,1,ak,Alaska,12.0,1,0,observed
168,2025W17,2025-04-26,16,1,ak,Alaska,9.0,1,0,observed
169,2025W18,2025-05-03,17,1,ak,Alaska,9.0,1,0,observed
170,2025W19,2025-05-10,18,1,ak,Alaska,5.0,1,0,observed
171,2025W20,2025-05-17,19,1,ak,Alaska,6.0,1,0,observed
172,2025W21,2025-05-24,20,1,ak,Alaska,10.0,1,0,observed
173,2025W22,2025-05-31,21,1,ak,Alaska,8.0,1,0,observed
174,2025W23,2025-06-07,22,1,ak,Alaska,11.0,1,0,observed
175,2025W24,2025-06-14,23,1,ak,Alaska,11.0,1,0,observed
176,2025W25,2025-06-21,24,1,ak,Alaska,17.0,1,0,observed
177,2025W26,2025-06-28,25,1,ak,Alaska,5.0,1,0,observed
178,2025W27,2025-07-05,26,1,ak,Alaska,4.0,1,0,observed
179,2025W28,2025-07-12,27,1,ak,Alaska,2.0,1,0,observed
180,2025W29,2025-07-19,28,1,ak,Alaska,6.0,1,0,observed
181,2025W30,2025-07-26,29,1,ak,Alaska,4.0,1,0,observed
182,2025W31,2025-08-02,30,1,ak,Alaska,2.0,1,0,observed
183,2025W32,2025-08-09,31,1,ak,Alaska,2.0,1,0,observed
184,2025W33,2025-08-16,32,1,ak,Alaska,4.0,1,0,observed
185,2025W34,2025-08-23,33,1,ak,Alaska,2.0,1,0,observed
186,2025W35,2025-08-30,34,1,ak,Alaska,2.0,1,0,observed
187,2025W36,2025-09-06,35,1,ak,Alaska,3.0,1,0,observed
188,2025W37,2025-09-13,36,1,ak,Alaska,12.0,1,0,observed
189,2025W38,2025-09-20,37,1,ak,Alaska,1.0,1,0,observed
190,2025W39,2025-09-27,38,1,ak,Alaska,1.0,1,0,observed
191,2025W40,2025-10-04,39,1,ak,Alaska,2.0,1,0,observed
192,2025W41,2025-10-11,40,1,ak,Alaska,0.0,1,0,observed
193,2025W42,2025-10-18,41,1,ak,Alaska,0.0,1,0,observed
194,2025W43,2025-10-25,42,1,ak,Alaska,1.0,1,0,observed
195,2025W44,2025-11-01,43,1,ak,Alaska,0.0,1,0,observed
196,2025W45,2025-11-08,44,1,ak,Alaska,3.0,1,0,observed
197,2025W46,2025-11-15,45,1,ak,Alaska,0.0,1,0,observed
198,2025W47,2025-11-22,46,1,ak,Alaska,3.0,1,0,observed
199,2025W48,2025-11-29,47,1,ak,Alaska,8.0,1,0,observed
200,2025W49,2025-12-06,48,1,ak,Alaska,13.0,1,0,observed
201,2025W50,2025-12-13,49,1,ak,Alaska,13.0,1,0,observed
202,2025W51,2025-12-20,50,1,ak,Alaska,45.0,1,0,observed
203,2025W52,2025-12-27,51,1,ak,Alaska,86.0,1,0,observed
204,2026W01,2026-01-03,0,1,ak,Alaska,75.0,1,0,observed
205,2026W02,2026-01-10,1,1,ak,Alaska,46.0,1,0,observed
206,2026W03,2026-01-17,2,1,ak,Alaska,38.0,1,0,observed
207,2026W04,2026-01-24,3,1,ak,Alaska,26.0,1,0,observed
208,2026W05,2026-01-31,4,1,ak,Alaska,28.0,1,0,observed
209,2026W06,2026-02-07,5,1,ak,Alaska,16.0,1,0,observed
210,2026W07,2026-02-14,6,1,ak,Alaska,12.0,1,0,observed
211,2026W08,2026-02-21,7,1,ak,Alaska,8.0,1,0,observed
212,2026W09,2026-02-28,8,1,ak,Alaska,3.0,1,0,observed
213,2026W10,2026-03-07,9,1,ak,Alaska,15.0,1,0,observed
214,2026W11,2026-03-14,10,1,ak,Alaska,10.0,1,0,observed
215,2026W12,2026-03-21,11,1,ak,Alaska,9.0,1,0,observed
216,2026W13,2026-03-28,12,1,ak,Alaska,9.0,1,0,observed
217,2026W14,2026-04-04,13,1,ak,Alaska,7.0,1,0,observed
218,2026W15,2026-04-11,14,1,ak,Alaska,8.0,1,0,observed
219,2026W16,2026-04-18,15,1,ak,Alaska,1.0,1,0,observed
0,2022W05,2022-02-05,4,2,az,Arizona,35.0,1,0,observed
1,2022W06,2022-02-12,5,2,az,Arizona,53.0,1,0,observed
2,2022W07,2022-02-19,6,2,az,Arizona,56.0,1,0,observed
3,2022W08,2022-02-26,7,2,az,Arizona,80.0,1,0,observed
4,2022W09,2022-03-05,8,2,az,Arizona,80.0,1,0,observed
5,2022W10,2022-03-12,9,2,az,Arizona,79.0,1,0,observed
6,2022W11,2022-03-19,10,2,az,Arizona,104.0,1,0,observed
7,2022W12,2022-03-26,11,2,az,Arizona,120.0,1,0,observed
8,2022W13,2022-04-02,12,2,az,Arizona,99.0,1,0,observed
9,2022W14,2022-04-09,13,2,az,Arizona,116.0,1,0,observed
10,2022W15,2022-04-16,14,2,az,Arizona,93.0,1,0,observed
11,2022W16,2022-04-23,15,2,az,Arizona,131.0,1,0,observed
12,2022W17,2022-04-30,16,2,az,Arizona,156.0,1,0,observed
13,2022W18,2022-05-07,17,2,az,Arizona,170.0,1,0,observed
14,2022W19,2022-05-14,18,2,az,Arizona,194.0,1,0,observed
15,2022W20,2022-05-21,19,2,az,Arizona,225.0,1,0,observed
16,2022W21,2022-05-28,20,2,az,Arizona,199.0,1,0,observed
17,2022W22,2022-06-04,21,2,az,Arizona,209.0,1,0,observed
18,2022W23,2022-06-11,22,2,az,Arizona,93.0,1,0,observed
19,2022W24,2022-06-18,23,2,az,Arizona,55.0,1,0,observed
20,2022W25,2022-06-25,24,2,az,Arizona,35.0,1,0,observed
21,2022W26,2022-07-02,25,2,az,Arizona,16.0,1,0,observed
22,2022W27,2022-07-09,26,2,az,Arizona,14.0,1,0,observed
23,2022W28,2022-07-16,27,2,az,Arizona,9.0,1,0,observed
24,2022W29,2022-07-23,28,2,az,Arizona,13.0,1,0,observed
25,2022W30,2022-07-30,29,2,az,Arizona,15.0,1,0,observed
26,2022W31,2022-08-06,30,2,az,Arizona,5.0,1,0,observed
27,2022W32,2022-08-13,31,2,az,Arizona,8.0,1,0,observed
28,2022W33,2022-08-20,32,2,az,Arizona,14.0,1,0,observed
29,2022W34,2022-08-27,33,2,az,Arizona,16.0,1,0,observed
30,2022W35,2022-09-03,34,2,az,Arizona,14.0,1,0,observed
31,2022W36,2022-09-10,35,2,az,Arizona,4.0,1,0,observed
32,2022W37,2022-09-17,36,2,az,Arizona,7.0,1,0,observed
33,2022W38,2022-09-24,37,2,az,Arizona,9.0,1,0,observed
34,2022W39,2022-10-01,38,2,az,Arizona,10.0,1,0,observed
35,2022W40,2022-10-08,39,2,az,Arizona,13.0,1,0,observed
36,2022W41,2022-10-15,40,2,az,Arizona,11.0,1,0,observed
37,2022W42,2022-10-22,41,2,az,Arizona,24.0,1,0,observed
38,2022W43,2022-10-29,42,2,az,Arizona,26.0,1,0,observed
39,2022W44,2022-11-05,43,2,az,Arizona,79.0,1,0,observed
40,2022W45,2022-11-12,44,2,az,Arizona,134.0,1,0,observed
41,2022W46,2022-11-19,45,2,az,Arizona,308.0,1,0,observed
42,2022W47,2022-11-26,46,2,az,Arizona,570.0,1,0,observed
43,2022W48,2022-12-03,47,2,az,Arizona,799.0,1,0,observed
44,2022W49,2022-12-10,48,2,az,Arizona,779.0,1,0,observed
45,2022W50,2022-12-17,49,2,az,Arizona,568.0,1,0,observed
46,2022W51,2022-12-24,50,2,az,Arizona,580.0,1,0,observed
47,2022W52,2022-12-31,51,2,az,Arizona,656.0,1,0,observed
48,2023W01,2023-01-07,0,2,az,Arizona,386.0,1,0,observed
49,2023W02,2023-01-14,1,2,az,Arizona,163.0,1,0,observed
50,2023W03,2023-01-21,2,2,az,Arizona,118.0,1,0,observed
51,2023W04,2023-01-28,3,2,az,Arizona,57.0,1,0,observed
52,2023W05,2023-02-04,4,2,az,Arizona,62.0,1,0,observed
53,2023W06,2023-02-11,5,2,az,Arizona,56.0,1,0,observed
54,2023W07,2023-02-18,6,2,az,Arizona,38.0,1,0,observed
55,2023W08,2023-02-25,7,2,az,Arizona,43.0,1,0,observed
56,2023W09,2023-03-04,8,2,az,Arizona,49.0,1,0,observed
57,2023W10,2023-03-11,9,2,az,Arizona,43.0,1,0,observed
58,2023W11,2023-03-18,10,2,az,Arizona,55.0,1,0,observed
59,2023W12,2023-03-25,11,2,az,Arizona,36.0,1,0,observed
60,2023W13,2023-04-01,12,2,az,Arizona,23.0,1,0,observed
61,2023W14,2023-04-08,13,2,az,Arizona,40.0,1,0,observed
62,2023W15,2023-04-15,14,2,az,Arizona,46.0,1,0,observed
63,2023W16,2023-04-22,15,2,az,Arizona,37.0,1,0,observed
64,2023W17,2023-04-29,16,2,az,Arizona,41.0,1,0,observed
65,2023W18,2023-05-06,17,2,az,Arizona,34.0,1,0,observed
66,2023W19,2023-05-13,18,2,az,Arizona,55.0,1,0,observed
67,2023W20,2023-05-20,19,2,az,Arizona,55.0,1,0,observed
68,2023W21,2023-05-27,20,2,az,Arizona,65.0,1,0,observed
69,2023W22,2023-06-03,21,2,az,Arizona,65.0,1,0,observed
70,2023W23,2023-06-10,22,2,az,Arizona,61.0,1,0,observed
71,2023W24,2023-06-17,23,2,az,Arizona,50.0,1,0,observed
72,2023W25,2023-06-24,24,2,az,Arizona,48.0,1,0,observed
73,2023W26,2023-07-01,25,2,az,Arizona,29.0,1,0,observed
74,2023W27,2023-07-08,26,2,az,Arizona,34.0,1,0,observed
75,2023W28,2023-07-15,27,2,az,Arizona,28.0,1,0,observed
76,2023W29,2023-07-22,28,2,az,Arizona,13.0,1,0,observed
77,2023W30,2023-07-29,29,2,az,Arizona,15.0,1,0,observed
78,2023W31,2023-08-05,30,2,az,Arizona,11.0,1,0,observed
79,2023W32,2023-08-12,31,2,az,Arizona,9.0,1,0,observed
80,2023W33,2023-08-19,32,2,az,Arizona,6.0,1,0,observed
81,2023W34,2023-08-26,33,2,az,Arizona,17.0,1,0,observed
82,2023W35,2023-09-02,34,2,az,Arizona,13.0,1,0,observed
83,2023W36,2023-09-09,35,2,az,Arizona,8.0,1,0,observed
84,2023W37,2023-09-16,36,2,az,Arizona,10.0,1,0,observed
85,2023W38,2023-09-23,37,2,az,Arizona,8.0,1,0,observed
86,2023W39,2023-09-30,38,2,az,Arizona,21.0,1,0,observed
87,2023W40,2023-10-07,39,2,az,Arizona,16.0,1,0,observed
88,2023W41,2023-10-14,40,2,az,Arizona,21.0,1,0,observed
89,2023W42,2023-10-21,41,2,az,Arizona,52.0,1,0,observed
90,2023W43,2023-10-28,42,2,az,Arizona,49.0,1,0,observed
91,2023W44,2023-11-04,43,2,az,Arizona,51.0,1,0,observed
92,2023W45,2023-11-11,44,2,az,Arizona,132.0,1,0,observed
93,2023W46,2023-11-18,45,2,az,Arizona,187.0,1,0,observed
94,2023W47,2023-11-25,46,2,az,Arizona,209.0,1,0,observed
95,2023W48,2023-12-02,47,2,az,Arizona,276.0,1,0,observed
96,2023W49,2023-12-09,48,2,az,Arizona,388.0,1,0,observed
97,2023W50,2023-12-16,49,2,az,Arizona,602.0,1,0,observed
98,2023W51,2023-12-23,50,2,az,Arizona,946.0,1,0,observed
99,2023W52,2023-12-30,51,2,az,Arizona,1106.0,1,0,observed
100,2024W01,2024-01-06,0,2,az,Arizona,907.0,1,0,observed
101,2024W02,2024-01-13,1,2,az,Arizona,716.0,1,0,observed
102,2024W03,2024-01-20,2,2,az,Arizona,682.0,1,0,observed
103,2024W04,2024-01-27,3,2,az,Arizona,616.0,1,0,observed
104,2024W05,2024-02-03,4,2,az,Arizona,343.0,1,0,observed
105,2024W06,2024-02-10,5,2,az,Arizona,183.0,1,0,observed
106,2024W07,2024-02-17,6,2,az,Arizona,204.0,1,0,observed
107,2024W08,2024-02-24,7,2,az,Arizona,204.0,1,0,observed
108,2024W09,2024-03-02,8,2,az,Arizona,182.0,1,0,observed
109,2024W10,2024-03-09,9,2,az,Arizona,125.0,1,0,observed
110,2024W11,2024-03-16,10,2,az,Arizona,134.0,1,0,observed
111,2024W12,2024-03-23,11,2,az,Arizona,106.0,1,0,observed
112,2024W13,2024-03-30,12,2,az,Arizona,97.0,1,0,observed
113,2024W14,2024-04-06,13,2,az,Arizona,81.0,1,0,observed
114,2024W15,2024-04-13,14,2,az,Arizona,85.0,1,0,observed
115,2024W16,2024-04-20,15,2,az,Arizona,79.0,1,0,observed
116,2024W17,2024-04-27,16,2,az,Arizona,105.0,1,0,observed
117,2024W18,2024-05-04,17,2,az,Arizona,75.0,1,0,observed
118,2024W19,2024-05-11,18,2,az,Arizona,73.0,1,0,observed
119,2024W20,2024-05-18,19,2,az,Arizona,66.0,1,0,observed
120,2024W21,2024-05-25,20,2,az,Arizona,66.0,1,0,observed
121,2024W22,2024-06-01,21,2,az,Arizona,68.0,1,0,observed
122,2024W23,2024-06-08,22,2,az,Arizona,53.0,1,0,observed
123,2024W24,2024-06-15,23,2,az,Arizona,69.0,1,0,observed
124,2024W25,2024-06-22,24,2,az,Arizona,44.0,1,0,observed
125,2024W26,2024-06-29,25,2,az,Arizona,23.0,1,0,observed
126,2024W27,2024-07-06,26,2,az,Arizona,29.0,1,0,observed
127,2024W28,2024-07-13,27,2,az,Arizona,29.0,1,0,observed
128,2024W29,2024-07-20,28,2,az,Arizona,16.0,1,0,observed
129,2024W30,2024-07-27,29,2,az,Arizona,12.0,1,0,observed
130,2024W31,2024-08-03,30,2,az,Arizona,10.0,1,0,observed
131,2024W32,2024-08-10,31,2,az,Arizona,25.0,1,0,observed
132,2024W33,2024-08-17,32,2,az,Arizona,17.0,1,0,observed
133,2024W34,2024-08-24,33,2,az,Arizona,25.0,1,0,observed
134,2024W35,2024-08-31,34,2,az,Arizona,26.0,1,0,observed
135,2024W36,2024-09-07,35,2,az,Arizona,14.0,1,0,observed
136,2024W37,2024-09-14,36,2,az,Arizona,24.0,1,0,observed
137,2024W38,2024-09-21,37,2,az,Arizona,18.0,1,0,observed
138,2024W39,2024-09-28,38,2,az,Arizona,14.0,1,0,observed
139,2024W40,2024-10-05,39,2,az,Arizona,40.0,1,0,observed
140,2024W41,2024-10-12,40,2,az,Arizona,4.0,1,0,observed
141,2024W42,2024-10-19,41,2,az,Arizona,14.0,1,0,observed
142,2024W43,2024-10-26,42,2,az,Arizona,187.0,1,0,observed
143,2024W44,2024-11-02,43,2,az,Arizona,141.0,1,0,observed
144,2024W45,2024-11-09,44,2,az,Arizona,272.0,1,0,observed
145,2024W46,2024-11-16,45,2,az,Arizona,356.0,1,0,observed
146,2024W47,2024-11-23,46,2,az,Arizona,488.0,1,0,observed
147,2024W48,2024-11-30,47,2,az,Arizona,558.0,1,0,observed
148,2024W49,2024-12-07,48,2,az,Arizona,882.0,1,0,observed
149,2024W50,2024-12-14,49,2,az,Arizona,1023.0,1,0,observed
150,2024W51,2024-12-21,50,2,az,Arizona,1534.0,1,0,observed
151,2024W52,2024-12-28,51,2,az,Arizona,2340.0,1,0,observed
152,2025W01,2025-01-04,0,2,az,Arizona,2846.0,1,0,observed
153,2025W02,2025-01-11,1,2,az,Arizona,1483.0,1,0,observed
154,2025W03,2025-01-18,2,2,az,Arizona,1077.0,1,0,observed
155,2025W04,2025-01-25,3,2,az,Arizona,999.0,1,0,observed
156,2025W05,2025-02-01,4,2,az,Arizona,836.0,1,0,observed
157,2025W06,2025-02-08,5,2,az,Arizona,836.0,1,0,observed
158,2025W07,2025-02-15,6,2,az,Arizona,711.0,1,0,observed
159,2025W08,2025-02-22,7,2,az,Arizona,647.0,1,0,observed
160,2025W09,2025-03-01,8,2,az,Arizona,657.0,1,0,observed
161,2025W10,2025-03-08,9,2,az,Arizona,499.0,1,0,observed
162,2025W11,2025-03-15,10,2,az,Arizona,393.0,1,0,observed
163,2025W12,2025-03-22,11,2,az,Arizona,346.0,1,0,observed
164,2025W13,2025-03-29,12,2,az,Arizona,238.0,1,0,observed
165,2025W14,2025-04-05,13,2,az,Arizona,111.0,1,0,observed
166,2025W15,2025-04-12,14,2,az,Arizona,93.0,1,0,observed
167,2025W16,2025-04-19,15,2,az,Arizona,88.0,1,0,observed
168,2025W17,2025-04-26,16,2,az,Arizona,77.0,1,0,observed
169,2025W18,2025-05-03,17,2,az,Arizona,80.0,1,0,observed
170,2025W19,2025-05-10,18,2,az,Arizona,53.0,1,0,observed
171,2025W20,2025-05-17,19,2,az,Arizona,69.0,1,0,observed
172,2025W21,2025-05-24,20,2,az,Arizona,38.0,1,0,observed
173,2025W22,2025-05-31,21,2,az,Arizona,55.0,1,0,observed
174,2025W23,2025-06-07,22,2,az,Arizona,32.0,1,0,observed
175,2025W24,2025-06-14,23,2,az,Arizona,35.0,1,0,observed
176,2025W25,2025-06-21,24,2,az,Arizona,18.0,1,0,observed
177,2025W26,2025-06-28,25,2,az,Arizona,11.0,1,0,observed
178,2025W27,2025-07-05,26,2,az,Arizona,24.0,1,0,observed
179,2025W28,2025-07-12,27,2,az,Arizona,15.0,1,0,observed
180,2025W29,2025-07-19,28,2,az,Arizona,10.0,1,0,observed
181,2025W30,2025-07-26,29,2,az,Arizona,6.0,1,0,observed
182,2025W31,2025-08-02,30,2,az,Arizona,5.0,1,0,observed
183,2025W32,2025-08-09,31,2,az,Arizona,11.0,1,0,observed
184,2025W33,2025-08-16,32,2,az,Arizona,18.0,1,0,observed
185,2025W34,2025-08-23,33,2,az,Arizona,6.0,1,0,observed
186,2025W35,2025-08-30,34,2,az,Arizona,27.0,1,0,observed
187,2025W36,2025-09-06,35,2,az,Arizona,11.0,1,0,observed
188,2025W37,2025-09-13,36,2,az,Arizona,14.0,1,0,observed
189,2025W38,2025-09-20,37,2,az,Arizona,16.0,1,0,observed
190,2025W39,2025-09-27,38,2,az,Arizona,13.0,1,0,observed
191,2025W40,2025-10-04,39,2,az,Arizona,19.0,1,0,observed
192,2025W41,2025-10-11,40,2,az,Arizona,9.0,1,0,observed
193,2025W42,2025-10-18,41,2,az,Arizona,12.0,1,0,observed
194,2025W43,2025-10-25,42,2,az,Arizona,15.0,1,0,observed
195,2025W44,2025-11-01,43,2,az,Arizona,11.0,1,0,observed
196,2025W45,2025-11-08,44,2,az,Arizona,17.0,1,0,observed
197,2025W46,2025-11-15,45,2,az,Arizona,18.0,1,0,observed
198,2025W47,2025-11-22,46,2,az,Arizona,47.0,1,0,observed
199,2025W48,2025-11-29,47,2,az,Arizona,47.0,1,0,observed
200,2025W49,2025-12-06,48,2,az,Arizona,41.0,1,0,observed
201,2025W50,2025-12-13,49,2,az,Arizona,80.0,1,0,observed
202,2025W51,2025-12-20,50,2,az,Arizona,132.0,1,0,observed
203,2025W52,2025-12-27,51,2,az,Arizona,316.0,1,0,observed
204,2026W01,2026-01-03,0,2,az,Arizona,362.0,1,0,observed
205,2026W02,2026-01-10,1,2,az,Arizona,223.0,1,0,observed
206,2026W03,2026-01-17,2,2,az,Arizona,145.0,1,0,observed
207,2026W04,2026-01-24,3,2,az,Arizona,198.0,1,0,observed
208,2026W05,2026-01-31,4,2,az,Arizona,263.0,1,0,observed
209,2026W06,2026-02-07,5,2,az,Arizona,346.0,1,0,observed
210,2026W07,2026-02-14,6,2,az,Arizona,415.0,1,0,observed
211,2026W08,2026-02-21,7,2,az,Arizona,354.0,1,0,observed
212,2026W09,2026-02-28,8,2,az,Arizona,284.0,1,0,observed
213,2026W10,2026-03-07,9,2,az,Arizona,237.0,1,0,observed
214,2026W11,2026-03-14,10,2,az,Arizona,196.0,1,0,observed
215,2026W12,2026-03-21,11,2,az,Arizona,136.0,1,0,observed
216,2026W13,2026-03-28,12,2,az,Arizona,125.0,1,0,observed
217,2026W14,2026-04-04,13,2,az,Arizona,74.0,1,0,observed
218,2026W15,2026-04-11,14,2,az,Arizona,67.0,1,0,observed
219,2026W16,2026-04-18,15,2,az,Arizona,61.0,1,0,observed
0,2022W05,2022-02-05,4,3,ar,Arkansas,16.0,1,0,observed
1,2022W06,2022-02-12,5,3,ar,Arkansas,23.0,1,0,observed
2,2022W07,2022-02-19,6,3,ar,Arkansas,22.0,1,0,observed
3,2022W08,2022-02-26,7,3,ar,Arkansas,37.0,1,0,observed
4,2022W09,2022-03-05,8,3,ar,Arkansas,57.0,1,0,observed
5,2022W10,2022-03-12,9,3,ar,Arkansas,60.0,1,0,observed
6,2022W11,2022-03-19,10,3,ar,Arkansas,62.0,1,0,observed
7,2022W12,2022-03-26,11,3,ar,Arkansas,74.0,1,0,observed
8,2022W13,2022-04-02,12,3,ar,Arkansas,56.0,1,0,observed
9,2022W14,2022-04-09,13,3,ar,Arkansas,74.0,1,0,observed
10,2022W15,2022-04-16,14,3,ar,Arkansas,43.0,1,0,observed
11,2022W16,2022-04-23,15,3,ar,Arkansas,34.0,1,0,observed
12,2022W17,2022-04-30,16,3,ar,Arkansas,33.0,1,0,observed
13,2022W18,2022-05-07,17,3,ar,Arkansas,17.0,1,0,observed
14,2022W19,2022-05-14,18,3,ar,Arkansas,28.0,1,0,observed
15,2022W20,2022-05-21,19,3,ar,Arkansas,15.0,1,0,observed
16,2022W21,2022-05-28,20,3,ar,Arkansas,14.0,1,0,observed
17,2022W22,2022-06-04,21,3,ar,Arkansas,17.0,1,0,observed
18,2022W23,2022-06-11,22,3,ar,Arkansas,19.0,1,0,observed
19,2022W24,2022-06-18,23,3,ar,Arkansas,10.0,1,0,observed
20,2022W25,2022-06-25,24,3,ar,Arkansas,16.0,1,0,observed
21,2022W26,2022-07-02,25,3,ar,Arkansas,8.0,1,0,observed
22,2022W27,2022-07-09,26,3,ar,Arkansas,5.0,1,0,observed
23,2022W28,2022-07-16,27,3,ar,Arkansas,19.0,1,0,observed
24,2022W29,2022-07-23,28,3,ar,Arkansas,10.0,1,0,observed
25,2022W30,2022-07-30,29,3,ar,Arkansas,1.0,1,0,observed
26,2022W31,2022-08-06,30,3,ar,Arkansas,3.0,1,0,observed
27,2022W32,2022-08-13,31,3,ar,Arkansas,7.0,1,0,observed
28,2022W33,2022-08-20,32,3,ar,Arkansas,3.0,1,0,observed
29,2022W34,2022-08-27,33,3,ar,Arkansas,3.0,1,0,observed
30,2022W35,2022-09-03,34,3,ar,Arkansas,6.0,1,0,observed
31,2022W36,2022-09-10,35,3,ar,Arkansas,6.0,1,0,observed
32,2022W37,2022-09-17,36,3,ar,Arkansas,5.0,1,0,observed
33,2022W38,2022-09-24,37,3,ar,Arkansas,7.0,1,0,observed
34,2022W39,2022-10-01,38,3,ar,Arkansas,10.0,1,0,observed
35,2022W40,2022-10-08,39,3,ar,Arkansas,22.0,1,0,observed
36,2022W41,2022-10-15,40,3,ar,Arkansas,37.0,1,0,observed
37,2022W42,2022-10-22,41,3,ar,Arkansas,47.0,1,0,observed
38,2022W43,2022-10-29,42,3,ar,Arkansas,77.0,1,0,observed
39,2022W44,2022-11-05,43,3,ar,Arkansas,134.0,1,0,observed
40,2022W45,2022-11-12,44,3,ar,Arkansas,203.0,1,0,observed
41,2022W46,2022-11-19,45,3,ar,Arkansas,214.0,1,0,observed
42,2022W47,2022-11-26,46,3,ar,Arkansas,407.0,1,0,observed
43,2022W48,2022-12-03,47,3,ar,Arkansas,466.0,1,0,observed
44,2022W49,2022-12-10,48,3,ar,Arkansas,346.0,1,0,observed
45,2022W50,2022-12-17,49,3,ar,Arkansas,251.0,1,0,observed
46,2022W51,2022-12-24,50,3,ar,Arkansas,201.0,1,0,observed
47,2022W52,2022-12-31,51,3,ar,Arkansas,204.0,1,0,observed
48,2023W01,2023-01-07,0,3,ar,Arkansas,158.0,1,0,observed
49,2023W02,2023-01-14,1,3,ar,Arkansas,105.0,1,0,observed
50,2023W03,2023-01-21,2,3,ar,Arkansas,65.0,1,0,observed
51,2023W04,2023-01-28,3,3,ar,Arkansas,44.0,1,0,observed
52,2023W05,2023-02-04,4,3,ar,Arkansas,20.0,1,0,observed
53,2023W06,2023-02-11,5,3,ar,Arkansas,33.0,1,0,observed
54,2023W07,2023-02-18,6,3,ar,Arkansas,25.0,1,0,observed
55,2023W08,2023-02-25,7,3,ar,Arkansas,30.0,1,0,observed
56,2023W09,2023-03-04,8,3,ar,Arkansas,33.0,1,0,observed
57,2023W10,2023-03-11,9,3,ar,Arkansas,23.0,1,0,observed
58,2023W11,2023-03-18,10,3,ar,Arkansas,15.0,1,0,observed
59,2023W12,2023-03-25,11,3,ar,Arkansas,18.0,1,0,observed
60,2023W13,2023-04-01,12,3,ar,Arkansas,27.0,1,0,observed
61,2023W14,2023-04-08,13,3,ar,Arkansas,15.0,1,0,observed
62,2023W15,2023-04-15,14,3,ar,Arkansas,17.0,1,0,observed
63,2023W16,2023-04-22,15,3,ar,Arkansas,8.0,1,0,observed
64,2023W17,2023-04-29,16,3,ar,Arkansas,11.0,1,0,observed
65,2023W18,2023-05-06,17,3,ar,Arkansas,9.0,1,0,observed
66,2023W19,2023-05-13,18,3,ar,Arkansas,12.0,1,0,observed
67,2023W20,2023-05-20,19,3,ar,Arkansas,9.0,1,0,observed
68,2023W21,2023-05-27,20,3,ar,Arkansas,14.0,1,0,observed
69,2023W22,2023-06-03,21,3,ar,Arkansas,6.0,1,0,observed
70,2023W23,2023-06-10,22,3,ar,Arkansas,1.0,1,0,observed
71,2023W24,2023-06-17,23,3,ar,Arkansas,5.0,1,0,observed
72,2023W25,2023-06-24,24,3,ar,Arkansas,12.0,1,0,observed
73,2023W26,2023-07-01,25,3,ar,Arkansas,6.0,1,0,observed
74,2023W27,2023-07-08,26,3,ar,Arkansas,4.0,1,0,observed
75,2023W28,2023-07-15,27,3,ar,Arkansas,8.0,1,0,observed
76,2023W29,2023-07-22,28,3,ar,Arkansas,6.0,1,0,observed
77,2023W30,2023-07-29,29,3,ar,Arkansas,5.0,1,0,observed
78,2023W31,2023-08-05,30,3,ar,Arkansas,11.0,1,0,observed
79,2023W32,2023-08-12,31,3,ar,Arkansas,10.0,1,0,observed
80,2023W33,2023-08-19,32,3,ar,Arkansas,7.0,1,0,observed
81,2023W34,2023-08-26,33,3,ar,Arkansas,9.0,1,0,observed
82,2023W35,2023-09-02,34,3,ar,Arkansas,6.0,1,0,observed
83,2023W36,2023-09-09,35,3,ar,Arkansas,8.0,1,0,observed
84,2023W37,2023-09-16,36,3,ar,Arkansas,7.0,1,0,observed
85,2023W38,2023-09-23,37,3,ar,Arkansas,6.0,1,0,observed
86,2023W39,2023-09-30,38,3,ar,Arkansas,10.0,1,0,observed
87,2023W40,2023-10-07,39,3,ar,Arkansas,17.0,1,0,observed
88,2023W41,2023-10-14,40,3,ar,Arkansas,15.0,1,0,observed
89,2023W42,2023-10-21,41,3,ar,Arkansas,18.0,1,0,observed
90,2023W43,2023-10-28,42,3,ar,Arkansas,13.0,1,0,observed
91,2023W44,2023-11-04,43,3,ar,Arkansas,18.0,1,0,observed
92,2023W45,2023-11-11,44,3,ar,Arkansas,24.0,1,0,observed
93,2023W46,2023-11-18,45,3,ar,Arkansas,17.0,1,0,observed
94,2023W47,2023-11-25,46,3,ar,Arkansas,57.0,1,0,observed
95,2023W48,2023-12-02,47,3,ar,Arkansas,24.0,1,0,observed
96,2023W49,2023-12-09,48,3,ar,Arkansas,41.0,1,0,observed
97,2023W50,2023-12-16,49,3,ar,Arkansas,53.0,1,0,observed
98,2023W51,2023-12-23,50,3,ar,Arkansas,96.0,1,0,observed
99,2023W52,2023-12-30,51,3,ar,Arkansas,187.0,1,0,observed
100,2024W01,2024-01-06,0,3,ar,Arkansas,234.0,1,0,observed
101,2024W02,2024-01-13,1,3,ar,Arkansas,223.0,1,0,observed
102,2024W03,2024-01-20,2,3,ar,Arkansas,227.0,1,0,observed
103,2024W04,2024-01-27,3,3,ar,Arkansas,275.0,1,0,observed
104,2024W05,2024-02-03,4,3,ar,Arkansas,245.0,1,0,observed
105,2024W06,2024-02-10,5,3,ar,Arkansas,291.0,1,0,observed
106,2024W07,2024-02-17,6,3,ar,Arkansas,258.0,1,0,observed
107,2024W08,2024-02-24,7,3,ar,Arkansas,275.0,1,0,observed
108,2024W09,2024-03-02,8,3,ar,Arkansas,278.0,1,0,observed
109,2024W10,2024-03-09,9,3,ar,Arkansas,247.0,1,0,observed
110,2024W11,2024-03-16,10,3,ar,Arkansas,190.0,1,0,observed
111,2024W12,2024-03-23,11,3,ar,Arkansas,103.0,1,0,observed
112,2024W13,2024-03-30,12,3,ar,Arkansas,82.0,1,0,observed
113,2024W14,2024-04-06,13,3,ar,Arkansas,60.0,1,0,observed
114,2024W15,2024-04-13,14,3,ar,Arkansas,47.0,1,0,observed
115,2024W16,2024-04-20,15,3,ar,Arkansas,30.0,1,0,observed
116,2024W17,2024-04-27,16,3,ar,Arkansas,60.0,1,0,observed
117,2024W18,2024-05-04,17,3,ar,Arkansas,14.0,1,0,observed
118,2024W19,2024-05-11,18,3,ar,Arkansas,12.0,1,0,observed
119,2024W20,2024-05-18,19,3,ar,Arkansas,0.0,1,0,observed
120,2024W21,2024-05-25,20,3,ar,Arkansas,2.0,1,0,observed
121,2024W22,2024-06-01,21,3,ar,Arkansas,6.0,1,0,observed
122,2024W23,2024-06-08,22,3,ar,Arkansas,5.0,1,0,observed
123,2024W24,2024-06-15,23,3,ar,Arkansas,5.0,1,0,observed
124,2024W25,2024-06-22,24,3,ar,Arkansas,5.0,1,0,observed
125,2024W26,2024-06-29,25,3,ar,Arkansas,1.0,1,0,observed
126,2024W27,2024-07-06,26,3,ar,Arkansas,4.0,1,0,observed
127,2024W28,2024-07-13,27,3,ar,Arkansas,5.0,1,0,observed
128,2024W29,2024-07-20,28,3,ar,Arkansas,7.0,1,0,observed
129,2024W30,2024-07-27,29,3,ar,Arkansas,8.0,1,0,observed
130,2024W31,2024-08-03,30,3,ar,Arkansas,4.0,1,0,observed
131,2024W32,2024-08-10,31,3,ar,Arkansas,6.0,1,0,observed
132,2024W33,2024-08-17,32,3,ar,Arkansas,4.0,1,0,observed
133,2024W34,2024-08-24,33,3,ar,Arkansas,4.0,1,0,observed
134,2024W35,2024-08-31,34,3,ar,Arkansas,5.0,1,0,observed
135,2024W36,2024-09-07,35,3,ar,Arkansas,7.0,1,0,observed
136,2024W37,2024-09-14,36,3,ar,Arkansas,2.0,1,0,observed
137,2024W38,2024-09-21,37,3,ar,Arkansas,3.0,1,0,observed
138,2024W39,2024-09-28,38,3,ar,Arkansas,0.0,1,0,observed
139,2024W40,2024-10-05,39,3,ar,Arkansas,3.0,1,0,observed
140,2024W41,2024-10-12,40,3,ar,Arkansas,0.0,1,0,observed
141,2024W42,2024-10-19,41,3,ar,Arkansas,2.0,1,0,observed
142,2024W43,2024-10-26,42,3,ar,Arkansas,1.0,1,0,observed
143,2024W44,2024-11-02,43,3,ar,Arkansas,6.0,1,0,observed
144,2024W45,2024-11-09,44,3,ar,Arkansas,11.0,1,0,observed
145,2024W46,2024-11-16,45,3,ar,Arkansas,13.0,1,0,observed
146,2024W47,2024-11-23,46,3,ar,Arkansas,8.0,1,0,observed
147,2024W48,2024-11-30,47,3,ar,Arkansas,12.0,1,0,observed
148,2024W49,2024-12-07,48,3,ar,Arkansas,32.0,1,0,observed
149,2024W50,2024-12-14,49,3,ar,Arkansas,42.0,1,0,observed
150,2024W51,2024-12-21,50,3,ar,Arkansas,59.0,1,0,observed
151,2024W52,2024-12-28,51,3,ar,Arkansas,127.0,1,0,observed
152,2025W01,2025-01-04,0,3,ar,Arkansas,212.0,1,0,observed
153,2025W02,2025-01-11,1,3,ar,Arkansas,158.0,1,0,observed
154,2025W03,2025-01-18,2,3,ar,Arkansas,223.0,1,0,observed
155,2025W04,2025-01-25,3,3,ar,Arkansas,388.0,1,0,observed
156,2025W05,2025-02-01,4,3,ar,Arkansas,551.0,1,0,observed
157,2025W06,2025-02-08,5,3,ar,Arkansas,752.0,1,0,observed
158,2025W07,2025-02-15,6,3,ar,Arkansas,543.0,1,0,observed
159,2025W08,2025-02-22,7,3,ar,Arkansas,392.0,1,0,observed
160,2025W09,2025-03-01,8,3,ar,Arkansas,363.0,1,0,observed
161,2025W10,2025-03-08,9,3,ar,Arkansas,325.0,1,0,observed
162,2025W11,2025-03-15,10,3,ar,Arkansas,229.0,1,0,observed
163,2025W12,2025-03-22,11,3,ar,Arkansas,164.0,1,0,observed
164,2025W13,2025-03-29,12,3,ar,Arkansas,111.0,1,0,observed
165,2025W14,2025-04-05,13,3,ar,Arkansas,71.0,1,0,observed
166,2025W15,2025-04-12,14,3,ar,Arkansas,32.0,1,0,observed
167,2025W16,2025-04-19,15,3,ar,Arkansas,29.0,1,0,observed
168,2025W17,2025-04-26,16,3,ar,Arkansas,24.0,1,0,observed
169,2025W18,2025-05-03,17,3,ar,Arkansas,21.0,1,0,observed
170,2025W19,2025-05-10,18,3,ar,Arkansas,13.0,1,0,observed
171,2025W20,2025-05-17,19,3,ar,Arkansas,13.0,1,0,observed
172,2025W21,2025-05-24,20,3,ar,Arkansas,14.0,1,0,observed
173,2025W22,2025-05-31,21,3,ar,Arkansas,14.0,1,0,observed
174,2025W23,2025-06-07,22,3,ar,Arkansas,14.0,1,0,observed
175,2025W24,2025-06-14,23,3,ar,Arkansas,12.0,1,0,observed
176,2025W25,2025-06-21,24,3,ar,Arkansas,14.0,1,0,observed
177,2025W26,2025-06-28,25,3,ar,Arkansas,20.0,1,0,observed
178,2025W27,2025-07-05,26,3,ar,Arkansas,5.0,1,0,observed
179,2025W28,2025-07-12,27,3,ar,Arkansas,8.0,1,0,observed
180,2025W29,2025-07-19,28,3,ar,Arkansas,4.0,1,0,observed
181,2025W30,2025-07-26,29,3,ar,Arkansas,4.0,1,0,observed
182,2025W31,2025-08-02,30,3,ar,Arkansas,2.0,1,0,observed
183,2025W32,2025-08-09,31,3,ar,Arkansas,2.0,1,0,observed
184,2025W33,2025-08-16,32,3,ar,Arkansas,4.0,1,0,observed
185,2025W34,2025-08-23,33,3,ar,Arkansas,3.0,1,0,observed
186,2025W35,2025-08-30,34,3,ar,Arkansas,1.0,1,0,observed
187,2025W36,2025-09-06,35,3,ar,Arkansas,2.0,1,0,observed
188,2025W37,2025-09-13,36,3,ar,Arkansas,1.0,1,0,observed
189,2025W38,2025-09-20,37,3,ar,Arkansas,3.0,1,0,observed
190,2025W39,2025-09-27,38,3,ar,Arkansas,9.0,1,0,observed
191,2025W40,2025-10-04,39,3,ar,Arkansas,4.0,1,0,observed
192,2025W41,2025-10-11,40,3,ar,Arkansas,5.0,1,0,observed
193,2025W42,2025-10-18,41,3,ar,Arkansas,2.0,1,0,observed
194,2025W43,2025-10-25,42,3,ar,Arkansas,3.0,1,0,observed
195,2025W44,2025-11-01,43,3,ar,Arkansas,9.0,1,0,observed
196,2025W45,2025-11-08,44,3,ar,Arkansas,9.0,1,0,observed
197,2025W46,2025-11-15,45,3,ar,Arkansas,27.0,1,0,observed
198,2025W47,2025-11-22,46,3,ar,Arkansas,18.0,1,0,observed
199,2025W48,2025-11-29,47,3,ar,Arkansas,78.0,1,0,observed
200,2025W49,2025-12-06,48,3,ar,Arkansas,56.0,1,0,observed
201,2025W50,2025-12-13,49,3,ar,Arkansas,87.0,1,0,observed
202,2025W51,2025-12-20,50,3,ar,Arkansas,145.0,1,0,observed
203,2025W52,2025-12-27,51,3,ar,Arkansas,297.0,1,0,observed
204,2026W01,2026-01-03,0,3,ar,Arkansas,278.0,1,0,observed
205,2026W02,2026-01-10,1,3,ar,Arkansas,163.0,1,0,observed
206,2026W03,2026-01-17,2,3,ar,Arkansas,142.0,1,0,observed
207,2026W04,2026-01-24,3,3,ar,Arkansas,167.0,1,0,observed
208,2026W05,2026-01-31,4,3,ar,Arkansas,209.0,1,0,observed
209,2026W06,2026-02-07,5,3,ar,Arkansas,175.0,1,0,observed
210,2026W07,2026-02-14,6,3,ar,Arkansas,231.0,1,0,observed
211,2026W08,2026-02-21,7,3,ar,Arkansas,173.0,1,0,observed
212,2026W09,2026-02-28,8,3,ar,Arkansas,125.0,1,0,observed
213,2026W10,2026-03-07,9,3,ar,Arkansas,107.0,1,0,observed
214,2026W11,2026-03-14,10,3,ar,Arkansas,77.0,1,0,observed
215,2026W12,2026-03-21,11,3,ar,Arkansas,46.0,1,0,observed
216,2026W13,2026-03-28,12,3,ar,Arkansas,31.0,1,0,observed
217,2026W14,2026-04-04,13,3,ar,Arkansas,21.0,1,0,observed
218,2026W15,2026-04-11,14,3,ar,Arkansas,9.0,1,0,observed
219,2026W16,2026-04-18,15,3,ar,Arkansas,3.0,1,0,observed
0,2022W05,2022-02-05,4,4,ca,California,30.0,1,0,observed
1,2022W06,2022-02-12,5,4,ca,California,28.0,1,0,observed
2,2022W07,2022-02-19,6,4,ca,California,11.0,1,0,observed
3,2022W08,2022-02-26,7,4,ca,California,23.0,1,0,observed
4,2022W09,2022-03-05,8,4,ca,California,34.0,1,0,observed
5,2022W10,2022-03-12,9,4,ca,California,40.0,1,0,observed
6,2022W11,2022-03-19,10,4,ca,California,51.0,1,0,observed
7,2022W12,2022-03-26,11,4,ca,California,61.0,1,0,observed
8,2022W13,2022-04-02,12,4,ca,California,79.0,1,0,observed
9,2022W14,2022-04-09,13,4,ca,California,96.0,1,0,observed
10,2022W15,2022-04-16,14,4,ca,California,104.0,1,0,observed
11,2022W16,2022-04-23,15,4,ca,California,148.0,1,0,observed
12,2022W17,2022-04-30,16,4,ca,California,213.0,1,0,observed
13,2022W18,2022-05-07,17,4,ca,California,206.0,1,0,observed
14,2022W19,2022-05-14,18,4,ca,California,277.0,1,0,observed
15,2022W20,2022-05-21,19,4,ca,California,355.0,1,0,observed
16,2022W21,2022-05-28,20,4,ca,California,412.0,1,0,observed
17,2022W22,2022-06-04,21,4,ca,California,432.0,1,0,observed
18,2022W23,2022-06-11,22,4,ca,California,391.0,1,0,observed
19,2022W24,2022-06-18,23,4,ca,California,305.0,1,0,observed
20,2022W25,2022-06-25,24,4,ca,California,238.0,1,0,observed
21,2022W26,2022-07-02,25,4,ca,California,193.0,1,0,observed
22,2022W27,2022-07-09,26,4,ca,California,115.0,1,0,observed
23,2022W28,2022-07-16,27,4,ca,California,99.0,1,0,observed
24,2022W29,2022-07-23,28,4,ca,California,61.0,1,0,observed
25,2022W30,2022-07-30,29,4,ca,California,47.0,1,0,observed
26,2022W31,2022-08-06,30,4,ca,California,38.0,1,0,observed
27,2022W32,2022-08-13,31,4,ca,California,39.0,1,0,observed
28,2022W33,2022-08-20,32,4,ca,California,35.0,1,0,observed
29,2022W34,2022-08-27,33,4,ca,California,29.0,1,0,observed
30,2022W35,2022-09-03,34,4,ca,California,33.0,1,0,observed
31,2022W36,2022-09-10,35,4,ca,California,36.0,1,0,observed
32,2022W37,2022-09-17,36,4,ca,California,21.0,1,0,observed
33,2022W38,2022-09-24,37,4,ca,California,35.0,1,0,observed
34,2022W39,2022-10-01,38,4,ca,California,68.0,1,0,observed
35,2022W40,2022-10-08,39,4,ca,California,92.0,1,0,observed
36,2022W41,2022-10-15,40,4,ca,California,87.0,1,0,observed
37,2022W42,2022-10-22,41,4,ca,California,121.0,1,0,observed
38,2022W43,2022-10-29,42,4,ca,California,199.0,1,0,observed
39,2022W44,2022-11-05,43,4,ca,California,416.0,1,0,observed
40,2022W45,2022-11-12,44,4,ca,California,858.0,1,0,observed
41,2022W46,2022-11-19,45,4,ca,California,1499.0,1,0,observed
42,2022W47,2022-11-26,46,4,ca,California,2631.0,1,0,observed
43,2022W48,2022-12-03,47,4,ca,California,3159.0,1,0,observed
44,2022W49,2022-12-10,48,4,ca,California,2435.0,1,0,observed
45,2022W50,2022-12-17,49,4,ca,California,1614.0,1,0,observed
46,2022W51,2022-12-24,50,4,ca,California,1596.0,1,0,observed
47,2022W52,2022-12-31,51,4,ca,California,1423.0,1,0,observed
48,2023W01,2023-01-07,0,4,ca,California,913.0,1,0,observed
49,2023W02,2023-01-14,1,4,ca,California,411.0,1,0,observed
50,2023W03,2023-01-21,2,4,ca,California,208.0,1,0,observed
51,2023W04,2023-01-28,3,4,ca,California,126.0,1,0,observed
52,2023W05,2023-02-04,4,4,ca,California,115.0,1,0,observed
53,2023W06,2023-02-11,5,4,ca,California,93.0,1,0,observed
54,2023W07,2023-02-18,6,4,ca,California,73.0,1,0,observed
55,2023W08,2023-02-25,7,4,ca,California,79.0,1,0,observed
56,2023W09,2023-03-04,8,4,ca,California,62.0,1,0,observed
57,2023W10,2023-03-11,9,4,ca,California,47.0,1,0,observed
58,2023W11,2023-03-18,10,4,ca,California,60.0,1,0,observed
59,2023W12,2023-03-25,11,4,ca,California,36.0,1,0,observed
60,2023W13,2023-04-01,12,4,ca,California,29.0,1,0,observed
61,2023W14,2023-04-08,13,4,ca,California,45.0,1,0,observed
62,2023W15,2023-04-15,14,4,ca,California,33.0,1,0,observed
63,2023W16,2023-04-22,15,4,ca,California,37.0,1,0,observed
64,2023W17,2023-04-29,16,4,ca,California,26.0,1,0,observed
65,2023W18,2023-05-06,17,4,ca,California,22.0,1,0,observed
66,2023W19,2023-05-13,18,4,ca,California,33.0,1,0,observed
67,2023W20,2023-05-20,19,4,ca,California,24.0,1,0,observed
68,2023W21,2023-05-27,20,4,ca,California,23.0,1,0,observed
69,2023W22,2023-06-03,21,4,ca,California,48.0,1,0,observed
70,2023W23,2023-06-10,22,4,ca,California,43.0,1,0,observed
71,2023W24,2023-06-17,23,4,ca,California,36.0,1,0,observed
72,2023W25,2023-06-24,24,4,ca,California,27.0,1,0,observed
73,2023W26,2023-07-01,25,4,ca,California,49.0,1,0,observed
74,2023W27,2023-07-08,26,4,ca,California,26.0,1,0,observed
75,2023W28,2023-07-15,27,4,ca,California,54.0,1,0,observed
76,2023W29,2023-07-22,28,4,ca,California,39.0,1,0,observed
77,2023W30,2023-07-29,29,4,ca,California,37.0,1,0,observed
78,2023W31,2023-08-05,30,4,ca,California,43.0,1,0,observed
79,2023W32,2023-08-12,31,4,ca,California,35.0,1,0,observed
80,2023W33,2023-08-19,32,4,ca,California,31.0,1,0,observed
81,2023W34,2023-08-26,33,4,ca,California,29.0,1,0,observed
82,2023W35,2023-09-02,34,4,ca,California,38.0,1,0,observed
83,2023W36,2023-09-09,35,4,ca,California,42.0,1,0,observed
84,2023W37,2023-09-16,36,4,ca,California,41.0,1,0,observed
85,2023W38,2023-09-23,37,4,ca,California,46.0,1,0,observed
86,2023W39,2023-09-30,38,4,ca,California,46.0,1,0,observed
87,2023W40,2023-10-07,39,4,ca,California,45.0,1,0,observed
88,2023W41,2023-10-14,40,4,ca,California,60.0,1,0,observed
89,2023W42,2023-10-21,41,4,ca,California,50.0,1,0,observed
90,2023W43,2023-10-28,42,4,ca,California,76.0,1,0,observed
91,2023W44,2023-11-04,43,4,ca,California,97.0,1,0,observed
92,2023W45,2023-11-11,44,4,ca,California,231.0,1,0,observed
93,2023W46,2023-11-18,45,4,ca,California,372.0,1,0,observed
94,2023W47,2023-11-25,46,4,ca,California,459.0,1,0,observed
95,2023W48,2023-12-02,47,4,ca,California,683.0,1,0,observed
96,2023W49,2023-12-09,48,4,ca,California,868.0,1,0,observed
97,2023W50,2023-12-16,49,4,ca,California,1077.0,1,0,observed
98,2023W51,2023-12-23,50,4,ca,California,1763.0,1,0,observed
99,2023W52,2023-12-30,51,4,ca,California,1810.0,1,0,observed
100,2024W01,2024-01-06,0,4,ca,California,1470.0,1,0,observed
101,2024W02,2024-01-13,1,4,ca,California,1075.0,1,0,observed
102,2024W03,2024-01-20,2,4,ca,California,1096.0,1,0,observed
103,2024W04,2024-01-27,3,4,ca,California,732.0,1,0,observed
104,2024W05,2024-02-03,4,4,ca,California,547.0,1,0,observed
105,2024W06,2024-02-10,5,4,ca,California,464.0,1,0,observed
106,2024W07,2024-02-17,6,4,ca,California,342.0,1,0,observed
107,2024W08,2024-02-24,7,4,ca,California,302.0,1,0,observed
108,2024W09,2024-03-02,8,4,ca,California,266.0,1,0,observed
109,2024W10,2024-03-09,9,4,ca,California,207.0,1,0,observed
110,2024W11,2024-03-16,10,4,ca,California,188.0,1,0,observed
111,2024W12,2024-03-23,11,4,ca,California,175.0,1,0,observed
112,2024W13,2024-03-30,12,4,ca,California,180.0,1,0,observed
113,2024W14,2024-04-06,13,4,ca,California,151.0,1,0,observed
114,2024W15,2024-04-13,14,4,ca,California,179.0,1,0,observed
115,2024W16,2024-04-20,15,4,ca,California,157.0,1,0,observed
116,2024W17,2024-04-27,16,4,ca,California,156.0,1,0,observed
117,2024W18,2024-05-04,17,4,ca,California,77.0,1,0,observed
118,2024W19,2024-05-11,18,4,ca,California,49.0,1,0,observed
119,2024W20,2024-05-18,19,4,ca,California,57.0,1,0,observed
120,2024W21,2024-05-25,20,4,ca,California,42.0,1,0,observed
121,2024W22,2024-06-01,21,4,ca,California,56.0,1,0,observed
122,2024W23,2024-06-08,22,4,ca,California,59.0,1,0,observed
123,2024W24,2024-06-15,23,4,ca,California,58.0,1,0,observed
124,2024W25,2024-06-22,24,4,ca,California,64.0,1,0,observed
125,2024W26,2024-06-29,25,4,ca,California,49.0,1,0,observed
126,2024W27,2024-07-06,26,4,ca,California,37.0,1,0,observed
127,2024W28,2024-07-13,27,4,ca,California,39.0,1,0,observed
128,2024W29,2024-07-20,28,4,ca,California,35.0,1,0,observed
129,2024W30,2024-07-27,29,4,ca,California,29.0,1,0,observed
130,2024W31,2024-08-03,30,4,ca,California,31.0,1,0,observed
131,2024W32,2024-08-10,31,4,ca,California,19.0,1,0,observed
132,2024W33,2024-08-17,32,4,ca,California,32.0,1,0,observed
133,2024W34,2024-08-24,33,4,ca,California,18.0,1,0,observed
134,2024W35,2024-08-31,34,4,ca,California,20.0,1,0,observed
135,2024W36,2024-09-07,35,4,ca,California,15.0,1,0,observed
136,2024W37,2024-09-14,36,4,ca,California,25.0,1,0,observed
137,2024W38,2024-09-21,37,4,ca,California,17.0,1,0,observed
138,2024W39,2024-09-28,38,4,ca,California,26.0,1,0,observed
139,2024W40,2024-10-05,39,4,ca,California,30.0,1,0,observed
140,2024W41,2024-10-12,40,4,ca,California,30.0,1,0,observed
141,2024W42,2024-10-19,41,4,ca,California,75.0,1,0,observed
142,2024W43,2024-10-26,42,4,ca,California,137.0,1,0,observed
143,2024W44,2024-11-02,43,4,ca,California,112.0,1,0,observed
144,2024W45,2024-11-09,44,4,ca,California,177.0,1,0,observed
145,2024W46,2024-11-16,45,4,ca,California,323.0,1,0,observed
146,2024W47,2024-11-23,46,4,ca,California,526.0,1,0,observed
147,2024W48,2024-11-30,47,4,ca,California,708.0,1,0,observed
148,2024W49,2024-12-07,48,4,ca,California,1127.0,1,0,observed
149,2024W50,2024-12-14,49,4,ca,California,1521.0,1,0,observed
150,2024W51,2024-12-21,50,4,ca,California,2564.0,1,0,observed
151,2024W52,2024-12-28,51,4,ca,California,3866.0,1,0,observed
152,2025W01,2025-01-04,0,4,ca,California,4025.0,1,0,observed
153,2025W02,2025-01-11,1,4,ca,California,3266.0,1,0,observed
154,2025W03,2025-01-18,2,4,ca,California,3668.0,1,0,observed
155,2025W04,2025-01-25,3,4,ca,California,4091.0,1,0,observed
156,2025W05,2025-02-01,4,4,ca,California,4599.0,1,0,observed
157,2025W06,2025-02-08,5,4,ca,California,3676.0,1,0,observed
158,2025W07,2025-02-15,6,4,ca,California,2800.0,1,0,observed
159,2025W08,2025-02-22,7,4,ca,California,2052.0,1,0,observed
160,2025W09,2025-03-01,8,4,ca,California,1466.0,1,0,observed
161,2025W10,2025-03-08,9,4,ca,California,1069.0,1,0,observed
162,2025W11,2025-03-15,10,4,ca,California,997.0,1,0,observed
163,2025W12,2025-03-22,11,4,ca,California,711.0,1,0,observed
164,2025W13,2025-03-29,12,4,ca,California,596.0,1,0,observed
165,2025W14,2025-04-05,13,4,ca,California,454.0,1,0,observed
166,2025W15,2025-04-12,14,4,ca,California,422.0,1,0,observed
167,2025W16,2025-04-19,15,4,ca,California,354.0,1,0,observed
168,2025W17,2025-04-26,16,4,ca,California,255.0,1,0,observed
169,2025W18,2025-05-03,17,4,ca,California,243.0,1,0,observed
170,2025W19,2025-05-10,18,4,ca,California,182.0,1,0,observed
171,2025W20,2025-05-17,19,4,ca,California,173.0,1,0,observed
172,2025W21,2025-05-24,20,4,ca,California,186.0,1,0,observed
173,2025W22,2025-05-31,21,4,ca,California,193.0,1,0,observed
174,2025W23,2025-06-07,22,4,ca,California,149.0,1,0,observed
175,2025W24,2025-06-14,23,4,ca,California,158.0,1,0,observed
176,2025W25,2025-06-21,24,4,ca,California,124.0,1,0,observed
177,2025W26,2025-06-28,25,4,ca,California,98.0,1,0,observed
178,2025W27,2025-07-05,26,4,ca,California,86.0,1,0,observed
179,2025W28,2025-07-12,27,4,ca,California,105.0,1,0,observed
180,2025W29,2025-07-19,28,4,ca,California,73.0,1,0,observed
181,2025W30,2025-07-26,29,4,ca,California,67.0,1,0,observed
182,2025W31,2025-08-02,30,4,ca,California,71.0,1,0,observed
183,2025W32,2025-08-09,31,4,ca,California,66.0,1,0,observed
184,2025W33,2025-08-16,32,4,ca,California,74.0,1,0,observed
185,2025W34,2025-08-23,33,4,ca,California,72.0,1,0,observed
186,2025W35,2025-08-30,34,4,ca,California,90.0,1,0,observed
187,2025W36,2025-09-06,35,4,ca,California,91.0,1,0,observed
188,2025W37,2025-09-13,36,4,ca,California,90.0,1,0,observed
189,2025W38,2025-09-20,37,4,ca,California,83.0,1,0,observed
190,2025W39,2025-09-27,38,4,ca,California,105.0,1,0,observed
191,2025W40,2025-10-04,39,4,ca,California,92.0,1,0,observed
192,2025W41,2025-10-11,40,4,ca,California,96.0,1,0,observed
193,2025W42,2025-10-18,41,4,ca,California,102.0,1,0,observed
194,2025W43,2025-10-25,42,4,ca,California,102.0,1,0,observed
195,2025W44,2025-11-01,43,4,ca,California,139.0,1,0,observed
196,2025W45,2025-11-08,44,4,ca,California,151.0,1,0,observed
197,2025W46,2025-11-15,45,4,ca,California,149.0,1,0,observed
198,2025W47,2025-11-22,46,4,ca,California,148.0,1,0,observed
199,2025W48,2025-11-29,47,4,ca,California,217.0,1,0,observed
200,2025W49,2025-12-06,48,4,ca,California,262.0,1,0,observed
201,2025W50,2025-12-13,49,4,ca,California,426.0,1,0,observed
202,2025W51,2025-12-20,50,4,ca,California,719.0,1,0,observed
203,2025W52,2025-12-27,51,4,ca,California,1247.0,1,0,observed
204,2026W01,2026-01-03,0,4,ca,California,1563.0,1,0,observed
205,2026W02,2026-01-10,1,4,ca,California,1494.0,1,0,observed
206,2026W03,2026-01-17,2,4,ca,California,1396.0,1,0,observed
207,2026W04,2026-01-24,3,4,ca,California,1624.0,1,0,observed
208,2026W05,2026-01-31,4,4,ca,California,1648.0,1,0,observed
209,2026W06,2026-02-07,5,4,ca,California,2074.0,1,0,observed
210,2026W07,2026-02-14,6,4,ca,California,2150.0,1,0,observed
211,2026W08,2026-02-21,7,4,ca,California,1566.0,1,0,observed
212,2026W09,2026-02-28,8,4,ca,California,1314.0,1,0,observed
213,2026W10,2026-03-07,9,4,ca,California,974.0,1,0,observed
214,2026W11,2026-03-14,10,4,ca,California,671.0,1,0,observed
215,2026W12,2026-03-21,11,4,ca,California,698.0,1,0,observed
216,2026W13,2026-03-28,12,4,ca,California,424.0,1,0,observed
217,2026W14,2026-04-04,13,4,ca,California,306.0,1,0,observed
218,2026W15,2026-04-11,14,4,ca,California,253.0,1,0,observed
219,2026W16,2026-04-18,15,4,ca,California,175.0,1,0,observed
0,2022W05,2022-02-05,4,5,co,Colorado,12.0,1,0,observed
1,2022W06,2022-02-12,5,5,co,Colorado,27.0,1,0,observed
2,2022W07,2022-02-19,6,5,co,Colorado,16.0,1,0,observed
3,2022W08,2022-02-26,7,5,co,Colorado,24.0,1,0,observed
4,2022W09,2022-03-05,8,5,co,Colorado,21.0,1,0,observed
5,2022W10,2022-03-12,9,5,co,Colorado,38.0,1,0,observed
6,2022W11,2022-03-19,10,5,co,Colorado,55.0,1,0,observed
7,2022W12,2022-03-26,11,5,co,Colorado,82.0,1,0,observed
8,2022W13,2022-04-02,12,5,co,Colorado,121.0,1,0,observed
9,2022W14,2022-04-09,13,5,co,Colorado,104.0,1,0,observed
10,2022W15,2022-04-16,14,5,co,Colorado,139.0,1,0,observed
11,2022W16,2022-04-23,15,5,co,Colorado,179.0,1,0,observed
12,2022W17,2022-04-30,16,5,co,Colorado,163.0,1,0,observed
13,2022W18,2022-05-07,17,5,co,Colorado,258.0,1,0,observed
14,2022W19,2022-05-14,18,5,co,Colorado,173.0,1,0,observed
15,2022W20,2022-05-21,19,5,co,Colorado,120.0,1,0,observed
16,2022W21,2022-05-28,20,5,co,Colorado,87.0,1,0,observed
17,2022W22,2022-06-04,21,5,co,Colorado,75.0,1,0,observed
18,2022W23,2022-06-11,22,5,co,Colorado,39.0,1,0,observed
19,2022W24,2022-06-18,23,5,co,Colorado,25.0,1,0,observed
20,2022W25,2022-06-25,24,5,co,Colorado,9.0,1,0,observed
21,2022W26,2022-07-02,25,5,co,Colorado,13.0,1,0,observed
22,2022W27,2022-07-09,26,5,co,Colorado,11.0,1,0,observed
23,2022W28,2022-07-16,27,5,co,Colorado,9.0,1,0,observed
24,2022W29,2022-07-23,28,5,co,Colorado,9.0,1,0,observed
25,2022W30,2022-07-30,29,5,co,Colorado,8.0,1,0,observed
26,2022W31,2022-08-06,30,5,co,Colorado,12.0,1,0,observed
27,2022W32,2022-08-13,31,5,co,Colorado,10.0,1,0,observed
28,2022W33,2022-08-20,32,5,co,Colorado,10.0,1,0,observed
29,2022W34,2022-08-27,33,5,co,Colorado,1.0,1,0,observed
30,2022W35,2022-09-03,34,5,co,Colorado,1.0,1,0,observed
31,2022W36,2022-09-10,35,5,co,Colorado,2.0,1,0,observed
32,2022W37,2022-09-17,36,5,co,Colorado,3.0,1,0,observed
33,2022W38,2022-09-24,37,5,co,Colorado,4.0,1,0,observed
34,2022W39,2022-10-01,38,5,co,Colorado,3.0,1,0,observed
35,2022W40,2022-10-08,39,5,co,Colorado,2.0,1,0,observed
36,2022W41,2022-10-15,40,5,co,Colorado,3.0,1,0,observed
37,2022W42,2022-10-22,41,5,co,Colorado,14.0,1,0,observed
38,2022W43,2022-10-29,42,5,co,Colorado,27.0,1,0,observed
39,2022W44,2022-11-05,43,5,co,Colorado,35.0,1,0,observed
40,2022W45,2022-11-12,44,5,co,Colorado,58.0,1,0,observed
41,2022W46,2022-11-19,45,5,co,Colorado,107.0,1,0,observed
42,2022W47,2022-11-26,46,5,co,Colorado,157.0,1,0,observed
43,2022W48,2022-12-03,47,5,co,Colorado,163.0,1,0,observed
44,2022W49,2022-12-10,48,5,co,Colorado,235.0,1,0,observed
45,2022W50,2022-12-17,49,5,co,Colorado,255.0,1,0,observed
46,2022W51,2022-12-24,50,5,co,Colorado,399.0,1,0,observed
47,2022W52,2022-12-31,51,5,co,Colorado,315.0,1,0,observed
48,2023W01,2023-01-07,0,5,co,Colorado,158.0,1,0,observed
49,2023W02,2023-01-14,1,5,co,Colorado,99.0,1,0,observed
50,2023W03,2023-01-21,2,5,co,Colorado,37.0,1,0,observed
51,2023W04,2023-01-28,3,5,co,Colorado,26.0,1,0,observed
52,2023W05,2023-02-04,4,5,co,Colorado,38.0,1,0,observed
53,2023W06,2023-02-11,5,5,co,Colorado,27.0,1,0,observed
54,2023W07,2023-02-18,6,5,co,Colorado,17.0,1,0,observed
55,2023W08,2023-02-25,7,5,co,Colorado,13.0,1,0,observed
56,2023W09,2023-03-04,8,5,co,Colorado,19.0,1,0,observed
57,2023W10,2023-03-11,9,5,co,Colorado,9.0,1,0,observed
58,2023W11,2023-03-18,10,5,co,Colorado,12.0,1,0,observed
59,2023W12,2023-03-25,11,5,co,Colorado,10.0,1,0,observed
60,2023W13,2023-04-01,12,5,co,Colorado,6.0,1,0,observed
61,2023W14,2023-04-08,13,5,co,Colorado,7.0,1,0,observed
62,2023W15,2023-04-15,14,5,co,Colorado,18.0,1,0,observed
63,2023W16,2023-04-22,15,5,co,Colorado,12.0,1,0,observed
64,2023W17,2023-04-29,16,5,co,Colorado,9.0,1,0,observed
65,2023W18,2023-05-06,17,5,co,Colorado,7.0,1,0,observed
66,2023W19,2023-05-13,18,5,co,Colorado,7.0,1,0,observed
67,2023W20,2023-05-20,19,5,co,Colorado,9.0,1,0,observed
68,2023W21,2023-05-27,20,5,co,Colorado,10.0,1,0,observed
69,2023W22,2023-06-03,21,5,co,Colorado,5.0,1,0,observed
70,2023W23,2023-06-10,22,5,co,Colorado,3.0,1,0,observed
71,2023W24,2023-06-17,23,5,co,Colorado,6.0,1,0,observed
72,2023W25,2023-06-24,24,5,co,Colorado,3.0,1,0,observed
73,2023W26,2023-07-01,25,5,co,Colorado,7.0,1,0,observed
74,2023W27,2023-07-08,26,5,co,Colorado,3.0,1,0,observed
75,2023W28,2023-07-15,27,5,co,Colorado,8.0,1,0,observed
76,2023W29,2023-07-22,28,5,co,Colorado,4.0,1,0,observed
77,2023W30,2023-07-29,29,5,co,Colorado,3.0,1,0,observed
78,2023W31,2023-08-05,30,5,co,Colorado,3.0,1,0,observed
79,2023W32,2023-08-12,31,5,co,Colorado,1.0,1,0,observed
80,2023W33,2023-08-19,32,5,co,Colorado,0.0,1,0,observed
81,2023W34,2023-08-26,33,5,co,Colorado,4.0,1,0,observed
82,2023W35,2023-09-02,34,5,co,Colorado,3.0,1,0,observed
83,2023W36,2023-09-09,35,5,co,Colorado,7.0,1,0,observed
84,2023W37,2023-09-16,36,5,co,Colorado,2.0,1,0,observed
85,2023W38,2023-09-23,37,5,co,Colorado,8.0,1,0,observed
86,2023W39,2023-09-30,38,5,co,Colorado,8.0,1,0,observed
87,2023W40,2023-10-07,39,5,co,Colorado,9.0,1,0,observed
88,2023W41,2023-10-14,40,5,co,Colorado,15.0,1,0,observed
89,2023W42,2023-10-21,41,5,co,Colorado,16.0,1,0,observed
90,2023W43,2023-10-28,42,5,co,Colorado,19.0,1,0,observed
91,2023W44,2023-11-04,43,5,co,Colorado,31.0,1,0,observed
92,2023W45,2023-11-11,44,5,co,Colorado,52.0,1,0,observed
93,2023W46,2023-11-18,45,5,co,Colorado,102.0,1,0,observed
94,2023W47,2023-11-25,46,5,co,Colorado,137.0,1,0,observed
95,2023W48,2023-12-02,47,5,co,Colorado,126.0,1,0,observed
96,2023W49,2023-12-09,48,5,co,Colorado,153.0,1,0,observed
97,2023W50,2023-12-16,49,5,co,Colorado,234.0,1,0,observed
98,2023W51,2023-12-23,50,5,co,Colorado,252.0,1,0,observed
99,2023W52,2023-12-30,51,5,co,Colorado,367.0,1,0,observed
100,2024W01,2024-01-06,0,5,co,Colorado,308.0,1,0,observed
101,2024W02,2024-01-13,1,5,co,Colorado,286.0,1,0,observed
102,2024W03,2024-01-20,2,5,co,Colorado,197.0,1,0,observed
103,2024W04,2024-01-27,3,5,co,Colorado,229.0,1,0,observed
104,2024W05,2024-02-03,4,5,co,Colorado,196.0,1,0,observed
105,2024W06,2024-02-10,5,5,co,Colorado,196.0,1,0,observed
106,2024W07,2024-02-17,6,5,co,Colorado,137.0,1,0,observed
107,2024W08,2024-02-24,7,5,co,Colorado,129.0,1,0,observed
108,2024W09,2024-03-02,8,5,co,Colorado,93.0,1,0,observed
109,2024W10,2024-03-09,9,5,co,Colorado,80.0,1,0,observed
110,2024W11,2024-03-16,10,5,co,Colorado,96.0,1,0,observed
111,2024W12,2024-03-23,11,5,co,Colorado,97.0,1,0,observed
112,2024W13,2024-03-30,12,5,co,Colorado,68.0,1,0,observed
113,2024W14,2024-04-06,13,5,co,Colorado,49.0,1,0,observed
114,2024W15,2024-04-13,14,5,co,Colorado,55.0,1,0,observed
115,2024W16,2024-04-20,15,5,co,Colorado,26.0,1,0,observed
116,2024W17,2024-04-27,16,5,co,Colorado,23.0,1,0,observed
117,2024W18,2024-05-04,17,5,co,Colorado,23.0,1,0,observed
118,2024W19,2024-05-11,18,5,co,Colorado,12.0,1,0,observed
119,2024W20,2024-05-18,19,5,co,Colorado,6.0,1,0,observed
120,2024W21,2024-05-25,20,5,co,Colorado,11.0,1,0,observed
121,2024W22,2024-06-01,21,5,co,Colorado,10.0,1,0,observed
122,2024W23,2024-06-08,22,5,co,Colorado,4.0,1,0,observed
123,2024W24,2024-06-15,23,5,co,Colorado,3.0,1,0,observed
124,2024W25,2024-06-22,24,5,co,Colorado,3.0,1,0,observed
125,2024W26,2024-06-29,25,5,co,Colorado,3.0,1,0,observed
126,2024W27,2024-07-06,26,5,co,Colorado,3.0,1,0,observed
127,2024W28,2024-07-13,27,5,co,Colorado,1.0,1,0,observed
128,2024W29,2024-07-20,28,5,co,Colorado,3.0,1,0,observed
129,2024W30,2024-07-27,29,5,co,Colorado,6.0,1,0,observed
130,2024W31,2024-08-03,30,5,co,Colorado,6.0,1,0,observed
131,2024W32,2024-08-10,31,5,co,Colorado,5.0,1,0,observed
132,2024W33,2024-08-17,32,5,co,Colorado,0.0,1,0,observed
133,2024W34,2024-08-24,33,5,co,Colorado,0.0,1,0,observed
134,2024W35,2024-08-31,34,5,co,Colorado,0.0,1,0,observed
135,2024W36,2024-09-07,35,5,co,Colorado,1.0,1,0,observed
136,2024W37,2024-09-14,36,5,co,Colorado,0.0,1,0,observed
137,2024W38,2024-09-21,37,5,co,Colorado,0.0,1,0,observed
138,2024W39,2024-09-28,38,5,co,Colorado,3.0,1,0,observed
139,2024W40,2024-10-05,39,5,co,Colorado,3.0,1,0,observed
140,2024W41,2024-10-12,40,5,co,Colorado,0.0,1,0,observed
141,2024W42,2024-10-19,41,5,co,Colorado,2.0,1,0,observed
142,2024W43,2024-10-26,42,5,co,Colorado,14.0,1,0,observed
143,2024W44,2024-11-02,43,5,co,Colorado,25.0,1,0,observed
144,2024W45,2024-11-09,44,5,co,Colorado,20.0,1,0,observed
145,2024W46,2024-11-16,45,5,co,Colorado,29.0,1,0,observed
146,2024W47,2024-11-23,46,5,co,Colorado,31.0,1,0,observed
147,2024W48,2024-11-30,47,5,co,Colorado,67.0,1,0,observed
148,2024W49,2024-12-07,48,5,co,Colorado,90.0,1,0,observed
149,2024W50,2024-12-14,49,5,co,Colorado,129.0,1,0,observed
150,2024W51,2024-12-21,50,5,co,Colorado,179.0,1,0,observed
151,2024W52,2024-12-28,51,5,co,Colorado,475.0,1,0,observed
152,2025W01,2025-01-04,0,5,co,Colorado,760.0,1,0,observed
153,2025W02,2025-01-11,1,5,co,Colorado,499.0,1,0,observed
154,2025W03,2025-01-18,2,5,co,Colorado,441.0,1,0,observed
155,2025W04,2025-01-25,3,5,co,Colorado,456.0,1,0,observed
156,2025W05,2025-02-01,4,5,co,Colorado,543.0,1,0,observed
157,2025W06,2025-02-08,5,5,co,Colorado,622.0,1,0,observed
158,2025W07,2025-02-15,6,5,co,Colorado,583.0,1,0,observed
159,2025W08,2025-02-22,7,5,co,Colorado,484.0,1,0,observed
160,2025W09,2025-03-01,8,5,co,Colorado,381.0,1,0,observed
161,2025W10,2025-03-08,9,5,co,Colorado,311.0,1,0,observed
162,2025W11,2025-03-15,10,5,co,Colorado,215.0,1,0,observed
163,2025W12,2025-03-22,11,5,co,Colorado,162.0,1,0,observed
164,2025W13,2025-03-29,12,5,co,Colorado,121.0,1,0,observed
165,2025W14,2025-04-05,13,5,co,Colorado,86.0,1,0,observed
166,2025W15,2025-04-12,14,5,co,Colorado,62.0,1,0,observed
167,2025W16,2025-04-19,15,5,co,Colorado,40.0,1,0,observed
168,2025W17,2025-04-26,16,5,co,Colorado,42.0,1,0,observed
169,2025W18,2025-05-03,17,5,co,Colorado,30.0,1,0,observed
170,2025W19,2025-05-10,18,5,co,Colorado,36.0,1,0,observed
171,2025W20,2025-05-17,19,5,co,Colorado,19.0,1,0,observed
172,2025W21,2025-05-24,20,5,co,Colorado,15.0,1,0,observed
173,2025W22,2025-05-31,21,5,co,Colorado,19.0,1,0,observed
174,2025W23,2025-06-07,22,5,co,Colorado,20.0,1,0,observed
175,2025W24,2025-06-14,23,5,co,Colorado,17.0,1,0,observed
176,2025W25,2025-06-21,24,5,co,Colorado,4.0,1,0,observed
177,2025W26,2025-06-28,25,5,co,Colorado,4.0,1,0,observed
178,2025W27,2025-07-05,26,5,co,Colorado,5.0,1,0,observed
179,2025W28,2025-07-12,27,5,co,Colorado,8.0,1,0,observed
180,2025W29,2025-07-19,28,5,co,Colorado,4.0,1,0,observed
181,2025W30,2025-07-26,29,5,co,Colorado,2.0,1,0,observed
182,2025W31,2025-08-02,30,5,co,Colorado,3.0,1,0,observed
183,2025W32,2025-08-09,31,5,co,Colorado,5.0,1,0,observed
184,2025W33,2025-08-16,32,5,co,Colorado,3.0,1,0,observed
185,2025W34,2025-08-23,33,5,co,Colorado,0.0,1,0,observed
186,2025W35,2025-08-30,34,5,co,Colorado,4.0,1,0,observed
187,2025W36,2025-09-06,35,5,co,Colorado,3.0,1,0,observed
188,2025W37,2025-09-13,36,5,co,Colorado,1.0,1,0,observed
189,2025W38,2025-09-20,37,5,co,Colorado,4.0,1,0,observed
190,2025W39,2025-09-27,38,5,co,Colorado,9.0,1,0,observed
191,2025W40,2025-10-04,39,5,co,Colorado,8.0,1,0,observed
192,2025W41,2025-10-11,40,5,co,Colorado,6.0,1,0,observed
193,2025W42,2025-10-18,41,5,co,Colorado,7.0,1,0,observed
194,2025W43,2025-10-25,42,5,co,Colorado,9.0,1,0,observed
195,2025W44,2025-11-01,43,5,co,Colorado,18.0,1,0,observed
196,2025W45,2025-11-08,44,5,co,Colorado,28.0,1,0,observed
197,2025W46,2025-11-15,45,5,co,Colorado,47.0,1,0,observed
198,2025W47,2025-11-22,46,5,co,Colorado,97.0,1,0,observed
199,2025W48,2025-11-29,47,5,co,Colorado,149.0,1,0,observed
200,2025W49,2025-12-06,48,5,co,Colorado,222.0,1,0,observed
201,2025W50,2025-12-13,49,5,co,Colorado,282.0,1,0,observed
202,2025W51,2025-12-20,50,5,co,Colorado,517.0,1,0,observed
203,2025W52,2025-12-27,51,5,co,Colorado,818.0,1,0,observed
204,2026W01,2026-01-03,0,5,co,Colorado,830.0,1,0,observed
205,2026W02,2026-01-10,1,5,co,Colorado,475.0,1,0,observed
206,2026W03,2026-01-17,2,5,co,Colorado,270.0,1,0,observed
207,2026W04,2026-01-24,3,5,co,Colorado,183.0,1,0,observed
208,2026W05,2026-01-31,4,5,co,Colorado,149.0,1,0,observed
209,2026W06,2026-02-07,5,5,co,Colorado,112.0,1,0,observed
210,2026W07,2026-02-14,6,5,co,Colorado,128.0,1,0,observed
211,2026W08,2026-02-21,7,5,co,Colorado,119.0,1,0,observed
212,2026W09,2026-02-28,8,5,co,Colorado,118.0,1,0,observed
213,2026W10,2026-03-07,9,5,co,Colorado,99.0,1,0,observed
214,2026W11,2026-03-14,10,5,co,Colorado,110.0,1,0,observed
215,2026W12,2026-03-21,11,5,co,Colorado,97.0,1,0,observed
216,2026W13,2026-03-28,12,5,co,Colorado,34.0,1,0,observed
217,2026W14,2026-04-04,13,5,co,Colorado,34.0,1,0,observed
218,2026W15,2026-04-11,14,5,co,Colorado,25.0,1,0,observed
219,2026W16,2026-04-18,15,5,co,Colorado,19.0,1,0,observed
0,2022W05,2022-02-05,4,6,ct,Connecticut,4.0,1,0,observed
1,2022W06,2022-02-12,5,6,ct,Connecticut,0.0,1,0,observed
2,2022W07,2022-02-19,6,6,ct,Connecticut,1.0,1,0,observed
3,2022W08,2022-02-26,7,6,ct,Connecticut,7.0,1,0,observed
4,2022W09,2022-03-05,8,6,ct,Connecticut,4.0,1,0,observed
5,2022W10,2022-03-12,9,6,ct,Connecticut,8.0,1,0,observed
6,2022W11,2022-03-19,10,6,ct,Connecticut,18.0,1,0,observed
7,2022W12,2022-03-26,11,6,ct,Connecticut,25.0,1,0,observed
8,2022W13,2022-04-02,12,6,ct,Connecticut,26.0,1,0,observed
9,2022W14,2022-04-09,13,6,ct,Connecticut,47.0,1,0,observed
10,2022W15,2022-04-16,14,6,ct,Connecticut,45.0,1,0,observed
11,2022W16,2022-04-23,15,6,ct,Connecticut,52.0,1,0,observed
12,2022W17,2022-04-30,16,6,ct,Connecticut,57.0,1,0,observed
13,2022W18,2022-05-07,17,6,ct,Connecticut,76.0,1,0,observed
14,2022W19,2022-05-14,18,6,ct,Connecticut,70.0,1,0,observed
15,2022W20,2022-05-21,19,6,ct,Connecticut,75.0,1,0,observed
16,2022W21,2022-05-28,20,6,ct,Connecticut,36.0,1,0,observed
17,2022W22,2022-06-04,21,6,ct,Connecticut,20.0,1,0,observed
18,2022W23,2022-06-11,22,6,ct,Connecticut,36.0,1,0,observed
19,2022W24,2022-06-18,23,6,ct,Connecticut,14.0,1,0,observed
20,2022W25,2022-06-25,24,6,ct,Connecticut,6.0,1,0,observed
21,2022W26,2022-07-02,25,6,ct,Connecticut,8.0,1,0,observed
22,2022W27,2022-07-09,26,6,ct,Connecticut,5.0,1,0,observed
23,2022W28,2022-07-16,27,6,ct,Connecticut,3.0,1,0,observed
24,2022W29,2022-07-23,28,6,ct,Connecticut,6.0,1,0,observed
25,2022W30,2022-07-30,29,6,ct,Connecticut,3.0,1,0,observed
26,2022W31,2022-08-06,30,6,ct,Connecticut,3.0,1,0,observed
27,2022W32,2022-08-13,31,6,ct,Connecticut,1.0,1,0,observed
28,2022W33,2022-08-20,32,6,ct,Connecticut,2.0,1,0,observed
29,2022W34,2022-08-27,33,6,ct,Connecticut,8.0,1,0,observed
30,2022W35,2022-09-03,34,6,ct,Connecticut,4.0,1,0,observed
31,2022W36,2022-09-10,35,6,ct,Connecticut,3.0,1,0,observed
32,2022W37,2022-09-17,36,6,ct,Connecticut,5.0,1,0,observed
33,2022W38,2022-09-24,37,6,ct,Connecticut,3.0,1,0,observed
34,2022W39,2022-10-01,38,6,ct,Connecticut,2.0,1,0,observed
35,2022W40,2022-10-08,39,6,ct,Connecticut,2.0,1,0,observed
36,2022W41,2022-10-15,40,6,ct,Connecticut,6.0,1,0,observed
37,2022W42,2022-10-22,41,6,ct,Connecticut,11.0,1,0,observed
38,2022W43,2022-10-29,42,6,ct,Connecticut,36.0,1,0,observed
39,2022W44,2022-11-05,43,6,ct,Connecticut,38.0,1,0,observed
40,2022W45,2022-11-12,44,6,ct,Connecticut,52.0,1,0,observed
41,2022W46,2022-11-19,45,6,ct,Connecticut,103.0,1,0,observed
42,2022W47,2022-11-26,46,6,ct,Connecticut,183.0,1,0,observed
43,2022W48,2022-12-03,47,6,ct,Connecticut,426.0,1,0,observed
44,2022W49,2022-12-10,48,6,ct,Connecticut,394.0,1,0,observed
45,2022W50,2022-12-17,49,6,ct,Connecticut,395.0,1,0,observed
46,2022W51,2022-12-24,50,6,ct,Connecticut,270.0,1,0,observed
47,2022W52,2022-12-31,51,6,ct,Connecticut,241.0,1,0,observed
48,2023W01,2023-01-07,0,6,ct,Connecticut,170.0,1,0,observed
49,2023W02,2023-01-14,1,6,ct,Connecticut,79.0,1,0,observed
50,2023W03,2023-01-21,2,6,ct,Connecticut,36.0,1,0,observed
51,2023W04,2023-01-28,3,6,ct,Connecticut,33.0,1,0,observed
52,2023W05,2023-02-04,4,6,ct,Connecticut,15.0,1,0,observed
53,2023W06,2023-02-11,5,6,ct,Connecticut,15.0,1,0,observed
54,2023W07,2023-02-18,6,6,ct,Connecticut,14.0,1,0,observed
55,2023W08,2023-02-25,7,6,ct,Connecticut,17.0,1,0,observed
56,2023W09,2023-03-04,8,6,ct,Connecticut,10.0,1,0,observed
57,2023W10,2023-03-11,9,6,ct,Connecticut,19.0,1,0,observed
58,2023W11,2023-03-18,10,6,ct,Connecticut,10.0,1,0,observed
59,2023W12,2023-03-25,11,6,ct,Connecticut,13.0,1,0,observed
60,2023W13,2023-04-01,12,6,ct,Connecticut,12.0,1,0,observed
61,2023W14,2023-04-08,13,6,ct,Connecticut,22.0,1,0,observed
62,2023W15,2023-04-15,14,6,ct,Connecticut,11.0,1,0,observed
63,2023W16,2023-04-22,15,6,ct,Connecticut,8.0,1,0,observed
64,2023W17,2023-04-29,16,6,ct,Connecticut,9.0,1,0,observed
65,2023W18,2023-05-06,17,6,ct,Connecticut,7.0,1,0,observed
66,2023W19,2023-05-13,18,6,ct,Connecticut,6.0,1,0,observed
67,2023W20,2023-05-20,19,6,ct,Connecticut,9.0,1,0,observed
68,2023W21,2023-05-27,20,6,ct,Connecticut,12.0,1,0,observed
69,2023W22,2023-06-03,21,6,ct,Connecticut,4.0,1,0,observed
70,2023W23,2023-06-10,22,6,ct,Connecticut,6.0,1,0,observed
71,2023W24,2023-06-17,23,6,ct,Connecticut,6.0,1,0,observed
72,2023W25,2023-06-24,24,6,ct,Connecticut,6.0,1,0,observed
73,2023W26,2023-07-01,25,6,ct,Connecticut,6.0,1,0,observed
74,2023W27,2023-07-08,26,6,ct,Connecticut,1.0,1,0,observed
75,2023W28,2023-07-15,27,6,ct,Connecticut,2.0,1,0,observed
76,2023W29,2023-07-22,28,6,ct,Connecticut,3.0,1,0,observed
77,2023W30,2023-07-29,29,6,ct,Connecticut,5.0,1,0,observed
78,2023W31,2023-08-05,30,6,ct,Connecticut,4.0,1,0,observed
79,2023W32,2023-08-12,31,6,ct,Connecticut,7.0,1,0,observed
80,2023W33,2023-08-19,32,6,ct,Connecticut,4.0,1,0,observed
81,2023W34,2023-08-26,33,6,ct,Connecticut,8.0,1,0,observed
82,2023W35,2023-09-02,34,6,ct,Connecticut,6.0,1,0,observed
83,2023W36,2023-09-09,35,6,ct,Connecticut,1.0,1,0,observed
84,2023W37,2023-09-16,36,6,ct,Connecticut,9.0,1,0,observed
85,2023W38,2023-09-23,37,6,ct,Connecticut,16.0,1,0,observed
86,2023W39,2023-09-30,38,6,ct,Connecticut,8.0,1,0,observed
87,2023W40,2023-10-07,39,6,ct,Connecticut,4.0,1,0,observed
88,2023W41,2023-10-14,40,6,ct,Connecticut,3.0,1,0,observed
89,2023W42,2023-10-21,41,6,ct,Connecticut,1.0,1,0,observed
90,2023W43,2023-10-28,42,6,ct,Connecticut,7.0,1,0,observed
91,2023W44,2023-11-04,43,6,ct,Connecticut,12.0,1,0,observed
92,2023W45,2023-11-11,44,6,ct,Connecticut,5.0,1,0,observed
93,2023W46,2023-11-18,45,6,ct,Connecticut,22.0,1,0,observed
94,2023W47,2023-11-25,46,6,ct,Connecticut,33.0,1,0,observed
95,2023W48,2023-12-02,47,6,ct,Connecticut,57.0,1,0,observed
96,2023W49,2023-12-09,48,6,ct,Connecticut,74.0,1,0,observed
97,2023W50,2023-12-16,49,6,ct,Connecticut,120.0,1,0,observed
98,2023W51,2023-12-23,50,6,ct,Connecticut,115.0,1,0,observed
99,2023W52,2023-12-30,51,6,ct,Connecticut,194.0,1,0,observed
100,2024W01,2024-01-06,0,6,ct,Connecticut,167.0,1,0,observed
101,2024W02,2024-01-13,1,6,ct,Connecticut,159.0,1,0,observed
102,2024W03,2024-01-20,2,6,ct,Connecticut,128.0,1,0,observed
103,2024W04,2024-01-27,3,6,ct,Connecticut,156.0,1,0,observed
104,2024W05,2024-02-03,4,6,ct,Connecticut,111.0,1,0,observed
105,2024W06,2024-02-10,5,6,ct,Connecticut,142.0,1,0,observed
106,2024W07,2024-02-17,6,6,ct,Connecticut,119.0,1,0,observed
107,2024W08,2024-02-24,7,6,ct,Connecticut,171.0,1,0,observed
108,2024W09,2024-03-02,8,6,ct,Connecticut,212.0,1,0,observed
109,2024W10,2024-03-09,9,6,ct,Connecticut,165.0,1,0,observed
110,2024W11,2024-03-16,10,6,ct,Connecticut,99.0,1,0,observed
111,2024W12,2024-03-23,11,6,ct,Connecticut,83.0,1,0,observed
112,2024W13,2024-03-30,12,6,ct,Connecticut,89.0,1,0,observed
113,2024W14,2024-04-06,13,6,ct,Connecticut,88.0,1,0,observed
114,2024W15,2024-04-13,14,6,ct,Connecticut,62.0,1,0,observed
115,2024W16,2024-04-20,15,6,ct,Connecticut,57.0,1,0,observed
116,2024W17,2024-04-27,16,6,ct,Connecticut,64.0,1,0,observed
117,2024W18,2024-05-04,17,6,ct,Connecticut,34.0,1,0,observed
118,2024W19,2024-05-11,18,6,ct,Connecticut,22.0,1,0,observed
119,2024W20,2024-05-18,19,6,ct,Connecticut,10.0,1,0,observed
120,2024W21,2024-05-25,20,6,ct,Connecticut,6.0,1,0,observed
121,2024W22,2024-06-01,21,6,ct,Connecticut,4.0,1,0,observed
122,2024W23,2024-06-08,22,6,ct,Connecticut,5.0,1,0,observed
123,2024W24,2024-06-15,23,6,ct,Connecticut,2.0,1,0,observed
124,2024W25,2024-06-22,24,6,ct,Connecticut,3.0,1,0,observed
125,2024W26,2024-06-29,25,6,ct,Connecticut,1.0,1,0,observed
126,2024W27,2024-07-06,26,6,ct,Connecticut,7.0,1,0,observed
127,2024W28,2024-07-13,27,6,ct,Connecticut,3.0,1,0,observed
128,2024W29,2024-07-20,28,6,ct,Connecticut,2.0,1,0,observed
129,2024W30,2024-07-27,29,6,ct,Connecticut,1.0,1,0,observed
130,2024W31,2024-08-03,30,6,ct,Connecticut,3.0,1,0,observed
131,2024W32,2024-08-10,31,6,ct,Connecticut,0.0,1,0,observed
132,2024W33,2024-08-17,32,6,ct,Connecticut,2.0,1,0,observed
133,2024W34,2024-08-24,33,6,ct,Connecticut,1.0,1,0,observed
134,2024W35,2024-08-31,34,6,ct,Connecticut,0.0,1,0,observed
135,2024W36,2024-09-07,35,6,ct,Connecticut,2.0,1,0,observed
136,2024W37,2024-09-14,36,6,ct,Connecticut,2.0,1,0,observed
137,2024W38,2024-09-21,37,6,ct,Connecticut,0.0,1,0,observed
138,2024W39,2024-09-28,38,6,ct,Connecticut,0.0,1,0,observed
139,2024W40,2024-10-05,39,6,ct,Connecticut,4.0,1,0,observed
140,2024W41,2024-10-12,40,6,ct,Connecticut,0.0,1,0,observed
141,2024W42,2024-10-19,41,6,ct,Connecticut,5.0,1,0,observed
142,2024W43,2024-10-26,42,6,ct,Connecticut,6.0,1,0,observed
143,2024W44,2024-11-02,43,6,ct,Connecticut,10.0,1,0,observed
144,2024W45,2024-11-09,44,6,ct,Connecticut,4.0,1,0,observed
145,2024W46,2024-11-16,45,6,ct,Connecticut,5.0,1,0,observed
146,2024W47,2024-11-23,46,6,ct,Connecticut,4.0,1,0,observed
147,2024W48,2024-11-30,47,6,ct,Connecticut,11.0,1,0,observed
148,2024W49,2024-12-07,48,6,ct,Connecticut,13.0,1,0,observed
149,2024W50,2024-12-14,49,6,ct,Connecticut,24.0,1,0,observed
150,2024W51,2024-12-21,50,6,ct,Connecticut,45.0,1,0,observed
151,2024W52,2024-12-28,51,6,ct,Connecticut,148.0,1,0,observed
152,2025W01,2025-01-04,0,6,ct,Connecticut,306.0,1,0,observed
153,2025W02,2025-01-11,1,6,ct,Connecticut,258.0,1,0,observed
154,2025W03,2025-01-18,2,6,ct,Connecticut,251.0,1,0,observed
155,2025W04,2025-01-25,3,6,ct,Connecticut,385.0,1,0,observed
156,2025W05,2025-02-01,4,6,ct,Connecticut,493.0,1,0,observed
157,2025W06,2025-02-08,5,6,ct,Connecticut,538.0,1,0,observed
158,2025W07,2025-02-15,6,6,ct,Connecticut,499.0,1,0,observed
159,2025W08,2025-02-22,7,6,ct,Connecticut,372.0,1,0,observed
160,2025W09,2025-03-01,8,6,ct,Connecticut,278.0,1,0,observed
161,2025W10,2025-03-08,9,6,ct,Connecticut,187.0,1,0,observed
162,2025W11,2025-03-15,10,6,ct,Connecticut,153.0,1,0,observed
163,2025W12,2025-03-22,11,6,ct,Connecticut,118.0,1,0,observed
164,2025W13,2025-03-29,12,6,ct,Connecticut,77.0,1,0,observed
165,2025W14,2025-04-05,13,6,ct,Connecticut,53.0,1,0,observed
166,2025W15,2025-04-12,14,6,ct,Connecticut,40.0,1,0,observed
167,2025W16,2025-04-19,15,6,ct,Connecticut,34.0,1,0,observed
168,2025W17,2025-04-26,16,6,ct,Connecticut,53.0,1,0,observed
169,2025W18,2025-05-03,17,6,ct,Connecticut,25.0,1,0,observed
170,2025W19,2025-05-10,18,6,ct,Connecticut,9.0,1,0,observed
171,2025W20,2025-05-17,19,6,ct,Connecticut,17.0,1,0,observed
172,2025W21,2025-05-24,20,6,ct,Connecticut,14.0,1,0,observed
173,2025W22,2025-05-31,21,6,ct,Connecticut,16.0,1,0,observed
174,2025W23,2025-06-07,22,6,ct,Connecticut,8.0,1,0,observed
175,2025W24,2025-06-14,23,6,ct,Connecticut,4.0,1,0,observed
176,2025W25,2025-06-21,24,6,ct,Connecticut,4.0,1,0,observed
177,2025W26,2025-06-28,25,6,ct,Connecticut,1.0,1,0,observed
178,2025W27,2025-07-05,26,6,ct,Connecticut,2.0,1,0,observed
179,2025W28,2025-07-12,27,6,ct,Connecticut,5.0,1,0,observed
180,2025W29,2025-07-19,28,6,ct,Connecticut,4.0,1,0,observed
181,2025W30,2025-07-26,29,6,ct,Connecticut,4.0,1,0,observed
182,2025W31,2025-08-02,30,6,ct,Connecticut,5.0,1,0,observed
183,2025W32,2025-08-09,31,6,ct,Connecticut,9.0,1,0,observed
184,2025W33,2025-08-16,32,6,ct,Connecticut,7.0,1,0,observed
185,2025W34,2025-08-23,33,6,ct,Connecticut,4.0,1,0,observed
186,2025W35,2025-08-30,34,6,ct,Connecticut,6.0,1,0,observed
187,2025W36,2025-09-06,35,6,ct,Connecticut,6.0,1,0,observed
188,2025W37,2025-09-13,36,6,ct,Connecticut,10.0,1,0,observed
189,2025W38,2025-09-20,37,6,ct,Connecticut,8.0,1,0,observed
190,2025W39,2025-09-27,38,6,ct,Connecticut,7.0,1,0,observed
191,2025W40,2025-10-04,39,6,ct,Connecticut,8.0,1,0,observed
192,2025W41,2025-10-11,40,6,ct,Connecticut,2.0,1,0,observed
193,2025W42,2025-10-18,41,6,ct,Connecticut,3.0,1,0,observed
194,2025W43,2025-10-25,42,6,ct,Connecticut,10.0,1,0,observed
195,2025W44,2025-11-01,43,6,ct,Connecticut,8.0,1,0,observed
196,2025W45,2025-11-08,44,6,ct,Connecticut,16.0,1,0,observed
197,2025W46,2025-11-15,45,6,ct,Connecticut,11.0,1,0,observed
198,2025W47,2025-11-22,46,6,ct,Connecticut,30.0,1,0,observed
199,2025W48,2025-11-29,47,6,ct,Connecticut,74.0,1,0,observed
200,2025W49,2025-12-06,48,6,ct,Connecticut,125.0,1,0,observed
201,2025W50,2025-12-13,49,6,ct,Connecticut,206.0,1,0,observed
202,2025W51,2025-12-20,50,6,ct,Connecticut,447.0,1,0,observed
203,2025W52,2025-12-27,51,6,ct,Connecticut,652.0,1,0,observed
204,2026W01,2026-01-03,0,6,ct,Connecticut,778.0,1,0,observed
205,2026W02,2026-01-10,1,6,ct,Connecticut,478.0,1,0,observed
206,2026W03,2026-01-17,2,6,ct,Connecticut,240.0,1,0,observed
207,2026W04,2026-01-24,3,6,ct,Connecticut,117.0,1,0,observed
208,2026W05,2026-01-31,4,6,ct,Connecticut,83.0,1,0,observed
209,2026W06,2026-02-07,5,6,ct,Connecticut,55.0,1,0,observed
210,2026W07,2026-02-14,6,6,ct,Connecticut,32.0,1,0,observed
211,2026W08,2026-02-21,7,6,ct,Connecticut,33.0,1,0,observed
212,2026W09,2026-02-28,8,6,ct,Connecticut,39.0,1,0,observed
213,2026W10,2026-03-07,9,6,ct,Connecticut,36.0,1,0,observed
214,2026W11,2026-03-14,10,6,ct,Connecticut,36.0,1,0,observed
215,2026W12,2026-03-21,11,6,ct,Connecticut,32.0,1,0,observed
216,2026W13,2026-03-28,12,6,ct,Connecticut,41.0,1,0,observed
217,2026W14,2026-04-04,13,6,ct,Connecticut,34.0,1,0,observed
218,2026W15,2026-04-11,14,6,ct,Connecticut,29.0,1,0,observed
219,2026W16,2026-04-18,15,6,ct,Connecticut,34.0,1,0,observed
0,2022W05,2022-02-05,4,7,de,Delaware,0.0,1,0,observed
1,2022W06,2022-02-12,5,7,de,Delaware,0.0,1,0,observed
2,2022W07,2022-02-19,6,7,de,Delaware,0.0,1,0,observed
3,2022W08,2022-02-26,7,7,de,Delaware,0.0,1,0,observed
4,2022W09,2022-03-05,8,7,de,Delaware,1.0,1,0,observed
5,2022W10,2022-03-12,9,7,de,Delaware,7.0,1,0,observed
6,2022W11,2022-03-19,10,7,de,Delaware,4.0,1,0,observed
7,2022W12,2022-03-26,11,7,de,Delaware,4.0,1,0,observed
8,2022W13,2022-04-02,12,7,de,Delaware,3.0,1,0,observed
9,2022W14,2022-04-09,13,7,de,Delaware,7.0,1,0,observed
10,2022W15,2022-04-16,14,7,de,Delaware,38.0,1,0,observed
11,2022W16,2022-04-23,15,7,de,Delaware,17.0,1,0,observed
12,2022W17,2022-04-30,16,7,de,Delaware,7.0,1,0,observed
13,2022W18,2022-05-07,17,7,de,Delaware,4.0,1,0,observed
14,2022W19,2022-05-14,18,7,de,Delaware,3.0,1,0,observed
15,2022W20,2022-05-21,19,7,de,Delaware,4.0,1,0,observed
16,2022W21,2022-05-28,20,7,de,Delaware,3.0,1,0,observed
17,2022W22,2022-06-04,21,7,de,Delaware,9.0,1,0,observed
18,2022W23,2022-06-11,22,7,de,Delaware,6.0,1,0,observed
19,2022W24,2022-06-18,23,7,de,Delaware,1.0,1,0,observed
20,2022W25,2022-06-25,24,7,de,Delaware,2.0,1,0,observed
21,2022W26,2022-07-02,25,7,de,Delaware,0.0,1,0,observed
22,2022W27,2022-07-09,26,7,de,Delaware,0.0,1,0,observed
23,2022W28,2022-07-16,27,7,de,Delaware,1.0,1,0,observed
24,2022W29,2022-07-23,28,7,de,Delaware,0.0,1,0,observed
25,2022W30,2022-07-30,29,7,de,Delaware,0.0,1,0,observed
26,2022W31,2022-08-06,30,7,de,Delaware,0.0,1,0,observed
27,2022W32,2022-08-13,31,7,de,Delaware,0.0,1,0,observed
28,2022W33,2022-08-20,32,7,de,Delaware,0.0,1,0,observed
29,2022W34,2022-08-27,33,7,de,Delaware,0.0,1,0,observed
30,2022W35,2022-09-03,34,7,de,Delaware,1.0,1,0,observed
31,2022W36,2022-09-10,35,7,de,Delaware,0.0,1,0,observed
32,2022W37,2022-09-17,36,7,de,Delaware,2.0,1,0,observed
33,2022W38,2022-09-24,37,7,de,Delaware,0.0,1,0,observed
34,2022W39,2022-10-01,38,7,de,Delaware,0.0,1,0,observed
35,2022W40,2022-10-08,39,7,de,Delaware,0.0,1,0,observed
36,2022W41,2022-10-15,40,7,de,Delaware,0.0,1,0,observed
37,2022W42,2022-10-22,41,7,de,Delaware,1.0,1,0,observed
38,2022W43,2022-10-29,42,7,de,Delaware,4.0,1,0,observed
39,2022W44,2022-11-05,43,7,de,Delaware,10.0,1,0,observed
40,2022W45,2022-11-12,44,7,de,Delaware,13.0,1,0,observed
41,2022W46,2022-11-19,45,7,de,Delaware,53.0,1,0,observed
42,2022W47,2022-11-26,46,7,de,Delaware,39.0,1,0,observed
43,2022W48,2022-12-03,47,7,de,Delaware,86.0,1,0,observed
44,2022W49,2022-12-10,48,7,de,Delaware,30.0,1,0,observed
45,2022W50,2022-12-17,49,7,de,Delaware,25.0,1,0,observed
46,2022W51,2022-12-24,50,7,de,Delaware,29.0,1,0,observed
47,2022W52,2022-12-31,51,7,de,Delaware,42.0,1,0,observed
48,2023W01,2023-01-07,0,7,de,Delaware,45.0,1,0,observed
49,2023W02,2023-01-14,1,7,de,Delaware,12.0,1,0,observed
50,2023W03,2023-01-21,2,7,de,Delaware,6.0,1,0,observed
51,2023W04,2023-01-28,3,7,de,Delaware,6.0,1,0,observed
52,2023W05,2023-02-04,4,7,de,Delaware,10.0,1,0,observed
53,2023W06,2023-02-11,5,7,de,Delaware,1.0,1,0,observed
54,2023W07,2023-02-18,6,7,de,Delaware,1.0,1,0,observed
55,2023W08,2023-02-25,7,7,de,Delaware,0.0,1,0,observed
56,2023W09,2023-03-04,8,7,de,Delaware,5.0,1,0,observed
57,2023W10,2023-03-11,9,7,de,Delaware,1.0,1,0,observed
58,2023W11,2023-03-18,10,7,de,Delaware,0.0,1,0,observed
59,2023W12,2023-03-25,11,7,de,Delaware,2.0,1,0,observed
60,2023W13,2023-04-01,12,7,de,Delaware,2.0,1,0,observed
61,2023W14,2023-04-08,13,7,de,Delaware,0.0,1,0,observed
62,2023W15,2023-04-15,14,7,de,Delaware,0.0,1,0,observed
63,2023W16,2023-04-22,15,7,de,Delaware,0.0,1,0,observed
64,2023W17,2023-04-29,16,7,de,Delaware,1.0,1,0,observed
65,2023W18,2023-05-06,17,7,de,Delaware,0.0,1,0,observed
66,2023W19,2023-05-13,18,7,de,Delaware,1.0,1,0,observed
67,2023W20,2023-05-20,19,7,de,Delaware,0.0,1,0,observed
68,2023W21,2023-05-27,20,7,de,Delaware,0.0,1,0,observed
69,2023W22,2023-06-03,21,7,de,Delaware,3.0,1,0,observed
70,2023W23,2023-06-10,22,7,de,Delaware,0.0,1,0,observed
71,2023W24,2023-06-17,23,7,de,Delaware,0.0,1,0,observed
72,2023W25,2023-06-24,24,7,de,Delaware,0.0,1,0,observed
73,2023W26,2023-07-01,25,7,de,Delaware,0.0,1,0,observed
74,2023W27,2023-07-08,26,7,de,Delaware,0.0,1,0,observed
75,2023W28,2023-07-15,27,7,de,Delaware,0.0,1,0,observed
76,2023W29,2023-07-22,28,7,de,Delaware,2.0,1,0,observed
77,2023W30,2023-07-29,29,7,de,Delaware,0.0,1,0,observed
78,2023W31,2023-08-05,30,7,de,Delaware,0.0,1,0,observed
79,2023W32,2023-08-12,31,7,de,Delaware,1.0,1,0,observed
80,2023W33,2023-08-19,32,7,de,Delaware,0.0,1,0,observed
81,2023W34,2023-08-26,33,7,de,Delaware,0.0,1,0,observed
82,2023W35,2023-09-02,34,7,de,Delaware,0.0,1,0,observed
83,2023W36,2023-09-09,35,7,de,Delaware,0.0,1,0,observed
84,2023W37,2023-09-16,36,7,de,Delaware,0.0,1,0,observed
85,2023W38,2023-09-23,37,7,de,Delaware,0.0,1,0,observed
86,2023W39,2023-09-30,38,7,de,Delaware,0.0,1,0,observed
87,2023W40,2023-10-07,39,7,de,Delaware,2.0,1,0,observed
88,2023W41,2023-10-14,40,7,de,Delaware,0.0,1,0,observed
89,2023W42,2023-10-21,41,7,de,Delaware,1.0,1,0,observed
90,2023W43,2023-10-28,42,7,de,Delaware,1.0,1,0,observed
91,2023W44,2023-11-04,43,7,de,Delaware,1.0,1,0,observed
92,2023W45,2023-11-11,44,7,de,Delaware,1.0,1,0,observed
93,2023W46,2023-11-18,45,7,de,Delaware,2.0,1,0,observed
94,2023W47,2023-11-25,46,7,de,Delaware,1.0,1,0,observed
95,2023W48,2023-12-02,47,7,de,Delaware,2.0,1,0,observed
96,2023W49,2023-12-09,48,7,de,Delaware,10.0,1,0,observed
97,2023W50,2023-12-16,49,7,de,Delaware,18.0,1,0,observed
98,2023W51,2023-12-23,50,7,de,Delaware,24.0,1,0,observed
99,2023W52,2023-12-30,51,7,de,Delaware,60.0,1,0,observed
100,2024W01,2024-01-06,0,7,de,Delaware,48.0,1,0,observed
101,2024W02,2024-01-13,1,7,de,Delaware,34.0,1,0,observed
102,2024W03,2024-01-20,2,7,de,Delaware,32.0,1,0,observed
103,2024W04,2024-01-27,3,7,de,Delaware,28.0,1,0,observed
104,2024W05,2024-02-03,4,7,de,Delaware,25.0,1,0,observed
105,2024W06,2024-02-10,5,7,de,Delaware,25.0,1,0,observed
106,2024W07,2024-02-17,6,7,de,Delaware,36.0,1,0,observed
107,2024W08,2024-02-24,7,7,de,Delaware,24.0,1,0,observed
108,2024W09,2024-03-02,8,7,de,Delaware,33.0,1,0,observed
109,2024W10,2024-03-09,9,7,de,Delaware,26.0,1,0,observed
110,2024W11,2024-03-16,10,7,de,Delaware,18.0,1,0,observed
111,2024W12,2024-03-23,11,7,de,Delaware,16.0,1,0,observed
112,2024W13,2024-03-30,12,7,de,Delaware,15.0,1,0,observed
113,2024W14,2024-04-06,13,7,de,Delaware,19.0,1,0,observed
114,2024W15,2024-04-13,14,7,de,Delaware,7.0,1,0,observed
115,2024W16,2024-04-20,15,7,de,Delaware,8.0,1,0,observed
116,2024W17,2024-04-27,16,7,de,Delaware,2.0,1,0,observed
117,2024W18,2024-05-04,17,7,de,Delaware,4.0,1,0,observed
118,2024W19,2024-05-11,18,7,de,Delaware,1.0,1,0,observed
119,2024W20,2024-05-18,19,7,de,Delaware,1.0,1,0,observed
120,2024W21,2024-05-25,20,7,de,Delaware,1.0,1,0,observed
121,2024W22,2024-06-01,21,7,de,Delaware,0.0,1,0,observed
122,2024W23,2024-06-08,22,7,de,Delaware,1.0,1,0,observed
123,2024W24,2024-06-15,23,7,de,Delaware,0.0,1,0,observed
124,2024W25,2024-06-22,24,7,de,Delaware,0.0,1,0,observed
125,2024W26,2024-06-29,25,7,de,Delaware,1.0,1,0,observed
126,2024W27,2024-07-06,26,7,de,Delaware,0.0,1,0,observed
127,2024W28,2024-07-13,27,7,de,Delaware,0.0,1,0,observed
128,2024W29,2024-07-20,28,7,de,Delaware,0.0,1,0,observed
129,2024W30,2024-07-27,29,7,de,Delaware,0.0,1,0,observed
130,2024W31,2024-08-03,30,7,de,Delaware,0.0,1,0,observed
131,2024W32,2024-08-10,31,7,de,Delaware,0.0,1,0,observed
132,2024W33,2024-08-17,32,7,de,Delaware,0.0,1,0,observed
133,2024W34,2024-08-24,33,7,de,Delaware,0.0,1,0,observed
134,2024W35,2024-08-31,34,7,de,Delaware,0.0,1,0,observed
135,2024W36,2024-09-07,35,7,de,Delaware,1.0,1,0,observed
136,2024W37,2024-09-14,36,7,de,Delaware,0.0,1,0,observed
137,2024W38,2024-09-21,37,7,de,Delaware,0.0,1,0,observed
138,2024W39,2024-09-28,38,7,de,Delaware,0.0,1,0,observed
139,2024W40,2024-10-05,39,7,de,Delaware,0.0,1,0,observed
140,2024W41,2024-10-12,40,7,de,Delaware,0.0,1,0,observed
141,2024W42,2024-10-19,41,7,de,Delaware,0.0,1,0,observed
142,2024W43,2024-10-26,42,7,de,Delaware,0.0,1,0,observed
143,2024W44,2024-11-02,43,7,de,Delaware,0.0,1,0,observed
144,2024W45,2024-11-09,44,7,de,Delaware,1.0,1,0,observed
145,2024W46,2024-11-16,45,7,de,Delaware,4.0,1,0,observed
146,2024W47,2024-11-23,46,7,de,Delaware,7.0,1,0,observed
147,2024W48,2024-11-30,47,7,de,Delaware,5.0,1,0,observed
148,2024W49,2024-12-07,48,7,de,Delaware,15.0,1,0,observed
149,2024W50,2024-12-14,49,7,de,Delaware,15.0,1,0,observed
150,2024W51,2024-12-21,50,7,de,Delaware,43.0,1,0,observed
151,2024W52,2024-12-28,51,7,de,Delaware,96.0,1,0,observed
152,2025W01,2025-01-04,0,7,de,Delaware,185.0,1,0,observed
153,2025W02,2025-01-11,1,7,de,Delaware,108.0,1,0,observed
154,2025W03,2025-01-18,2,7,de,Delaware,94.0,1,0,observed
155,2025W04,2025-01-25,3,7,de,Delaware,117.0,1,0,observed
156,2025W05,2025-02-01,4,7,de,Delaware,198.0,1,0,observed
157,2025W06,2025-02-08,5,7,de,Delaware,231.0,1,0,observed
158,2025W07,2025-02-15,6,7,de,Delaware,230.0,1,0,observed
159,2025W08,2025-02-22,7,7,de,Delaware,164.0,1,0,observed
160,2025W09,2025-03-01,8,7,de,Delaware,125.0,1,0,observed
161,2025W10,2025-03-08,9,7,de,Delaware,81.0,1,0,observed
162,2025W11,2025-03-15,10,7,de,Delaware,64.0,1,0,observed
163,2025W12,2025-03-22,11,7,de,Delaware,48.0,1,0,observed
164,2025W13,2025-03-29,12,7,de,Delaware,34.0,1,0,observed
165,2025W14,2025-04-05,13,7,de,Delaware,24.0,1,0,observed
166,2025W15,2025-04-12,14,7,de,Delaware,14.0,1,0,observed
167,2025W16,2025-04-19,15,7,de,Delaware,10.0,1,0,observed
168,2025W17,2025-04-26,16,7,de,Delaware,4.0,1,0,observed
169,2025W18,2025-05-03,17,7,de,Delaware,10.0,1,0,observed
170,2025W19,2025-05-10,18,7,de,Delaware,5.0,1,0,observed
171,2025W20,2025-05-17,19,7,de,Delaware,0.0,1,0,observed
172,2025W21,2025-05-24,20,7,de,Delaware,1.0,1,0,observed
173,2025W22,2025-05-31,21,7,de,Delaware,0.0,1,0,observed
174,2025W23,2025-06-07,22,7,de,Delaware,0.0,1,0,observed
175,2025W24,2025-06-14,23,7,de,Delaware,5.0,1,0,observed
176,2025W25,2025-06-21,24,7,de,Delaware,3.0,1,0,observed
177,2025W26,2025-06-28,25,7,de,Delaware,1.0,1,0,observed
178,2025W27,2025-07-05,26,7,de,Delaware,3.0,1,0,observed
179,2025W28,2025-07-12,27,7,de,Delaware,2.0,1,0,observed
180,2025W29,2025-07-19,28,7,de,Delaware,1.0,1,0,observed
181,2025W30,2025-07-26,29,7,de,Delaware,0.0,1,0,observed
182,2025W31,2025-08-02,30,7,de,Delaware,0.0,1,0,observed
183,2025W32,2025-08-09,31,7,de,Delaware,0.0,1,0,observed
184,2025W33,2025-08-16,32,7,de,Delaware,0.0,1,0,observed
185,2025W34,2025-08-23,33,7,de,Delaware,0.0,1,0,observed
186,2025W35,2025-08-30,34,7,de,Delaware,2.0,1,0,observed
187,2025W36,2025-09-06,35,7,de,Delaware,0.0,1,0,observed
188,2025W37,2025-09-13,36,7,de,Delaware,0.0,1,0,observed
189,2025W38,2025-09-20,37,7,de,Delaware,2.0,1,0,observed
190,2025W39,2025-09-27,38,7,de,Delaware,0.0,1,0,observed
191,2025W40,2025-10-04,39,7,de,Delaware,1.0,1,0,observed
192,2025W41,2025-10-11,40,7,de,Delaware,7.0,1,0,observed
193,2025W42,2025-10-18,41,7,de,Delaware,1.0,1,0,observed
194,2025W43,2025-10-25,42,7,de,Delaware,0.0,1,0,observed
195,2025W44,2025-11-01,43,7,de,Delaware,3.0,1,0,observed
196,2025W45,2025-11-08,44,7,de,Delaware,4.0,1,0,observed
197,2025W46,2025-11-15,45,7,de,Delaware,7.0,1,0,observed
198,2025W47,2025-11-22,46,7,de,Delaware,13.0,1,0,observed
199,2025W48,2025-11-29,47,7,de,Delaware,13.0,1,0,observed
200,2025W49,2025-12-06,48,7,de,Delaware,17.0,1,0,observed
201,2025W50,2025-12-13,49,7,de,Delaware,39.0,1,0,observed
202,2025W51,2025-12-20,50,7,de,Delaware,99.0,1,0,observed
203,2025W52,2025-12-27,51,7,de,Delaware,211.0,1,0,observed
204,2026W01,2026-01-03,0,7,de,Delaware,209.0,1,0,observed
205,2026W02,2026-01-10,1,7,de,Delaware,174.0,1,0,observed
206,2026W03,2026-01-17,2,7,de,Delaware,134.0,1,0,observed
207,2026W04,2026-01-24,3,7,de,Delaware,101.0,1,0,observed
208,2026W05,2026-01-31,4,7,de,Delaware,74.0,1,0,observed
209,2026W06,2026-02-07,5,7,de,Delaware,51.0,1,0,observed
210,2026W07,2026-02-14,6,7,de,Delaware,48.0,1,0,observed
211,2026W08,2026-02-21,7,7,de,Delaware,49.0,1,0,observed
212,2026W09,2026-02-28,8,7,de,Delaware,40.0,1,0,observed
213,2026W10,2026-03-07,9,7,de,Delaware,31.0,1,0,observed
214,2026W11,2026-03-14,10,7,de,Delaware,38.0,1,0,observed
215,2026W12,2026-03-21,11,7,de,Delaware,24.0,1,0,observed
216,2026W13,2026-03-28,12,7,de,Delaware,4.0,1,0,observed
217,2026W14,2026-04-04,13,7,de,Delaware,7.0,1,0,observed
218,2026W15,2026-04-11,14,7,de,Delaware,6.0,1,0,observed
219,2026W16,2026-04-18,15,7,de,Delaware,2.0,1,0,observed
0,2022W05,2022-02-05,4,8,dc,District of Columbia,3.0,1,0,observed
1,2022W06,2022-02-12,5,8,dc,District of Columbia,0.0,1,0,observed
2,2022W07,2022-02-19,6,8,dc,District of Columbia,1.0,1,0,observed
3,2022W08,2022-02-26,7,8,dc,District of Columbia,0.0,1,0,observed
4,2022W09,2022-03-05,8,8,dc,District of Columbia,1.0,1,0,observed
5,2022W10,2022-03-12,9,8,dc,District of Columbia,4.0,1,0,observed
6,2022W11,2022-03-19,10,8,dc,District of Columbia,2.0,1,0,observed
7,2022W12,2022-03-26,11,8,dc,District of Columbia,4.0,1,0,observed
8,2022W13,2022-04-02,12,8,dc,District of Columbia,4.0,1,0,observed
9,2022W14,2022-04-09,13,8,dc,District of Columbia,2.0,1,0,observed
10,2022W15,2022-04-16,14,8,dc,District of Columbia,2.0,1,0,observed
11,2022W16,2022-04-23,15,8,dc,District of Columbia,1.0,1,0,observed
12,2022W17,2022-04-30,16,8,dc,District of Columbia,3.0,1,0,observed
13,2022W18,2022-05-07,17,8,dc,District of Columbia,2.0,1,0,observed
14,2022W19,2022-05-14,18,8,dc,District of Columbia,5.0,1,0,observed
15,2022W20,2022-05-21,19,8,dc,District of Columbia,4.0,1,0,observed
16,2022W21,2022-05-28,20,8,dc,District of Columbia,4.0,1,0,observed
17,2022W22,2022-06-04,21,8,dc,District of Columbia,5.0,1,0,observed
18,2022W23,2022-06-11,22,8,dc,District of Columbia,2.0,1,0,observed
19,2022W24,2022-06-18,23,8,dc,District of Columbia,2.0,1,0,observed
20,2022W25,2022-06-25,24,8,dc,District of Columbia,3.0,1,0,observed
21,2022W26,2022-07-02,25,8,dc,District of Columbia,1.0,1,0,observed
22,2022W27,2022-07-09,26,8,dc,District of Columbia,2.0,1,0,observed
23,2022W28,2022-07-16,27,8,dc,District of Columbia,1.0,1,0,observed
24,2022W29,2022-07-23,28,8,dc,District of Columbia,0.0,1,0,observed
25,2022W30,2022-07-30,29,8,dc,District of Columbia,0.0,1,0,observed
26,2022W31,2022-08-06,30,8,dc,District of Columbia,2.0,1,0,observed
27,2022W32,2022-08-13,31,8,dc,District of Columbia,0.0,1,0,observed
28,2022W33,2022-08-20,32,8,dc,District of Columbia,0.0,1,0,observed
29,2022W34,2022-08-27,33,8,dc,District of Columbia,1.0,1,0,observed
30,2022W35,2022-09-03,34,8,dc,District of Columbia,0.0,1,0,observed
31,2022W36,2022-09-10,35,8,dc,District of Columbia,0.0,1,0,observed
32,2022W37,2022-09-17,36,8,dc,District of Columbia,0.0,1,0,observed
33,2022W38,2022-09-24,37,8,dc,District of Columbia,1.0,1,0,observed
34,2022W39,2022-10-01,38,8,dc,District of Columbia,0.0,1,0,observed
35,2022W40,2022-10-08,39,8,dc,District of Columbia,1.0,1,0,observed
36,2022W41,2022-10-15,40,8,dc,District of Columbia,2.0,1,0,observed
37,2022W42,2022-10-22,41,8,dc,District of Columbia,5.0,1,0,observed
38,2022W43,2022-10-29,42,8,dc,District of Columbia,11.0,1,0,observed
39,2022W44,2022-11-05,43,8,dc,District of Columbia,33.0,1,0,observed
40,2022W45,2022-11-12,44,8,dc,District of Columbia,44.0,1,0,observed
41,2022W46,2022-11-19,45,8,dc,District of Columbia,35.0,1,0,observed
42,2022W47,2022-11-26,46,8,dc,District of Columbia,57.0,1,0,observed
43,2022W48,2022-12-03,47,8,dc,District of Columbia,65.0,1,0,observed
44,2022W49,2022-12-10,48,8,dc,District of Columbia,40.0,1,0,observed
45,2022W50,2022-12-17,49,8,dc,District of Columbia,19.0,1,0,observed
46,2022W51,2022-12-24,50,8,dc,District of Columbia,16.0,1,0,observed
47,2022W52,2022-12-31,51,8,dc,District of Columbia,30.0,1,0,observed
48,2023W01,2023-01-07,0,8,dc,District of Columbia,17.0,1,0,observed
49,2023W02,2023-01-14,1,8,dc,District of Columbia,5.0,1,0,observed
50,2023W03,2023-01-21,2,8,dc,District of Columbia,8.0,1,0,observed
51,2023W04,2023-01-28,3,8,dc,District of Columbia,7.0,1,0,observed
52,2023W05,2023-02-04,4,8,dc,District of Columbia,8.0,1,0,observed
53,2023W06,2023-02-11,5,8,dc,District of Columbia,5.0,1,0,observed
54,2023W07,2023-02-18,6,8,dc,District of Columbia,5.0,1,0,observed
55,2023W08,2023-02-25,7,8,dc,District of Columbia,4.0,1,0,observed
56,2023W09,2023-03-04,8,8,dc,District of Columbia,2.0,1,0,observed
57,2023W10,2023-03-11,9,8,dc,District of Columbia,2.0,1,0,observed
58,2023W11,2023-03-18,10,8,dc,District of Columbia,2.0,1,0,observed
59,2023W12,2023-03-25,11,8,dc,District of Columbia,2.0,1,0,observed
60,2023W13,2023-04-01,12,8,dc,District of Columbia,10.0,1,0,observed
61,2023W14,2023-04-08,13,8,dc,District of Columbia,4.0,1,0,observed
62,2023W15,2023-04-15,14,8,dc,District of Columbia,3.0,1,0,observed
63,2023W16,2023-04-22,15,8,dc,District of Columbia,3.0,1,0,observed
64,2023W17,2023-04-29,16,8,dc,District of Columbia,1.0,1,0,observed
65,2023W18,2023-05-06,17,8,dc,District of Columbia,0.0,1,0,observed
66,2023W19,2023-05-13,18,8,dc,District of Columbia,1.0,1,0,observed
67,2023W20,2023-05-20,19,8,dc,District of Columbia,2.0,1,0,observed
68,2023W21,2023-05-27,20,8,dc,District of Columbia,6.0,1,0,observed
69,2023W22,2023-06-03,21,8,dc,District of Columbia,3.0,1,0,observed
70,2023W23,2023-06-10,22,8,dc,District of Columbia,1.0,1,0,observed
71,2023W24,2023-06-17,23,8,dc,District of Columbia,1.0,1,0,observed
72,2023W25,2023-06-24,24,8,dc,District of Columbia,2.0,1,0,observed
73,2023W26,2023-07-01,25,8,dc,District of Columbia,1.0,1,0,observed
74,2023W27,2023-07-08,26,8,dc,District of Columbia,2.0,1,0,observed
75,2023W28,2023-07-15,27,8,dc,District of Columbia,2.0,1,0,observed
76,2023W29,2023-07-22,28,8,dc,District of Columbia,1.0,1,0,observed
77,2023W30,2023-07-29,29,8,dc,District of Columbia,1.0,1,0,observed
78,2023W31,2023-08-05,30,8,dc,District of Columbia,0.0,1,0,observed
79,2023W32,2023-08-12,31,8,dc,District of Columbia,1.0,1,0,observed
80,2023W33,2023-08-19,32,8,dc,District of Columbia,1.0,1,0,observed
81,2023W34,2023-08-26,33,8,dc,District of Columbia,1.0,1,0,observed
82,2023W35,2023-09-02,34,8,dc,District of Columbia,0.0,1,0,observed
83,2023W36,2023-09-09,35,8,dc,District of Columbia,1.0,1,0,observed
84,2023W37,2023-09-16,36,8,dc,District of Columbia,0.0,1,0,observed
85,2023W38,2023-09-23,37,8,dc,District of Columbia,1.0,1,0,observed
86,2023W39,2023-09-30,38,8,dc,District of Columbia,0.0,1,0,observed
87,2023W40,2023-10-07,39,8,dc,District of Columbia,2.0,1,0,observed
88,2023W41,2023-10-14,40,8,dc,District of Columbia,2.0,1,0,observed
89,2023W42,2023-10-21,41,8,dc,District of Columbia,3.0,1,0,observed
90,2023W43,2023-10-28,42,8,dc,District of Columbia,1.0,1,0,observed
91,2023W44,2023-11-04,43,8,dc,District of Columbia,0.0,1,0,observed
92,2023W45,2023-11-11,44,8,dc,District of Columbia,0.0,1,0,observed
93,2023W46,2023-11-18,45,8,dc,District of Columbia,5.0,1,0,observed
94,2023W47,2023-11-25,46,8,dc,District of Columbia,8.0,1,0,observed
95,2023W48,2023-12-02,47,8,dc,District of Columbia,11.0,1,0,observed
96,2023W49,2023-12-09,48,8,dc,District of Columbia,13.0,1,0,observed
97,2023W50,2023-12-16,49,8,dc,District of Columbia,20.0,1,0,observed
98,2023W51,2023-12-23,50,8,dc,District of Columbia,45.0,1,0,observed
99,2023W52,2023-12-30,51,8,dc,District of Columbia,57.0,1,0,observed
100,2024W01,2024-01-06,0,8,dc,District of Columbia,55.0,1,0,observed
101,2024W02,2024-01-13,1,8,dc,District of Columbia,37.0,1,0,observed
102,2024W03,2024-01-20,2,8,dc,District of Columbia,26.0,1,0,observed
103,2024W04,2024-01-27,3,8,dc,District of Columbia,21.0,1,0,observed
104,2024W05,2024-02-03,4,8,dc,District of Columbia,20.0,1,0,observed
105,2024W06,2024-02-10,5,8,dc,District of Columbia,14.0,1,0,observed
106,2024W07,2024-02-17,6,8,dc,District of Columbia,19.0,1,0,observed
107,2024W08,2024-02-24,7,8,dc,District of Columbia,18.0,1,0,observed
108,2024W09,2024-03-02,8,8,dc,District of Columbia,15.0,1,0,observed
109,2024W10,2024-03-09,9,8,dc,District of Columbia,36.0,1,0,observed
110,2024W11,2024-03-16,10,8,dc,District of Columbia,14.0,1,0,observed
111,2024W12,2024-03-23,11,8,dc,District of Columbia,20.0,1,0,observed
112,2024W13,2024-03-30,12,8,dc,District of Columbia,18.0,1,0,observed
113,2024W14,2024-04-06,13,8,dc,District of Columbia,23.0,1,0,observed
114,2024W15,2024-04-13,14,8,dc,District of Columbia,17.0,1,0,observed
115,2024W16,2024-04-20,15,8,dc,District of Columbia,14.0,1,0,observed
116,2024W17,2024-04-27,16,8,dc,District of Columbia,8.0,1,0,observed
117,2024W18,2024-05-04,17,8,dc,District of Columbia,5.0,1,0,observed
118,2024W19,2024-05-11,18,8,dc,District of Columbia,4.0,1,0,observed
119,2024W20,2024-05-18,19,8,dc,District of Columbia,2.0,1,0,observed
120,2024W21,2024-05-25,20,8,dc,District of Columbia,2.0,1,0,observed
121,2024W22,2024-06-01,21,8,dc,District of Columbia,0.0,1,0,observed
122,2024W23,2024-06-08,22,8,dc,District of Columbia,0.0,1,0,observed
123,2024W24,2024-06-15,23,8,dc,District of Columbia,0.0,1,0,observed
124,2024W25,2024-06-22,24,8,dc,District of Columbia,0.0,1,0,observed
125,2024W26,2024-06-29,25,8,dc,District of Columbia,2.0,1,0,observed
126,2024W27,2024-07-06,26,8,dc,District of Columbia,0.0,1,0,observed
127,2024W28,2024-07-13,27,8,dc,District of Columbia,1.0,1,0,observed
128,2024W29,2024-07-20,28,8,dc,District of Columbia,2.0,1,0,observed
129,2024W30,2024-07-27,29,8,dc,District of Columbia,1.0,1,0,observed
130,2024W31,2024-08-03,30,8,dc,District of Columbia,1.0,1,0,observed
131,2024W32,2024-08-10,31,8,dc,District of Columbia,1.0,1,0,observed
132,2024W33,2024-08-17,32,8,dc,District of Columbia,0.0,1,0,observed
133,2024W34,2024-08-24,33,8,dc,District of Columbia,0.0,1,0,observed
134,2024W35,2024-08-31,34,8,dc,District of Columbia,1.0,1,0,observed
135,2024W36,2024-09-07,35,8,dc,District of Columbia,0.0,1,0,observed
136,2024W37,2024-09-14,36,8,dc,District of Columbia,1.0,1,0,observed
137,2024W38,2024-09-21,37,8,dc,District of Columbia,0.0,1,0,observed
138,2024W39,2024-09-28,38,8,dc,District of Columbia,2.0,1,0,observed
139,2024W40,2024-10-05,39,8,dc,District of Columbia,0.0,1,0,observed
140,2024W41,2024-10-12,40,8,dc,District of Columbia,0.0,1,0,observed
141,2024W42,2024-10-19,41,8,dc,District of Columbia,0.0,1,0,observed
142,2024W43,2024-10-26,42,8,dc,District of Columbia,0.0,1,0,observed
143,2024W44,2024-11-02,43,8,dc,District of Columbia,1.0,1,0,observed
144,2024W45,2024-11-09,44,8,dc,District of Columbia,2.0,1,0,observed
145,2024W46,2024-11-16,45,8,dc,District of Columbia,1.0,1,0,observed
146,2024W47,2024-11-23,46,8,dc,District of Columbia,8.0,1,0,observed
147,2024W48,2024-11-30,47,8,dc,District of Columbia,5.0,1,0,observed
148,2024W49,2024-12-07,48,8,dc,District of Columbia,2.0,1,0,observed
149,2024W50,2024-12-14,49,8,dc,District of Columbia,4.0,1,0,observed
150,2024W51,2024-12-21,50,8,dc,District of Columbia,16.0,1,0,observed
151,2024W52,2024-12-28,51,8,dc,District of Columbia,38.0,1,0,observed
152,2025W01,2025-01-04,0,8,dc,District of Columbia,96.0,1,0,observed
153,2025W02,2025-01-11,1,8,dc,District of Columbia,44.0,1,0,observed
154,2025W03,2025-01-18,2,8,dc,District of Columbia,58.0,1,0,observed
155,2025W04,2025-01-25,3,8,dc,District of Columbia,207.0,1,0,observed
156,2025W05,2025-02-01,4,8,dc,District of Columbia,197.0,1,0,observed
157,2025W06,2025-02-08,5,8,dc,District of Columbia,259.0,1,0,observed
158,2025W07,2025-02-15,6,8,dc,District of Columbia,83.0,1,0,observed
159,2025W08,2025-02-22,7,8,dc,District of Columbia,102.0,1,0,observed
160,2025W09,2025-03-01,8,8,dc,District of Columbia,120.0,1,0,observed
161,2025W10,2025-03-08,9,8,dc,District of Columbia,103.0,1,0,observed
162,2025W11,2025-03-15,10,8,dc,District of Columbia,81.0,1,0,observed
163,2025W12,2025-03-22,11,8,dc,District of Columbia,67.0,1,0,observed
164,2025W13,2025-03-29,12,8,dc,District of Columbia,69.0,1,0,observed
165,2025W14,2025-04-05,13,8,dc,District of Columbia,28.0,1,0,observed
166,2025W15,2025-04-12,14,8,dc,District of Columbia,8.0,1,0,observed
167,2025W16,2025-04-19,15,8,dc,District of Columbia,7.0,1,0,observed
168,2025W17,2025-04-26,16,8,dc,District of Columbia,7.0,1,0,observed
169,2025W18,2025-05-03,17,8,dc,District of Columbia,4.0,1,0,observed
170,2025W19,2025-05-10,18,8,dc,District of Columbia,6.0,1,0,observed
171,2025W20,2025-05-17,19,8,dc,District of Columbia,2.0,1,0,observed
172,2025W21,2025-05-24,20,8,dc,District of Columbia,2.0,1,0,observed
173,2025W22,2025-05-31,21,8,dc,District of Columbia,5.0,1,0,observed
174,2025W23,2025-06-07,22,8,dc,District of Columbia,4.0,1,0,observed
175,2025W24,2025-06-14,23,8,dc,District of Columbia,2.0,1,0,observed
176,2025W25,2025-06-21,24,8,dc,District of Columbia,1.0,1,0,observed
177,2025W26,2025-06-28,25,8,dc,District of Columbia,2.0,1,0,observed
178,2025W27,2025-07-05,26,8,dc,District of Columbia,0.0,1,0,observed
179,2025W28,2025-07-12,27,8,dc,District of Columbia,0.0,1,0,observed
180,2025W29,2025-07-19,28,8,dc,District of Columbia,2.0,1,0,observed
181,2025W30,2025-07-26,29,8,dc,District of Columbia,0.0,1,0,observed
182,2025W31,2025-08-02,30,8,dc,District of Columbia,0.0,1,0,observed
183,2025W32,2025-08-09,31,8,dc,District of Columbia,2.0,1,0,observed
184,2025W33,2025-08-16,32,8,dc,District of Columbia,1.0,1,0,observed
185,2025W34,2025-08-23,33,8,dc,District of Columbia,0.0,1,0,observed
186,2025W35,2025-08-30,34,8,dc,District of Columbia,1.0,1,0,observed
187,2025W36,2025-09-06,35,8,dc,District of Columbia,0.0,1,0,observed
188,2025W37,2025-09-13,36,8,dc,District of Columbia,0.0,1,0,observed
189,2025W38,2025-09-20,37,8,dc,District of Columbia,0.0,1,0,observed
190,2025W39,2025-09-27,38,8,dc,District of Columbia,1.0,1,0,observed
191,2025W40,2025-10-04,39,8,dc,District of Columbia,6.0,1,0,observed
192,2025W41,2025-10-11,40,8,dc,District of Columbia,3.0,1,0,observed
193,2025W42,2025-10-18,41,8,dc,District of Columbia,2.0,1,0,observed
194,2025W43,2025-10-25,42,8,dc,District of Columbia,3.0,1,0,observed
195,2025W44,2025-11-01,43,8,dc,District of Columbia,0.0,1,0,observed
196,2025W45,2025-11-08,44,8,dc,District of Columbia,0.0,1,0,observed
197,2025W46,2025-11-15,45,8,dc,District of Columbia,7.0,1,0,observed
198,2025W47,2025-11-22,46,8,dc,District of Columbia,14.0,1,0,observed
199,2025W48,2025-11-29,47,8,dc,District of Columbia,14.0,1,0,observed
200,2025W49,2025-12-06,48,8,dc,District of Columbia,26.0,1,0,observed
201,2025W50,2025-12-13,49,8,dc,District of Columbia,33.0,1,0,observed
202,2025W51,2025-12-20,50,8,dc,District of Columbia,47.0,1,0,observed
203,2025W52,2025-12-27,51,8,dc,District of Columbia,98.0,1,0,observed
204,2026W01,2026-01-03,0,8,dc,District of Columbia,106.0,1,0,observed
205,2026W02,2026-01-10,1,8,dc,District of Columbia,83.0,1,0,observed
206,2026W03,2026-01-17,2,8,dc,District of Columbia,50.0,1,0,observed
207,2026W04,2026-01-24,3,8,dc,District of Columbia,33.0,1,0,observed
208,2026W05,2026-01-31,4,8,dc,District of Columbia,15.0,1,0,observed
209,2026W06,2026-02-07,5,8,dc,District of Columbia,10.0,1,0,observed
210,2026W07,2026-02-14,6,8,dc,District of Columbia,9.0,1,0,observed
211,2026W08,2026-02-21,7,8,dc,District of Columbia,7.0,1,0,observed
212,2026W09,2026-02-28,8,8,dc,District of Columbia,5.0,1,0,observed
213,2026W10,2026-03-07,9,8,dc,District of Columbia,12.0,1,0,observed
214,2026W11,2026-03-14,10,8,dc,District of Columbia,8.0,1,0,observed
215,2026W12,2026-03-21,11,8,dc,District of Columbia,1.0,1,0,observed
216,2026W13,2026-03-28,12,8,dc,District of Columbia,0.0,1,0,observed
217,2026W14,2026-04-04,13,8,dc,District of Columbia,1.0,1,0,observed
218,2026W15,2026-04-11,14,8,dc,District of Columbia,1.0,1,0,observed
219,2026W16,2026-04-18,15,8,dc,District of Columbia,4.0,1,0,observed
0,2022W05,2022-02-05,4,9,fl,Florida,56.0,1,0,observed
1,2022W06,2022-02-12,5,9,fl,Florida,47.0,1,0,observed
2,2022W07,2022-02-19,6,9,fl,Florida,47.0,1,0,observed
3,2022W08,2022-02-26,7,9,fl,Florida,55.0,1,0,observed
4,2022W09,2022-03-05,8,9,fl,Florida,59.0,1,0,observed
5,2022W10,2022-03-12,9,9,fl,Florida,47.0,1,0,observed
6,2022W11,2022-03-19,10,9,fl,Florida,58.0,1,0,observed
7,2022W12,2022-03-26,11,9,fl,Florida,84.0,1,0,observed
8,2022W13,2022-04-02,12,9,fl,Florida,78.0,1,0,observed
9,2022W14,2022-04-09,13,9,fl,Florida,83.0,1,0,observed
10,2022W15,2022-04-16,14,9,fl,Florida,147.0,1,0,observed
11,2022W16,2022-04-23,15,9,fl,Florida,140.0,1,0,observed
12,2022W17,2022-04-30,16,9,fl,Florida,164.0,1,0,observed
13,2022W18,2022-05-07,17,9,fl,Florida,213.0,1,0,observed
14,2022W19,2022-05-14,18,9,fl,Florida,278.0,1,0,observed
15,2022W20,2022-05-21,19,9,fl,Florida,371.0,1,0,observed
16,2022W21,2022-05-28,20,9,fl,Florida,516.0,1,0,observed
17,2022W22,2022-06-04,21,9,fl,Florida,663.0,1,0,observed
18,2022W23,2022-06-11,22,9,fl,Florida,551.0,1,0,observed
19,2022W24,2022-06-18,23,9,fl,Florida,460.0,1,0,observed
20,2022W25,2022-06-25,24,9,fl,Florida,302.0,1,0,observed
21,2022W26,2022-07-02,25,9,fl,Florida,208.0,1,0,observed
22,2022W27,2022-07-09,26,9,fl,Florida,161.0,1,0,observed
23,2022W28,2022-07-16,27,9,fl,Florida,124.0,1,0,observed
24,2022W29,2022-07-23,28,9,fl,Florida,89.0,1,0,observed
25,2022W30,2022-07-30,29,9,fl,Florida,74.0,1,0,observed
26,2022W31,2022-08-06,30,9,fl,Florida,69.0,1,0,observed
27,2022W32,2022-08-13,31,9,fl,Florida,74.0,1,0,observed
28,2022W33,2022-08-20,32,9,fl,Florida,60.0,1,0,observed
29,2022W34,2022-08-27,33,9,fl,Florida,65.0,1,0,observed
30,2022W35,2022-09-03,34,9,fl,Florida,53.0,1,0,observed
31,2022W36,2022-09-10,35,9,fl,Florida,50.0,1,0,observed
32,2022W37,2022-09-17,36,9,fl,Florida,79.0,1,0,observed
33,2022W38,2022-09-24,37,9,fl,Florida,78.0,1,0,observed
34,2022W39,2022-10-01,38,9,fl,Florida,78.0,1,0,observed
35,2022W40,2022-10-08,39,9,fl,Florida,113.0,1,0,observed
36,2022W41,2022-10-15,40,9,fl,Florida,101.0,1,0,observed
37,2022W42,2022-10-22,41,9,fl,Florida,124.0,1,0,observed
38,2022W43,2022-10-29,42,9,fl,Florida,241.0,1,0,observed
39,2022W44,2022-11-05,43,9,fl,Florida,290.0,1,0,observed
40,2022W45,2022-11-12,44,9,fl,Florida,452.0,1,0,observed
41,2022W46,2022-11-19,45,9,fl,Florida,517.0,1,0,observed
42,2022W47,2022-11-26,46,9,fl,Florida,741.0,1,0,observed
43,2022W48,2022-12-03,47,9,fl,Florida,919.0,1,0,observed
44,2022W49,2022-12-10,48,9,fl,Florida,785.0,1,0,observed
45,2022W50,2022-12-17,49,9,fl,Florida,846.0,1,0,observed
46,2022W51,2022-12-24,50,9,fl,Florida,1017.0,1,0,observed
47,2022W52,2022-12-31,51,9,fl,Florida,1238.0,1,0,observed
48,2023W01,2023-01-07,0,9,fl,Florida,1321.0,1,0,observed
49,2023W02,2023-01-14,1,9,fl,Florida,700.0,1,0,observed
50,2023W03,2023-01-21,2,9,fl,Florida,592.0,1,0,observed
51,2023W04,2023-01-28,3,9,fl,Florida,420.0,1,0,observed
52,2023W05,2023-02-04,4,9,fl,Florida,353.0,1,0,observed
53,2023W06,2023-02-11,5,9,fl,Florida,300.0,1,0,observed
54,2023W07,2023-02-18,6,9,fl,Florida,235.0,1,0,observed
55,2023W08,2023-02-25,7,9,fl,Florida,213.0,1,0,observed
56,2023W09,2023-03-04,8,9,fl,Florida,178.0,1,0,observed
57,2023W10,2023-03-11,9,9,fl,Florida,179.0,1,0,observed
58,2023W11,2023-03-18,10,9,fl,Florida,211.0,1,0,observed
59,2023W12,2023-03-25,11,9,fl,Florida,158.0,1,0,observed
60,2023W13,2023-04-01,12,9,fl,Florida,165.0,1,0,observed
61,2023W14,2023-04-08,13,9,fl,Florida,184.0,1,0,observed
62,2023W15,2023-04-15,14,9,fl,Florida,130.0,1,0,observed
63,2023W16,2023-04-22,15,9,fl,Florida,152.0,1,0,observed
64,2023W17,2023-04-29,16,9,fl,Florida,136.0,1,0,observed
65,2023W18,2023-05-06,17,9,fl,Florida,128.0,1,0,observed
66,2023W19,2023-05-13,18,9,fl,Florida,132.0,1,0,observed
67,2023W20,2023-05-20,19,9,fl,Florida,140.0,1,0,observed
68,2023W21,2023-05-27,20,9,fl,Florida,141.0,1,0,observed
69,2023W22,2023-06-03,21,9,fl,Florida,148.0,1,0,observed
70,2023W23,2023-06-10,22,9,fl,Florida,166.0,1,0,observed
71,2023W24,2023-06-17,23,9,fl,Florida,148.0,1,0,observed
72,2023W25,2023-06-24,24,9,fl,Florida,165.0,1,0,observed
73,2023W26,2023-07-01,25,9,fl,Florida,158.0,1,0,observed
74,2023W27,2023-07-08,26,9,fl,Florida,144.0,1,0,observed
75,2023W28,2023-07-15,27,9,fl,Florida,138.0,1,0,observed
76,2023W29,2023-07-22,28,9,fl,Florida,109.0,1,0,observed
77,2023W30,2023-07-29,29,9,fl,Florida,131.0,1,0,observed
78,2023W31,2023-08-05,30,9,fl,Florida,131.0,1,0,observed
79,2023W32,2023-08-12,31,9,fl,Florida,133.0,1,0,observed
80,2023W33,2023-08-19,32,9,fl,Florida,152.0,1,0,observed
81,2023W34,2023-08-26,33,9,fl,Florida,160.0,1,0,observed
82,2023W35,2023-09-02,34,9,fl,Florida,171.0,1,0,observed
83,2023W36,2023-09-09,35,9,fl,Florida,150.0,1,0,observed
84,2023W37,2023-09-16,36,9,fl,Florida,154.0,1,0,observed
85,2023W38,2023-09-23,37,9,fl,Florida,171.0,1,0,observed
86,2023W39,2023-09-30,38,9,fl,Florida,168.0,1,0,observed
87,2023W40,2023-10-07,39,9,fl,Florida,226.0,1,0,observed
88,2023W41,2023-10-14,40,9,fl,Florida,213.0,1,0,observed
89,2023W42,2023-10-21,41,9,fl,Florida,290.0,1,0,observed
90,2023W43,2023-10-28,42,9,fl,Florida,313.0,1,0,observed
91,2023W44,2023-11-04,43,9,fl,Florida,443.0,1,0,observed
92,2023W45,2023-11-11,44,9,fl,Florida,462.0,1,0,observed
93,2023W46,2023-11-18,45,9,fl,Florida,651.0,1,0,observed
94,2023W47,2023-11-25,46,9,fl,Florida,701.0,1,0,observed
95,2023W48,2023-12-02,47,9,fl,Florida,743.0,1,0,observed
96,2023W49,2023-12-09,48,9,fl,Florida,759.0,1,0,observed
97,2023W50,2023-12-16,49,9,fl,Florida,842.0,1,0,observed
98,2023W51,2023-12-23,50,9,fl,Florida,988.0,1,0,observed
99,2023W52,2023-12-30,51,9,fl,Florida,1350.0,1,0,observed
100,2024W01,2024-01-06,0,9,fl,Florida,1411.0,1,0,observed
101,2024W02,2024-01-13,1,9,fl,Florida,1069.0,1,0,observed
102,2024W03,2024-01-20,2,9,fl,Florida,907.0,1,0,observed
103,2024W04,2024-01-27,3,9,fl,Florida,833.0,1,0,observed
104,2024W05,2024-02-03,4,9,fl,Florida,711.0,1,0,observed
105,2024W06,2024-02-10,5,9,fl,Florida,827.0,1,0,observed
106,2024W07,2024-02-17,6,9,fl,Florida,677.0,1,0,observed
107,2024W08,2024-02-24,7,9,fl,Florida,617.0,1,0,observed
108,2024W09,2024-03-02,8,9,fl,Florida,536.0,1,0,observed
109,2024W10,2024-03-09,9,9,fl,Florida,533.0,1,0,observed
110,2024W11,2024-03-16,10,9,fl,Florida,516.0,1,0,observed
111,2024W12,2024-03-23,11,9,fl,Florida,419.0,1,0,observed
112,2024W13,2024-03-30,12,9,fl,Florida,402.0,1,0,observed
113,2024W14,2024-04-06,13,9,fl,Florida,311.0,1,0,observed
114,2024W15,2024-04-13,14,9,fl,Florida,324.0,1,0,observed
115,2024W16,2024-04-20,15,9,fl,Florida,237.0,1,0,observed
116,2024W17,2024-04-27,16,9,fl,Florida,260.0,1,0,observed
117,2024W18,2024-05-04,17,9,fl,Florida,140.0,1,0,observed
118,2024W19,2024-05-11,18,9,fl,Florida,85.0,1,0,observed
119,2024W20,2024-05-18,19,9,fl,Florida,91.0,1,0,observed
120,2024W21,2024-05-25,20,9,fl,Florida,97.0,1,0,observed
121,2024W22,2024-06-01,21,9,fl,Florida,77.0,1,0,observed
122,2024W23,2024-06-08,22,9,fl,Florida,81.0,1,0,observed
123,2024W24,2024-06-15,23,9,fl,Florida,80.0,1,0,observed
124,2024W25,2024-06-22,24,9,fl,Florida,64.0,1,0,observed
125,2024W26,2024-06-29,25,9,fl,Florida,62.0,1,0,observed
126,2024W27,2024-07-06,26,9,fl,Florida,56.0,1,0,observed
127,2024W28,2024-07-13,27,9,fl,Florida,78.0,1,0,observed
128,2024W29,2024-07-20,28,9,fl,Florida,59.0,1,0,observed
129,2024W30,2024-07-27,29,9,fl,Florida,41.0,1,0,observed
130,2024W31,2024-08-03,30,9,fl,Florida,54.0,1,0,observed
131,2024W32,2024-08-10,31,9,fl,Florida,42.0,1,0,observed
132,2024W33,2024-08-17,32,9,fl,Florida,45.0,1,0,observed
133,2024W34,2024-08-24,33,9,fl,Florida,41.0,1,0,observed
134,2024W35,2024-08-31,34,9,fl,Florida,38.0,1,0,observed
135,2024W36,2024-09-07,35,9,fl,Florida,55.0,1,0,observed
136,2024W37,2024-09-14,36,9,fl,Florida,79.0,1,0,observed
137,2024W38,2024-09-21,37,9,fl,Florida,44.0,1,0,observed
138,2024W39,2024-09-28,38,9,fl,Florida,46.0,1,0,observed
139,2024W40,2024-10-05,39,9,fl,Florida,53.0,1,0,observed
140,2024W41,2024-10-12,40,9,fl,Florida,17.0,1,0,observed
141,2024W42,2024-10-19,41,9,fl,Florida,134.0,1,0,observed
142,2024W43,2024-10-26,42,9,fl,Florida,114.0,1,0,observed
143,2024W44,2024-11-02,43,9,fl,Florida,114.0,1,0,observed
144,2024W45,2024-11-09,44,9,fl,Florida,365.0,1,0,observed
145,2024W46,2024-11-16,45,9,fl,Florida,386.0,1,0,observed
146,2024W47,2024-11-23,46,9,fl,Florida,443.0,1,0,observed
147,2024W48,2024-11-30,47,9,fl,Florida,612.0,1,0,observed
148,2024W49,2024-12-07,48,9,fl,Florida,714.0,1,0,observed
149,2024W50,2024-12-14,49,9,fl,Florida,891.0,1,0,observed
150,2024W51,2024-12-21,50,9,fl,Florida,1261.0,1,0,observed
151,2024W52,2024-12-28,51,9,fl,Florida,2077.0,1,0,observed
152,2025W01,2025-01-04,0,9,fl,Florida,2871.0,1,0,observed
153,2025W02,2025-01-11,1,9,fl,Florida,2454.0,1,0,observed
154,2025W03,2025-01-18,2,9,fl,Florida,2708.0,1,0,observed
155,2025W04,2025-01-25,3,9,fl,Florida,3241.0,1,0,observed
156,2025W05,2025-02-01,4,9,fl,Florida,3787.0,1,0,observed
157,2025W06,2025-02-08,5,9,fl,Florida,3349.0,1,0,observed
158,2025W07,2025-02-15,6,9,fl,Florida,2614.0,1,0,observed
159,2025W08,2025-02-22,7,9,fl,Florida,2076.0,1,0,observed
160,2025W09,2025-03-01,8,9,fl,Florida,1630.0,1,0,observed
161,2025W10,2025-03-08,9,9,fl,Florida,1322.0,1,0,observed
162,2025W11,2025-03-15,10,9,fl,Florida,1107.0,1,0,observed
163,2025W12,2025-03-22,11,9,fl,Florida,920.0,1,0,observed
164,2025W13,2025-03-29,12,9,fl,Florida,724.0,1,0,observed
165,2025W14,2025-04-05,13,9,fl,Florida,591.0,1,0,observed
166,2025W15,2025-04-12,14,9,fl,Florida,409.0,1,0,observed
167,2025W16,2025-04-19,15,9,fl,Florida,343.0,1,0,observed
168,2025W17,2025-04-26,16,9,fl,Florida,268.0,1,0,observed
169,2025W18,2025-05-03,17,9,fl,Florida,241.0,1,0,observed
170,2025W19,2025-05-10,18,9,fl,Florida,239.0,1,0,observed
171,2025W20,2025-05-17,19,9,fl,Florida,219.0,1,0,observed
172,2025W21,2025-05-24,20,9,fl,Florida,215.0,1,0,observed
173,2025W22,2025-05-31,21,9,fl,Florida,232.0,1,0,observed
174,2025W23,2025-06-07,22,9,fl,Florida,212.0,1,0,observed
175,2025W24,2025-06-14,23,9,fl,Florida,227.0,1,0,observed
176,2025W25,2025-06-21,24,9,fl,Florida,217.0,1,0,observed
177,2025W26,2025-06-28,25,9,fl,Florida,193.0,1,0,observed
178,2025W27,2025-07-05,26,9,fl,Florida,181.0,1,0,observed
179,2025W28,2025-07-12,27,9,fl,Florida,177.0,1,0,observed
180,2025W29,2025-07-19,28,9,fl,Florida,170.0,1,0,observed
181,2025W30,2025-07-26,29,9,fl,Florida,173.0,1,0,observed
182,2025W31,2025-08-02,30,9,fl,Florida,151.0,1,0,observed
183,2025W32,2025-08-09,31,9,fl,Florida,132.0,1,0,observed
184,2025W33,2025-08-16,32,9,fl,Florida,139.0,1,0,observed
185,2025W34,2025-08-23,33,9,fl,Florida,124.0,1,0,observed
186,2025W35,2025-08-30,34,9,fl,Florida,187.0,1,0,observed
187,2025W36,2025-09-06,35,9,fl,Florida,185.0,1,0,observed
188,2025W37,2025-09-13,36,9,fl,Florida,145.0,1,0,observed
189,2025W38,2025-09-20,37,9,fl,Florida,150.0,1,0,observed
190,2025W39,2025-09-27,38,9,fl,Florida,181.0,1,0,observed
191,2025W40,2025-10-04,39,9,fl,Florida,142.0,1,0,observed
192,2025W41,2025-10-11,40,9,fl,Florida,171.0,1,0,observed
193,2025W42,2025-10-18,41,9,fl,Florida,196.0,1,0,observed
194,2025W43,2025-10-25,42,9,fl,Florida,221.0,1,0,observed
195,2025W44,2025-11-01,43,9,fl,Florida,236.0,1,0,observed
196,2025W45,2025-11-08,44,9,fl,Florida,301.0,1,0,observed
197,2025W46,2025-11-15,45,9,fl,Florida,388.0,1,0,observed
198,2025W47,2025-11-22,46,9,fl,Florida,619.0,1,0,observed
199,2025W48,2025-11-29,47,9,fl,Florida,729.0,1,0,observed
200,2025W49,2025-12-06,48,9,fl,Florida,881.0,1,0,observed
201,2025W50,2025-12-13,49,9,fl,Florida,912.0,1,0,observed
202,2025W51,2025-12-20,50,9,fl,Florida,1536.0,1,0,observed
203,2025W52,2025-12-27,51,9,fl,Florida,2185.0,1,0,observed
204,2026W01,2026-01-03,0,9,fl,Florida,2604.0,1,0,observed
205,2026W02,2026-01-10,1,9,fl,Florida,2469.0,1,0,observed
206,2026W03,2026-01-17,2,9,fl,Florida,1788.0,1,0,observed
207,2026W04,2026-01-24,3,9,fl,Florida,1533.0,1,0,observed
208,2026W05,2026-01-31,4,9,fl,Florida,1571.0,1,0,observed
209,2026W06,2026-02-07,5,9,fl,Florida,1922.0,1,0,observed
210,2026W07,2026-02-14,6,9,fl,Florida,2476.0,1,0,observed
211,2026W08,2026-02-21,7,9,fl,Florida,2018.0,1,0,observed
212,2026W09,2026-02-28,8,9,fl,Florida,1296.0,1,0,observed
213,2026W10,2026-03-07,9,9,fl,Florida,1034.0,1,0,observed
214,2026W11,2026-03-14,10,9,fl,Florida,732.0,1,0,observed
215,2026W12,2026-03-21,11,9,fl,Florida,490.0,1,0,observed
216,2026W13,2026-03-28,12,9,fl,Florida,330.0,1,0,observed
217,2026W14,2026-04-04,13,9,fl,Florida,197.0,1,0,observed
218,2026W15,2026-04-11,14,9,fl,Florida,149.0,1,0,observed
219,2026W16,2026-04-18,15,9,fl,Florida,144.0,1,0,observed
0,2022W05,2022-02-05,4,10,ga,Georgia,53.0,1,0,observed
1,2022W06,2022-02-12,5,10,ga,Georgia,41.0,1,0,observed
2,2022W07,2022-02-19,6,10,ga,Georgia,48.0,1,0,observed
3,2022W08,2022-02-26,7,10,ga,Georgia,44.0,1,0,observed
4,2022W09,2022-03-05,8,10,ga,Georgia,27.0,1,0,observed
5,2022W10,2022-03-12,9,10,ga,Georgia,38.0,1,0,observed
6,2022W11,2022-03-19,10,10,ga,Georgia,35.0,1,0,observed
7,2022W12,2022-03-26,11,10,ga,Georgia,33.0,1,0,observed
8,2022W13,2022-04-02,12,10,ga,Georgia,45.0,1,0,observed
9,2022W14,2022-04-09,13,10,ga,Georgia,33.0,1,0,observed
10,2022W15,2022-04-16,14,10,ga,Georgia,42.0,1,0,observed
11,2022W16,2022-04-23,15,10,ga,Georgia,46.0,1,0,observed
12,2022W17,2022-04-30,16,10,ga,Georgia,36.0,1,0,observed
13,2022W18,2022-05-07,17,10,ga,Georgia,44.0,1,0,observed
14,2022W19,2022-05-14,18,10,ga,Georgia,60.0,1,0,observed
15,2022W20,2022-05-21,19,10,ga,Georgia,55.0,1,0,observed
16,2022W21,2022-05-28,20,10,ga,Georgia,62.0,1,0,observed
17,2022W22,2022-06-04,21,10,ga,Georgia,66.0,1,0,observed
18,2022W23,2022-06-11,22,10,ga,Georgia,48.0,1,0,observed
19,2022W24,2022-06-18,23,10,ga,Georgia,41.0,1,0,observed
20,2022W25,2022-06-25,24,10,ga,Georgia,27.0,1,0,observed
21,2022W26,2022-07-02,25,10,ga,Georgia,35.0,1,0,observed
22,2022W27,2022-07-09,26,10,ga,Georgia,28.0,1,0,observed
23,2022W28,2022-07-16,27,10,ga,Georgia,27.0,1,0,observed
24,2022W29,2022-07-23,28,10,ga,Georgia,28.0,1,0,observed
25,2022W30,2022-07-30,29,10,ga,Georgia,39.0,1,0,observed
26,2022W31,2022-08-06,30,10,ga,Georgia,33.0,1,0,observed
27,2022W32,2022-08-13,31,10,ga,Georgia,19.0,1,0,observed
28,2022W33,2022-08-20,32,10,ga,Georgia,13.0,1,0,observed
29,2022W34,2022-08-27,33,10,ga,Georgia,26.0,1,0,observed
30,2022W35,2022-09-03,34,10,ga,Georgia,20.0,1,0,observed
31,2022W36,2022-09-10,35,10,ga,Georgia,43.0,1,0,observed
32,2022W37,2022-09-17,36,10,ga,Georgia,46.0,1,0,observed
33,2022W38,2022-09-24,37,10,ga,Georgia,55.0,1,0,observed
34,2022W39,2022-10-01,38,10,ga,Georgia,77.0,1,0,observed
35,2022W40,2022-10-08,39,10,ga,Georgia,109.0,1,0,observed
36,2022W41,2022-10-15,40,10,ga,Georgia,144.0,1,0,observed
37,2022W42,2022-10-22,41,10,ga,Georgia,137.0,1,0,observed
38,2022W43,2022-10-29,42,10,ga,Georgia,216.0,1,0,observed
39,2022W44,2022-11-05,43,10,ga,Georgia,250.0,1,0,observed
40,2022W45,2022-11-12,44,10,ga,Georgia,263.0,1,0,observed
41,2022W46,2022-11-19,45,10,ga,Georgia,236.0,1,0,observed
42,2022W47,2022-11-26,46,10,ga,Georgia,258.0,1,0,observed
43,2022W48,2022-12-03,47,10,ga,Georgia,342.0,1,0,observed
44,2022W49,2022-12-10,48,10,ga,Georgia,209.0,1,0,observed
45,2022W50,2022-12-17,49,10,ga,Georgia,179.0,1,0,observed
46,2022W51,2022-12-24,50,10,ga,Georgia,158.0,1,0,observed
47,2022W52,2022-12-31,51,10,ga,Georgia,184.0,1,0,observed
48,2023W01,2023-01-07,0,10,ga,Georgia,189.0,1,0,observed
49,2023W02,2023-01-14,1,10,ga,Georgia,108.0,1,0,observed
50,2023W03,2023-01-21,2,10,ga,Georgia,80.0,1,0,observed
51,2023W04,2023-01-28,3,10,ga,Georgia,71.0,1,0,observed
52,2023W05,2023-02-04,4,10,ga,Georgia,204.0,1,0,observed
53,2023W06,2023-02-11,5,10,ga,Georgia,83.0,1,0,observed
54,2023W07,2023-02-18,6,10,ga,Georgia,75.0,1,0,observed
55,2023W08,2023-02-25,7,10,ga,Georgia,60.0,1,0,observed
56,2023W09,2023-03-04,8,10,ga,Georgia,54.0,1,0,observed
57,2023W10,2023-03-11,9,10,ga,Georgia,51.0,1,0,observed
58,2023W11,2023-03-18,10,10,ga,Georgia,54.0,1,0,observed
59,2023W12,2023-03-25,11,10,ga,Georgia,62.0,1,0,observed
60,2023W13,2023-04-01,12,10,ga,Georgia,53.0,1,0,observed
61,2023W14,2023-04-08,13,10,ga,Georgia,49.0,1,0,observed
62,2023W15,2023-04-15,14,10,ga,Georgia,29.0,1,0,observed
63,2023W16,2023-04-22,15,10,ga,Georgia,44.0,1,0,observed
64,2023W17,2023-04-29,16,10,ga,Georgia,43.0,1,0,observed
65,2023W18,2023-05-06,17,10,ga,Georgia,33.0,1,0,observed
66,2023W19,2023-05-13,18,10,ga,Georgia,50.0,1,0,observed
67,2023W20,2023-05-20,19,10,ga,Georgia,30.0,1,0,observed
68,2023W21,2023-05-27,20,10,ga,Georgia,37.0,1,0,observed
69,2023W22,2023-06-03,21,10,ga,Georgia,46.0,1,0,observed
70,2023W23,2023-06-10,22,10,ga,Georgia,55.0,1,0,observed
71,2023W24,2023-06-17,23,10,ga,Georgia,41.0,1,0,observed
72,2023W25,2023-06-24,24,10,ga,Georgia,38.0,1,0,observed
73,2023W26,2023-07-01,25,10,ga,Georgia,38.0,1,0,observed
74,2023W27,2023-07-08,26,10,ga,Georgia,23.0,1,0,observed
75,2023W28,2023-07-15,27,10,ga,Georgia,18.0,1,0,observed
76,2023W29,2023-07-22,28,10,ga,Georgia,17.0,1,0,observed
77,2023W30,2023-07-29,29,10,ga,Georgia,16.0,1,0,observed
78,2023W31,2023-08-05,30,10,ga,Georgia,19.0,1,0,observed
79,2023W32,2023-08-12,31,10,ga,Georgia,28.0,1,0,observed
80,2023W33,2023-08-19,32,10,ga,Georgia,19.0,1,0,observed
81,2023W34,2023-08-26,33,10,ga,Georgia,28.0,1,0,observed
82,2023W35,2023-09-02,34,10,ga,Georgia,34.0,1,0,observed
83,2023W36,2023-09-09,35,10,ga,Georgia,21.0,1,0,observed
84,2023W37,2023-09-16,36,10,ga,Georgia,34.0,1,0,observed
85,2023W38,2023-09-23,37,10,ga,Georgia,30.0,1,0,observed
86,2023W39,2023-09-30,38,10,ga,Georgia,29.0,1,0,observed
87,2023W40,2023-10-07,39,10,ga,Georgia,34.0,1,0,observed
88,2023W41,2023-10-14,40,10,ga,Georgia,39.0,1,0,observed
89,2023W42,2023-10-21,41,10,ga,Georgia,31.0,1,0,observed
90,2023W43,2023-10-28,42,10,ga,Georgia,40.0,1,0,observed
91,2023W44,2023-11-04,43,10,ga,Georgia,56.0,1,0,observed
92,2023W45,2023-11-11,44,10,ga,Georgia,116.0,1,0,observed
93,2023W46,2023-11-18,45,10,ga,Georgia,133.0,1,0,observed
94,2023W47,2023-11-25,46,10,ga,Georgia,156.0,1,0,observed
95,2023W48,2023-12-02,47,10,ga,Georgia,225.0,1,0,observed
96,2023W49,2023-12-09,48,10,ga,Georgia,261.0,1,0,observed
97,2023W50,2023-12-16,49,10,ga,Georgia,442.0,1,0,observed
98,2023W51,2023-12-23,50,10,ga,Georgia,746.0,1,0,observed
99,2023W52,2023-12-30,51,10,ga,Georgia,1132.0,1,0,observed
100,2024W01,2024-01-06,0,10,ga,Georgia,758.0,1,0,observed
101,2024W02,2024-01-13,1,10,ga,Georgia,627.0,1,0,observed
102,2024W03,2024-01-20,2,10,ga,Georgia,486.0,1,0,observed
103,2024W04,2024-01-27,3,10,ga,Georgia,455.0,1,0,observed
104,2024W05,2024-02-03,4,10,ga,Georgia,354.0,1,0,observed
105,2024W06,2024-02-10,5,10,ga,Georgia,308.0,1,0,observed
106,2024W07,2024-02-17,6,10,ga,Georgia,259.0,1,0,observed
107,2024W08,2024-02-24,7,10,ga,Georgia,192.0,1,0,observed
108,2024W09,2024-03-02,8,10,ga,Georgia,203.0,1,0,observed
109,2024W10,2024-03-09,9,10,ga,Georgia,156.0,1,0,observed
110,2024W11,2024-03-16,10,10,ga,Georgia,102.0,1,0,observed
111,2024W12,2024-03-23,11,10,ga,Georgia,81.0,1,0,observed
112,2024W13,2024-03-30,12,10,ga,Georgia,64.0,1,0,observed
113,2024W14,2024-04-06,13,10,ga,Georgia,60.0,1,0,observed
114,2024W15,2024-04-13,14,10,ga,Georgia,57.0,1,0,observed
115,2024W16,2024-04-20,15,10,ga,Georgia,40.0,1,0,observed
116,2024W17,2024-04-27,16,10,ga,Georgia,35.0,1,0,observed
117,2024W18,2024-05-04,17,10,ga,Georgia,16.0,1,0,observed
118,2024W19,2024-05-11,18,10,ga,Georgia,7.0,1,0,observed
119,2024W20,2024-05-18,19,10,ga,Georgia,6.0,1,0,observed
120,2024W21,2024-05-25,20,10,ga,Georgia,3.0,1,0,observed
121,2024W22,2024-06-01,21,10,ga,Georgia,5.0,1,0,observed
122,2024W23,2024-06-08,22,10,ga,Georgia,2.0,1,0,observed
123,2024W24,2024-06-15,23,10,ga,Georgia,1.0,1,0,observed
124,2024W25,2024-06-22,24,10,ga,Georgia,2.0,1,0,observed
125,2024W26,2024-06-29,25,10,ga,Georgia,4.0,1,0,observed
126,2024W27,2024-07-06,26,10,ga,Georgia,4.0,1,0,observed
127,2024W28,2024-07-13,27,10,ga,Georgia,0.0,1,0,observed
128,2024W29,2024-07-20,28,10,ga,Georgia,0.0,1,0,observed
129,2024W30,2024-07-27,29,10,ga,Georgia,1.0,1,0,observed
130,2024W31,2024-08-03,30,10,ga,Georgia,3.0,1,0,observed
131,2024W32,2024-08-10,31,10,ga,Georgia,2.0,1,0,observed
132,2024W33,2024-08-17,32,10,ga,Georgia,2.0,1,0,observed
133,2024W34,2024-08-24,33,10,ga,Georgia,2.0,1,0,observed
134,2024W35,2024-08-31,34,10,ga,Georgia,3.0,1,0,observed
135,2024W36,2024-09-07,35,10,ga,Georgia,0.0,1,0,observed
136,2024W37,2024-09-14,36,10,ga,Georgia,3.0,1,0,observed
137,2024W38,2024-09-21,37,10,ga,Georgia,5.0,1,0,observed
138,2024W39,2024-09-28,38,10,ga,Georgia,2.0,1,0,observed
139,2024W40,2024-10-05,39,10,ga,Georgia,1.0,1,0,observed
140,2024W41,2024-10-12,40,10,ga,Georgia,0.0,1,0,observed
141,2024W42,2024-10-19,41,10,ga,Georgia,5.0,1,0,observed
142,2024W43,2024-10-26,42,10,ga,Georgia,8.0,1,0,observed
143,2024W44,2024-11-02,43,10,ga,Georgia,14.0,1,0,observed
144,2024W45,2024-11-09,44,10,ga,Georgia,42.0,1,0,observed
145,2024W46,2024-11-16,45,10,ga,Georgia,44.0,1,0,observed
146,2024W47,2024-11-23,46,10,ga,Georgia,48.0,1,0,observed
147,2024W48,2024-11-30,47,10,ga,Georgia,56.0,1,0,observed
148,2024W49,2024-12-07,48,10,ga,Georgia,88.0,1,0,observed
149,2024W50,2024-12-14,49,10,ga,Georgia,215.0,1,0,observed
150,2024W51,2024-12-21,50,10,ga,Georgia,397.0,1,0,observed
151,2024W52,2024-12-28,51,10,ga,Georgia,800.0,1,0,observed
152,2025W01,2025-01-04,0,10,ga,Georgia,1144.0,1,0,observed
153,2025W02,2025-01-11,1,10,ga,Georgia,823.0,1,0,observed
154,2025W03,2025-01-18,2,10,ga,Georgia,992.0,1,0,observed
155,2025W04,2025-01-25,3,10,ga,Georgia,1195.0,1,0,observed
156,2025W05,2025-02-01,4,10,ga,Georgia,1373.0,1,0,observed
157,2025W06,2025-02-08,5,10,ga,Georgia,1301.0,1,0,observed
158,2025W07,2025-02-15,6,10,ga,Georgia,734.0,1,0,observed
159,2025W08,2025-02-22,7,10,ga,Georgia,461.0,1,0,observed
160,2025W09,2025-03-01,8,10,ga,Georgia,437.0,1,0,observed
161,2025W10,2025-03-08,9,10,ga,Georgia,396.0,1,0,observed
162,2025W11,2025-03-15,10,10,ga,Georgia,365.0,1,0,observed
163,2025W12,2025-03-22,11,10,ga,Georgia,235.0,1,0,observed
164,2025W13,2025-03-29,12,10,ga,Georgia,190.0,1,0,observed
165,2025W14,2025-04-05,13,10,ga,Georgia,162.0,1,0,observed
166,2025W15,2025-04-12,14,10,ga,Georgia,84.0,1,0,observed
167,2025W16,2025-04-19,15,10,ga,Georgia,64.0,1,0,observed
168,2025W17,2025-04-26,16,10,ga,Georgia,44.0,1,0,observed
169,2025W18,2025-05-03,17,10,ga,Georgia,44.0,1,0,observed
170,2025W19,2025-05-10,18,10,ga,Georgia,44.0,1,0,observed
171,2025W20,2025-05-17,19,10,ga,Georgia,34.0,1,0,observed
172,2025W21,2025-05-24,20,10,ga,Georgia,21.0,1,0,observed
173,2025W22,2025-05-31,21,10,ga,Georgia,26.0,1,0,observed
174,2025W23,2025-06-07,22,10,ga,Georgia,28.0,1,0,observed
175,2025W24,2025-06-14,23,10,ga,Georgia,31.0,1,0,observed
176,2025W25,2025-06-21,24,10,ga,Georgia,18.0,1,0,observed
177,2025W26,2025-06-28,25,10,ga,Georgia,24.0,1,0,observed
178,2025W27,2025-07-05,26,10,ga,Georgia,9.0,1,0,observed
179,2025W28,2025-07-12,27,10,ga,Georgia,17.0,1,0,observed
180,2025W29,2025-07-19,28,10,ga,Georgia,21.0,1,0,observed
181,2025W30,2025-07-26,29,10,ga,Georgia,14.0,1,0,observed
182,2025W31,2025-08-02,30,10,ga,Georgia,22.0,1,0,observed
183,2025W32,2025-08-09,31,10,ga,Georgia,11.0,1,0,observed
184,2025W33,2025-08-16,32,10,ga,Georgia,19.0,1,0,observed
185,2025W34,2025-08-23,33,10,ga,Georgia,19.0,1,0,observed
186,2025W35,2025-08-30,34,10,ga,Georgia,19.0,1,0,observed
187,2025W36,2025-09-06,35,10,ga,Georgia,13.0,1,0,observed
188,2025W37,2025-09-13,36,10,ga,Georgia,17.0,1,0,observed
189,2025W38,2025-09-20,37,10,ga,Georgia,20.0,1,0,observed
190,2025W39,2025-09-27,38,10,ga,Georgia,22.0,1,0,observed
191,2025W40,2025-10-04,39,10,ga,Georgia,27.0,1,0,observed
192,2025W41,2025-10-11,40,10,ga,Georgia,15.0,1,0,observed
193,2025W42,2025-10-18,41,10,ga,Georgia,25.0,1,0,observed
194,2025W43,2025-10-25,42,10,ga,Georgia,32.0,1,0,observed
195,2025W44,2025-11-01,43,10,ga,Georgia,31.0,1,0,observed
196,2025W45,2025-11-08,44,10,ga,Georgia,47.0,1,0,observed
197,2025W46,2025-11-15,45,10,ga,Georgia,62.0,1,0,observed
198,2025W47,2025-11-22,46,10,ga,Georgia,106.0,1,0,observed
199,2025W48,2025-11-29,47,10,ga,Georgia,166.0,1,0,observed
200,2025W49,2025-12-06,48,10,ga,Georgia,182.0,1,0,observed
201,2025W50,2025-12-13,49,10,ga,Georgia,330.0,1,0,observed
202,2025W51,2025-12-20,50,10,ga,Georgia,674.0,1,0,observed
203,2025W52,2025-12-27,51,10,ga,Georgia,1399.0,1,0,observed
204,2026W01,2026-01-03,0,10,ga,Georgia,1316.0,1,0,observed
205,2026W02,2026-01-10,1,10,ga,Georgia,705.0,1,0,observed
206,2026W03,2026-01-17,2,10,ga,Georgia,349.0,1,0,observed
207,2026W04,2026-01-24,3,10,ga,Georgia,341.0,1,0,observed
208,2026W05,2026-01-31,4,10,ga,Georgia,338.0,1,0,observed
209,2026W06,2026-02-07,5,10,ga,Georgia,363.0,1,0,observed
210,2026W07,2026-02-14,6,10,ga,Georgia,440.0,1,0,observed
211,2026W08,2026-02-21,7,10,ga,Georgia,374.0,1,0,observed
212,2026W09,2026-02-28,8,10,ga,Georgia,245.0,1,0,observed
213,2026W10,2026-03-07,9,10,ga,Georgia,225.0,1,0,observed
214,2026W11,2026-03-14,10,10,ga,Georgia,150.0,1,0,observed
215,2026W12,2026-03-21,11,10,ga,Georgia,99.0,1,0,observed
216,2026W13,2026-03-28,12,10,ga,Georgia,55.0,1,0,observed
217,2026W14,2026-04-04,13,10,ga,Georgia,73.0,1,0,observed
218,2026W15,2026-04-11,14,10,ga,Georgia,42.0,1,0,observed
219,2026W16,2026-04-18,15,10,ga,Georgia,35.0,1,0,observed
0,2022W05,2022-02-05,4,11,hi,Hawaii,0.0,1,0,observed
1,2022W06,2022-02-12,5,11,hi,Hawaii,0.0,1,0,observed
2,2022W07,2022-02-19,6,11,hi,Hawaii,0.0,1,0,observed
3,2022W08,2022-02-26,7,11,hi,Hawaii,0.0,1,0,observed
4,2022W09,2022-03-05,8,11,hi,Hawaii,0.0,1,0,observed
5,2022W10,2022-03-12,9,11,hi,Hawaii,0.0,1,0,observed
6,2022W11,2022-03-19,10,11,hi,Hawaii,1.0,1,0,observed
7,2022W12,2022-03-26,11,11,hi,Hawaii,0.0,1,0,observed
8,2022W13,2022-04-02,12,11,hi,Hawaii,1.0,1,0,observed
9,2022W14,2022-04-09,13,11,hi,Hawaii,3.0,1,0,observed
10,2022W15,2022-04-16,14,11,hi,Hawaii,9.0,1,0,observed
11,2022W16,2022-04-23,15,11,hi,Hawaii,7.0,1,0,observed
12,2022W17,2022-04-30,16,11,hi,Hawaii,4.0,1,0,observed
13,2022W18,2022-05-07,17,11,hi,Hawaii,2.0,1,0,observed
14,2022W19,2022-05-14,18,11,hi,Hawaii,3.0,1,0,observed
15,2022W20,2022-05-21,19,11,hi,Hawaii,11.0,1,0,observed
16,2022W21,2022-05-28,20,11,hi,Hawaii,9.0,1,0,observed
17,2022W22,2022-06-04,21,11,hi,Hawaii,4.0,1,0,observed
18,2022W23,2022-06-11,22,11,hi,Hawaii,3.0,1,0,observed
19,2022W24,2022-06-18,23,11,hi,Hawaii,4.0,1,0,observed
20,2022W25,2022-06-25,24,11,hi,Hawaii,6.0,1,0,observed
21,2022W26,2022-07-02,25,11,hi,Hawaii,3.0,1,0,observed
22,2022W27,2022-07-09,26,11,hi,Hawaii,3.0,1,0,observed
23,2022W28,2022-07-16,27,11,hi,Hawaii,0.0,1,0,observed
24,2022W29,2022-07-23,28,11,hi,Hawaii,1.0,1,0,observed
25,2022W30,2022-07-30,29,11,hi,Hawaii,2.0,1,0,observed
26,2022W31,2022-08-06,30,11,hi,Hawaii,3.0,1,0,observed
27,2022W32,2022-08-13,31,11,hi,Hawaii,1.0,1,0,observed
28,2022W33,2022-08-20,32,11,hi,Hawaii,1.0,1,0,observed
29,2022W34,2022-08-27,33,11,hi,Hawaii,1.0,1,0,observed
30,2022W35,2022-09-03,34,11,hi,Hawaii,2.0,1,0,observed
31,2022W36,2022-09-10,35,11,hi,Hawaii,1.0,1,0,observed
32,2022W37,2022-09-17,36,11,hi,Hawaii,2.0,1,0,observed
33,2022W38,2022-09-24,37,11,hi,Hawaii,3.0,1,0,observed
34,2022W39,2022-10-01,38,11,hi,Hawaii,4.0,1,0,observed
35,2022W40,2022-10-08,39,11,hi,Hawaii,5.0,1,0,observed
36,2022W41,2022-10-15,40,11,hi,Hawaii,6.0,1,0,observed
37,2022W42,2022-10-22,41,11,hi,Hawaii,3.0,1,0,observed
38,2022W43,2022-10-29,42,11,hi,Hawaii,7.0,1,0,observed
39,2022W44,2022-11-05,43,11,hi,Hawaii,7.0,1,0,observed
40,2022W45,2022-11-12,44,11,hi,Hawaii,21.0,1,0,observed
41,2022W46,2022-11-19,45,11,hi,Hawaii,15.0,1,0,observed
42,2022W47,2022-11-26,46,11,hi,Hawaii,12.0,1,0,observed
43,2022W48,2022-12-03,47,11,hi,Hawaii,9.0,1,0,observed
44,2022W49,2022-12-10,48,11,hi,Hawaii,13.0,1,0,observed
45,2022W50,2022-12-17,49,11,hi,Hawaii,14.0,1,0,observed
46,2022W51,2022-12-24,50,11,hi,Hawaii,29.0,1,0,observed
47,2022W52,2022-12-31,51,11,hi,Hawaii,34.0,1,0,observed
48,2023W01,2023-01-07,0,11,hi,Hawaii,10.0,1,0,observed
49,2023W02,2023-01-14,1,11,hi,Hawaii,9.0,1,0,observed
50,2023W03,2023-01-21,2,11,hi,Hawaii,0.0,1,0,observed
51,2023W04,2023-01-28,3,11,hi,Hawaii,9.0,1,0,observed
52,2023W05,2023-02-04,4,11,hi,Hawaii,8.0,1,0,observed
53,2023W06,2023-02-11,5,11,hi,Hawaii,10.0,1,0,observed
54,2023W07,2023-02-18,6,11,hi,Hawaii,4.0,1,0,observed
55,2023W08,2023-02-25,7,11,hi,Hawaii,5.0,1,0,observed
56,2023W09,2023-03-04,8,11,hi,Hawaii,1.0,1,0,observed
57,2023W10,2023-03-11,9,11,hi,Hawaii,3.0,1,0,observed
58,2023W11,2023-03-18,10,11,hi,Hawaii,4.0,1,0,observed
59,2023W12,2023-03-25,11,11,hi,Hawaii,1.0,1,0,observed
60,2023W13,2023-04-01,12,11,hi,Hawaii,7.0,1,0,observed
61,2023W14,2023-04-08,13,11,hi,Hawaii,3.0,1,0,observed
62,2023W15,2023-04-15,14,11,hi,Hawaii,1.0,1,0,observed
63,2023W16,2023-04-22,15,11,hi,Hawaii,2.0,1,0,observed
64,2023W17,2023-04-29,16,11,hi,Hawaii,1.0,1,0,observed
65,2023W18,2023-05-06,17,11,hi,Hawaii,0.0,1,0,observed
66,2023W19,2023-05-13,18,11,hi,Hawaii,1.0,1,0,observed
67,2023W20,2023-05-20,19,11,hi,Hawaii,3.0,1,0,observed
68,2023W21,2023-05-27,20,11,hi,Hawaii,0.0,1,0,observed
69,2023W22,2023-06-03,21,11,hi,Hawaii,4.0,1,0,observed
70,2023W23,2023-06-10,22,11,hi,Hawaii,6.0,1,0,observed
71,2023W24,2023-06-17,23,11,hi,Hawaii,8.0,1,0,observed
72,2023W25,2023-06-24,24,11,hi,Hawaii,9.0,1,0,observed
73,2023W26,2023-07-01,25,11,hi,Hawaii,10.0,1,0,observed
74,2023W27,2023-07-08,26,11,hi,Hawaii,8.0,1,0,observed
75,2023W28,2023-07-15,27,11,hi,Hawaii,6.0,1,0,observed
76,2023W29,2023-07-22,28,11,hi,Hawaii,4.0,1,0,observed
77,2023W30,2023-07-29,29,11,hi,Hawaii,4.0,1,0,observed
78,2023W31,2023-08-05,30,11,hi,Hawaii,6.0,1,0,observed
79,2023W32,2023-08-12,31,11,hi,Hawaii,4.0,1,0,observed
80,2023W33,2023-08-19,32,11,hi,Hawaii,6.0,1,0,observed
81,2023W34,2023-08-26,33,11,hi,Hawaii,6.0,1,0,observed
82,2023W35,2023-09-02,34,11,hi,Hawaii,7.0,1,0,observed
83,2023W36,2023-09-09,35,11,hi,Hawaii,5.0,1,0,observed
84,2023W37,2023-09-16,36,11,hi,Hawaii,8.0,1,0,observed
85,2023W38,2023-09-23,37,11,hi,Hawaii,5.0,1,0,observed
86,2023W39,2023-09-30,38,11,hi,Hawaii,10.0,1,0,observed
87,2023W40,2023-10-07,39,11,hi,Hawaii,10.0,1,0,observed
88,2023W41,2023-10-14,40,11,hi,Hawaii,15.0,1,0,observed
89,2023W42,2023-10-21,41,11,hi,Hawaii,13.0,1,0,observed
90,2023W43,2023-10-28,42,11,hi,Hawaii,13.0,1,0,observed
91,2023W44,2023-11-04,43,11,hi,Hawaii,14.0,1,0,observed
92,2023W45,2023-11-11,44,11,hi,Hawaii,16.0,1,0,observed
93,2023W46,2023-11-18,45,11,hi,Hawaii,29.0,1,0,observed
94,2023W47,2023-11-25,46,11,hi,Hawaii,26.0,1,0,observed
95,2023W48,2023-12-02,47,11,hi,Hawaii,23.0,1,0,observed
96,2023W49,2023-12-09,48,11,hi,Hawaii,32.0,1,0,observed
97,2023W50,2023-12-16,49,11,hi,Hawaii,24.0,1,0,observed
98,2023W51,2023-12-23,50,11,hi,Hawaii,28.0,1,0,observed
99,2023W52,2023-12-30,51,11,hi,Hawaii,32.0,1,0,observed
100,2024W01,2024-01-06,0,11,hi,Hawaii,40.0,1,0,observed
101,2024W02,2024-01-13,1,11,hi,Hawaii,25.0,1,0,observed
102,2024W03,2024-01-20,2,11,hi,Hawaii,23.0,1,0,observed
103,2024W04,2024-01-27,3,11,hi,Hawaii,30.0,1,0,observed
104,2024W05,2024-02-03,4,11,hi,Hawaii,5.0,1,0,observed
105,2024W06,2024-02-10,5,11,hi,Hawaii,17.0,1,0,observed
106,2024W07,2024-02-17,6,11,hi,Hawaii,10.0,1,0,observed
107,2024W08,2024-02-24,7,11,hi,Hawaii,14.0,1,0,observed
108,2024W09,2024-03-02,8,11,hi,Hawaii,16.0,1,0,observed
109,2024W10,2024-03-09,9,11,hi,Hawaii,9.0,1,0,observed
110,2024W11,2024-03-16,10,11,hi,Hawaii,18.0,1,0,observed
111,2024W12,2024-03-23,11,11,hi,Hawaii,6.0,1,0,observed
112,2024W13,2024-03-30,12,11,hi,Hawaii,7.0,1,0,observed
113,2024W14,2024-04-06,13,11,hi,Hawaii,9.0,1,0,observed
114,2024W15,2024-04-13,14,11,hi,Hawaii,12.0,1,0,observed
115,2024W16,2024-04-20,15,11,hi,Hawaii,5.0,1,0,observed
116,2024W17,2024-04-27,16,11,hi,Hawaii,14.0,1,0,observed
117,2024W18,2024-05-04,17,11,hi,Hawaii,6.0,1,0,observed
118,2024W19,2024-05-11,18,11,hi,Hawaii,3.0,1,0,observed
119,2024W20,2024-05-18,19,11,hi,Hawaii,2.0,1,0,observed
120,2024W21,2024-05-25,20,11,hi,Hawaii,2.0,1,0,observed
121,2024W22,2024-06-01,21,11,hi,Hawaii,6.0,1,0,observed
122,2024W23,2024-06-08,22,11,hi,Hawaii,1.0,1,0,observed
123,2024W24,2024-06-15,23,11,hi,Hawaii,3.0,1,0,observed
124,2024W25,2024-06-22,24,11,hi,Hawaii,4.0,1,0,observed
125,2024W26,2024-06-29,25,11,hi,Hawaii,2.0,1,0,observed
126,2024W27,2024-07-06,26,11,hi,Hawaii,3.0,1,0,observed
127,2024W28,2024-07-13,27,11,hi,Hawaii,4.0,1,0,observed
128,2024W29,2024-07-20,28,11,hi,Hawaii,6.0,1,0,observed
129,2024W30,2024-07-27,29,11,hi,Hawaii,1.0,1,0,observed
130,2024W31,2024-08-03,30,11,hi,Hawaii,3.0,1,0,observed
131,2024W32,2024-08-10,31,11,hi,Hawaii,3.0,1,0,observed
132,2024W33,2024-08-17,32,11,hi,Hawaii,1.0,1,0,observed
133,2024W34,2024-08-24,33,11,hi,Hawaii,1.0,1,0,observed
134,2024W35,2024-08-31,34,11,hi,Hawaii,2.0,1,0,observed
135,2024W36,2024-09-07,35,11,hi,Hawaii,2.0,1,0,observed
136,2024W37,2024-09-14,36,11,hi,Hawaii,1.0,1,0,observed
137,2024W38,2024-09-21,37,11,hi,Hawaii,1.0,1,0,observed
138,2024W39,2024-09-28,38,11,hi,Hawaii,1.0,1,0,observed
139,2024W40,2024-10-05,39,11,hi,Hawaii,0.0,1,0,observed
140,2024W41,2024-10-12,40,11,hi,Hawaii,1.0,1,0,observed
141,2024W42,2024-10-19,41,11,hi,Hawaii,1.0,1,0,observed
142,2024W43,2024-10-26,42,11,hi,Hawaii,2.0,1,0,observed
143,2024W44,2024-11-02,43,11,hi,Hawaii,3.0,1,0,observed
144,2024W45,2024-11-09,44,11,hi,Hawaii,7.0,1,0,observed
145,2024W46,2024-11-16,45,11,hi,Hawaii,15.0,1,0,observed
146,2024W47,2024-11-23,46,11,hi,Hawaii,8.0,1,0,observed
147,2024W48,2024-11-30,47,11,hi,Hawaii,14.0,1,0,observed
148,2024W49,2024-12-07,48,11,hi,Hawaii,20.0,1,0,observed
149,2024W50,2024-12-14,49,11,hi,Hawaii,34.0,1,0,observed
150,2024W51,2024-12-21,50,11,hi,Hawaii,42.0,1,0,observed
151,2024W52,2024-12-28,51,11,hi,Hawaii,57.0,1,0,observed
152,2025W01,2025-01-04,0,11,hi,Hawaii,125.0,1,0,observed
153,2025W02,2025-01-11,1,11,hi,Hawaii,113.0,1,0,observed
154,2025W03,2025-01-18,2,11,hi,Hawaii,91.0,1,0,observed
155,2025W04,2025-01-25,3,11,hi,Hawaii,88.0,1,0,observed
156,2025W05,2025-02-01,4,11,hi,Hawaii,70.0,1,0,observed
157,2025W06,2025-02-08,5,11,hi,Hawaii,83.0,1,0,observed
158,2025W07,2025-02-15,6,11,hi,Hawaii,79.0,1,0,observed
159,2025W08,2025-02-22,7,11,hi,Hawaii,86.0,1,0,observed
160,2025W09,2025-03-01,8,11,hi,Hawaii,67.0,1,0,observed
161,2025W10,2025-03-08,9,11,hi,Hawaii,63.0,1,0,observed
162,2025W11,2025-03-15,10,11,hi,Hawaii,56.0,1,0,observed
163,2025W12,2025-03-22,11,11,hi,Hawaii,42.0,1,0,observed
164,2025W13,2025-03-29,12,11,hi,Hawaii,31.0,1,0,observed
165,2025W14,2025-04-05,13,11,hi,Hawaii,39.0,1,0,observed
166,2025W15,2025-04-12,14,11,hi,Hawaii,24.0,1,0,observed
167,2025W16,2025-04-19,15,11,hi,Hawaii,24.0,1,0,observed
168,2025W17,2025-04-26,16,11,hi,Hawaii,24.0,1,0,observed
169,2025W18,2025-05-03,17,11,hi,Hawaii,34.0,1,0,observed
170,2025W19,2025-05-10,18,11,hi,Hawaii,30.0,1,0,observed
171,2025W20,2025-05-17,19,11,hi,Hawaii,25.0,1,0,observed
172,2025W21,2025-05-24,20,11,hi,Hawaii,18.0,1,0,observed
173,2025W22,2025-05-31,21,11,hi,Hawaii,19.0,1,0,observed
174,2025W23,2025-06-07,22,11,hi,Hawaii,10.0,1,0,observed
175,2025W24,2025-06-14,23,11,hi,Hawaii,14.0,1,0,observed
176,2025W25,2025-06-21,24,11,hi,Hawaii,5.0,1,0,observed
177,2025W26,2025-06-28,25,11,hi,Hawaii,8.0,1,0,observed
178,2025W27,2025-07-05,26,11,hi,Hawaii,9.0,1,0,observed
179,2025W28,2025-07-12,27,11,hi,Hawaii,4.0,1,0,observed
180,2025W29,2025-07-19,28,11,hi,Hawaii,3.0,1,0,observed
181,2025W30,2025-07-26,29,11,hi,Hawaii,6.0,1,0,observed
182,2025W31,2025-08-02,30,11,hi,Hawaii,4.0,1,0,observed
183,2025W32,2025-08-09,31,11,hi,Hawaii,6.0,1,0,observed
184,2025W33,2025-08-16,32,11,hi,Hawaii,4.0,1,0,observed
185,2025W34,2025-08-23,33,11,hi,Hawaii,0.0,1,0,observed
186,2025W35,2025-08-30,34,11,hi,Hawaii,4.0,1,0,observed
187,2025W36,2025-09-06,35,11,hi,Hawaii,4.0,1,0,observed
188,2025W37,2025-09-13,36,11,hi,Hawaii,6.0,1,0,observed
189,2025W38,2025-09-20,37,11,hi,Hawaii,1.0,1,0,observed
190,2025W39,2025-09-27,38,11,hi,Hawaii,3.0,1,0,observed
191,2025W40,2025-10-04,39,11,hi,Hawaii,1.0,1,0,observed
192,2025W41,2025-10-11,40,11,hi,Hawaii,4.0,1,0,observed
193,2025W42,2025-10-18,41,11,hi,Hawaii,5.0,1,0,observed
194,2025W43,2025-10-25,42,11,hi,Hawaii,10.0,1,0,observed
195,2025W44,2025-11-01,43,11,hi,Hawaii,7.0,1,0,observed
196,2025W45,2025-11-08,44,11,hi,Hawaii,5.0,1,0,observed
197,2025W46,2025-11-15,45,11,hi,Hawaii,16.0,1,0,observed
198,2025W47,2025-11-22,46,11,hi,Hawaii,42.0,1,0,observed
199,2025W48,2025-11-29,47,11,hi,Hawaii,29.0,1,0,observed
200,2025W49,2025-12-06,48,11,hi,Hawaii,40.0,1,0,observed
201,2025W50,2025-12-13,49,11,hi,Hawaii,71.0,1,0,observed
202,2025W51,2025-12-20,50,11,hi,Hawaii,83.0,1,0,observed
203,2025W52,2025-12-27,51,11,hi,Hawaii,88.0,1,0,observed
204,2026W01,2026-01-03,0,11,hi,Hawaii,110.0,1,0,observed
205,2026W02,2026-01-10,1,11,hi,Hawaii,83.0,1,0,observed
206,2026W03,2026-01-17,2,11,hi,Hawaii,50.0,1,0,observed
207,2026W04,2026-01-24,3,11,hi,Hawaii,45.0,1,0,observed
208,2026W05,2026-01-31,4,11,hi,Hawaii,26.0,1,0,observed
209,2026W06,2026-02-07,5,11,hi,Hawaii,32.0,1,0,observed
210,2026W07,2026-02-14,6,11,hi,Hawaii,23.0,1,0,observed
211,2026W08,2026-02-21,7,11,hi,Hawaii,20.0,1,0,observed
212,2026W09,2026-02-28,8,11,hi,Hawaii,9.0,1,0,observed
213,2026W10,2026-03-07,9,11,hi,Hawaii,18.0,1,0,observed
214,2026W11,2026-03-14,10,11,hi,Hawaii,19.0,1,0,observed
215,2026W12,2026-03-21,11,11,hi,Hawaii,24.0,1,0,observed
216,2026W13,2026-03-28,12,11,hi,Hawaii,3.0,1,0,observed
217,2026W14,2026-04-04,13,11,hi,Hawaii,2.0,1,0,observed
218,2026W15,2026-04-11,14,11,hi,Hawaii,4.0,1,0,observed
219,2026W16,2026-04-18,15,11,hi,Hawaii,2.0,1,0,observed
0,2022W05,2022-02-05,4,12,id,Idaho,1.0,1,0,observed
1,2022W06,2022-02-12,5,12,id,Idaho,1.0,1,0,observed
2,2022W07,2022-02-19,6,12,id,Idaho,1.0,1,0,observed
3,2022W08,2022-02-26,7,12,id,Idaho,3.0,1,0,observed
4,2022W09,2022-03-05,8,12,id,Idaho,1.0,1,0,observed
5,2022W10,2022-03-12,9,12,id,Idaho,13.0,1,0,observed
6,2022W11,2022-03-19,10,12,id,Idaho,16.0,1,0,observed
7,2022W12,2022-03-26,11,12,id,Idaho,14.0,1,0,observed
8,2022W13,2022-04-02,12,12,id,Idaho,19.0,1,0,observed
9,2022W14,2022-04-09,13,12,id,Idaho,20.0,1,0,observed
10,2022W15,2022-04-16,14,12,id,Idaho,16.0,1,0,observed
11,2022W16,2022-04-23,15,12,id,Idaho,17.0,1,0,observed
12,2022W17,2022-04-30,16,12,id,Idaho,15.0,1,0,observed
13,2022W18,2022-05-07,17,12,id,Idaho,13.0,1,0,observed
14,2022W19,2022-05-14,18,12,id,Idaho,16.0,1,0,observed
15,2022W20,2022-05-21,19,12,id,Idaho,12.0,1,0,observed
16,2022W21,2022-05-28,20,12,id,Idaho,3.0,1,0,observed
17,2022W22,2022-06-04,21,12,id,Idaho,10.0,1,0,observed
18,2022W23,2022-06-11,22,12,id,Idaho,7.0,1,0,observed
19,2022W24,2022-06-18,23,12,id,Idaho,5.0,1,0,observed
20,2022W25,2022-06-25,24,12,id,Idaho,2.0,1,0,observed
21,2022W26,2022-07-02,25,12,id,Idaho,3.0,1,0,observed
22,2022W27,2022-07-09,26,12,id,Idaho,3.0,1,0,observed
23,2022W28,2022-07-16,27,12,id,Idaho,4.0,1,0,observed
24,2022W29,2022-07-23,28,12,id,Idaho,0.0,1,0,observed
25,2022W30,2022-07-30,29,12,id,Idaho,1.0,1,0,observed
26,2022W31,2022-08-06,30,12,id,Idaho,2.0,1,0,observed
27,2022W32,2022-08-13,31,12,id,Idaho,0.0,1,0,observed
28,2022W33,2022-08-20,32,12,id,Idaho,1.0,1,0,observed
29,2022W34,2022-08-27,33,12,id,Idaho,0.0,1,0,observed
30,2022W35,2022-09-03,34,12,id,Idaho,3.0,1,0,observed
31,2022W36,2022-09-10,35,12,id,Idaho,0.0,1,0,observed
32,2022W37,2022-09-17,36,12,id,Idaho,0.0,1,0,observed
33,2022W38,2022-09-24,37,12,id,Idaho,3.0,1,0,observed
34,2022W39,2022-10-01,38,12,id,Idaho,3.0,1,0,observed
35,2022W40,2022-10-08,39,12,id,Idaho,1.0,1,0,observed
36,2022W41,2022-10-15,40,12,id,Idaho,1.0,1,0,observed
37,2022W42,2022-10-22,41,12,id,Idaho,1.0,1,0,observed
38,2022W43,2022-10-29,42,12,id,Idaho,1.0,1,0,observed
39,2022W44,2022-11-05,43,12,id,Idaho,16.0,1,0,observed
40,2022W45,2022-11-12,44,12,id,Idaho,11.0,1,0,observed
41,2022W46,2022-11-19,45,12,id,Idaho,56.0,1,0,observed
42,2022W47,2022-11-26,46,12,id,Idaho,141.0,1,0,observed
43,2022W48,2022-12-03,47,12,id,Idaho,183.0,1,0,observed
44,2022W49,2022-12-10,48,12,id,Idaho,185.0,1,0,observed
45,2022W50,2022-12-17,49,12,id,Idaho,286.0,1,0,observed
46,2022W51,2022-12-24,50,12,id,Idaho,203.0,1,0,observed
47,2022W52,2022-12-31,51,12,id,Idaho,223.0,1,0,observed
48,2023W01,2023-01-07,0,12,id,Idaho,112.0,1,0,observed
49,2023W02,2023-01-14,1,12,id,Idaho,46.0,1,0,observed
50,2023W03,2023-01-21,2,12,id,Idaho,35.0,1,0,observed
51,2023W04,2023-01-28,3,12,id,Idaho,17.0,1,0,observed
52,2023W05,2023-02-04,4,12,id,Idaho,3.0,1,0,observed
53,2023W06,2023-02-11,5,12,id,Idaho,4.0,1,0,observed
54,2023W07,2023-02-18,6,12,id,Idaho,8.0,1,0,observed
55,2023W08,2023-02-25,7,12,id,Idaho,3.0,1,0,observed
56,2023W09,2023-03-04,8,12,id,Idaho,3.0,1,0,observed
57,2023W10,2023-03-11,9,12,id,Idaho,4.0,1,0,observed
58,2023W11,2023-03-18,10,12,id,Idaho,6.0,1,0,observed
59,2023W12,2023-03-25,11,12,id,Idaho,3.0,1,0,observed
60,2023W13,2023-04-01,12,12,id,Idaho,3.0,1,0,observed
61,2023W14,2023-04-08,13,12,id,Idaho,5.0,1,0,observed
62,2023W15,2023-04-15,14,12,id,Idaho,2.0,1,0,observed
63,2023W16,2023-04-22,15,12,id,Idaho,3.0,1,0,observed
64,2023W17,2023-04-29,16,12,id,Idaho,7.0,1,0,observed
65,2023W18,2023-05-06,17,12,id,Idaho,5.0,1,0,observed
66,2023W19,2023-05-13,18,12,id,Idaho,9.0,1,0,observed
67,2023W20,2023-05-20,19,12,id,Idaho,1.0,1,0,observed
68,2023W21,2023-05-27,20,12,id,Idaho,2.0,1,0,observed
69,2023W22,2023-06-03,21,12,id,Idaho,2.0,1,0,observed
70,2023W23,2023-06-10,22,12,id,Idaho,1.0,1,0,observed
71,2023W24,2023-06-17,23,12,id,Idaho,6.0,1,0,observed
72,2023W25,2023-06-24,24,12,id,Idaho,1.0,1,0,observed
73,2023W26,2023-07-01,25,12,id,Idaho,7.0,1,0,observed
74,2023W27,2023-07-08,26,12,id,Idaho,3.0,1,0,observed
75,2023W28,2023-07-15,27,12,id,Idaho,3.0,1,0,observed
76,2023W29,2023-07-22,28,12,id,Idaho,1.0,1,0,observed
77,2023W30,2023-07-29,29,12,id,Idaho,3.0,1,0,observed
78,2023W31,2023-08-05,30,12,id,Idaho,2.0,1,0,observed
79,2023W32,2023-08-12,31,12,id,Idaho,3.0,1,0,observed
80,2023W33,2023-08-19,32,12,id,Idaho,3.0,1,0,observed
81,2023W34,2023-08-26,33,12,id,Idaho,0.0,1,0,observed
82,2023W35,2023-09-02,34,12,id,Idaho,0.0,1,0,observed
83,2023W36,2023-09-09,35,12,id,Idaho,2.0,1,0,observed
84,2023W37,2023-09-16,36,12,id,Idaho,0.0,1,0,observed
85,2023W38,2023-09-23,37,12,id,Idaho,3.0,1,0,observed
86,2023W39,2023-09-30,38,12,id,Idaho,2.0,1,0,observed
87,2023W40,2023-10-07,39,12,id,Idaho,4.0,1,0,observed
88,2023W41,2023-10-14,40,12,id,Idaho,2.0,1,0,observed
89,2023W42,2023-10-21,41,12,id,Idaho,2.0,1,0,observed
90,2023W43,2023-10-28,42,12,id,Idaho,4.0,1,0,observed
91,2023W44,2023-11-04,43,12,id,Idaho,5.0,1,0,observed
92,2023W45,2023-11-11,44,12,id,Idaho,4.0,1,0,observed
93,2023W46,2023-11-18,45,12,id,Idaho,11.0,1,0,observed
94,2023W47,2023-11-25,46,12,id,Idaho,8.0,1,0,observed
95,2023W48,2023-12-02,47,12,id,Idaho,19.0,1,0,observed
96,2023W49,2023-12-09,48,12,id,Idaho,46.0,1,0,observed
97,2023W50,2023-12-16,49,12,id,Idaho,67.0,1,0,observed
98,2023W51,2023-12-23,50,12,id,Idaho,115.0,1,0,observed
99,2023W52,2023-12-30,51,12,id,Idaho,163.0,1,0,observed
100,2024W01,2024-01-06,0,12,id,Idaho,157.0,1,0,observed
101,2024W02,2024-01-13,1,12,id,Idaho,102.0,1,0,observed
102,2024W03,2024-01-20,2,12,id,Idaho,88.0,1,0,observed
103,2024W04,2024-01-27,3,12,id,Idaho,69.0,1,0,observed
104,2024W05,2024-02-03,4,12,id,Idaho,71.0,1,0,observed
105,2024W06,2024-02-10,5,12,id,Idaho,61.0,1,0,observed
106,2024W07,2024-02-17,6,12,id,Idaho,59.0,1,0,observed
107,2024W08,2024-02-24,7,12,id,Idaho,90.0,1,0,observed
108,2024W09,2024-03-02,8,12,id,Idaho,61.0,1,0,observed
109,2024W10,2024-03-09,9,12,id,Idaho,70.0,1,0,observed
110,2024W11,2024-03-16,10,12,id,Idaho,68.0,1,0,observed
111,2024W12,2024-03-23,11,12,id,Idaho,55.0,1,0,observed
112,2024W13,2024-03-30,12,12,id,Idaho,45.0,1,0,observed
113,2024W14,2024-04-06,13,12,id,Idaho,31.0,1,0,observed
114,2024W15,2024-04-13,14,12,id,Idaho,12.0,1,0,observed
115,2024W16,2024-04-20,15,12,id,Idaho,15.0,1,0,observed
116,2024W17,2024-04-27,16,12,id,Idaho,16.0,1,0,observed
117,2024W18,2024-05-04,17,12,id,Idaho,2.0,1,0,observed
118,2024W19,2024-05-11,18,12,id,Idaho,0.0,1,0,observed
119,2024W20,2024-05-18,19,12,id,Idaho,0.0,1,0,observed
120,2024W21,2024-05-25,20,12,id,Idaho,0.0,1,0,observed
121,2024W22,2024-06-01,21,12,id,Idaho,0.0,1,0,observed
122,2024W23,2024-06-08,22,12,id,Idaho,0.0,1,0,observed
123,2024W24,2024-06-15,23,12,id,Idaho,0.0,1,0,observed
124,2024W25,2024-06-22,24,12,id,Idaho,0.0,1,0,observed
125,2024W26,2024-06-29,25,12,id,Idaho,0.0,1,0,observed
126,2024W27,2024-07-06,26,12,id,Idaho,0.0,1,0,observed
127,2024W28,2024-07-13,27,12,id,Idaho,0.0,1,0,observed
128,2024W29,2024-07-20,28,12,id,Idaho,0.0,1,0,observed
129,2024W30,2024-07-27,29,12,id,Idaho,0.0,1,0,observed
130,2024W31,2024-08-03,30,12,id,Idaho,0.0,1,0,observed
131,2024W32,2024-08-10,31,12,id,Idaho,0.0,1,0,observed
132,2024W33,2024-08-17,32,12,id,Idaho,0.0,1,0,observed
133,2024W34,2024-08-24,33,12,id,Idaho,0.0,1,0,observed
134,2024W35,2024-08-31,34,12,id,Idaho,0.0,1,0,observed
135,2024W36,2024-09-07,35,12,id,Idaho,0.0,1,0,observed
136,2024W37,2024-09-14,36,12,id,Idaho,0.0,1,0,observed
137,2024W38,2024-09-21,37,12,id,Idaho,1.0,1,0,observed
138,2024W39,2024-09-28,38,12,id,Idaho,0.0,1,0,observed
139,2024W40,2024-10-05,39,12,id,Idaho,0.0,1,0,observed
140,2024W41,2024-10-12,40,12,id,Idaho,3.0,1,0,observed
141,2024W42,2024-10-19,41,12,id,Idaho,6.0,1,0,observed
142,2024W43,2024-10-26,42,12,id,Idaho,1.0,1,0,observed
143,2024W44,2024-11-02,43,12,id,Idaho,6.0,1,0,observed
144,2024W45,2024-11-09,44,12,id,Idaho,8.0,1,0,observed
145,2024W46,2024-11-16,45,12,id,Idaho,12.0,1,0,observed
146,2024W47,2024-11-23,46,12,id,Idaho,32.0,1,0,observed
147,2024W48,2024-11-30,47,12,id,Idaho,63.0,1,0,observed
148,2024W49,2024-12-07,48,12,id,Idaho,78.0,1,0,observed
149,2024W50,2024-12-14,49,12,id,Idaho,110.0,1,0,observed
150,2024W51,2024-12-21,50,12,id,Idaho,188.0,1,0,observed
151,2024W52,2024-12-28,51,12,id,Idaho,333.0,1,0,observed
152,2025W01,2025-01-04,0,12,id,Idaho,252.0,1,0,observed
153,2025W02,2025-01-11,1,12,id,Idaho,136.0,1,0,observed
154,2025W03,2025-01-18,2,12,id,Idaho,125.0,1,0,observed
155,2025W04,2025-01-25,3,12,id,Idaho,105.0,1,0,observed
156,2025W05,2025-02-01,4,12,id,Idaho,162.0,1,0,observed
157,2025W06,2025-02-08,5,12,id,Idaho,175.0,1,0,observed
158,2025W07,2025-02-15,6,12,id,Idaho,152.0,1,0,observed
159,2025W08,2025-02-22,7,12,id,Idaho,152.0,1,0,observed
160,2025W09,2025-03-01,8,12,id,Idaho,124.0,1,0,observed
161,2025W10,2025-03-08,9,12,id,Idaho,95.0,1,0,observed
162,2025W11,2025-03-15,10,12,id,Idaho,99.0,1,0,observed
163,2025W12,2025-03-22,11,12,id,Idaho,83.0,1,0,observed
164,2025W13,2025-03-29,12,12,id,Idaho,50.0,1,0,observed
165,2025W14,2025-04-05,13,12,id,Idaho,27.0,1,0,observed
166,2025W15,2025-04-12,14,12,id,Idaho,27.0,1,0,observed
167,2025W16,2025-04-19,15,12,id,Idaho,13.0,1,0,observed
168,2025W17,2025-04-26,16,12,id,Idaho,21.0,1,0,observed
169,2025W18,2025-05-03,17,12,id,Idaho,16.0,1,0,observed
170,2025W19,2025-05-10,18,12,id,Idaho,11.0,1,0,observed
171,2025W20,2025-05-17,19,12,id,Idaho,11.0,1,0,observed
172,2025W21,2025-05-24,20,12,id,Idaho,11.0,1,0,observed
173,2025W22,2025-05-31,21,12,id,Idaho,5.0,1,0,observed
174,2025W23,2025-06-07,22,12,id,Idaho,7.0,1,0,observed
175,2025W24,2025-06-14,23,12,id,Idaho,9.0,1,0,observed
176,2025W25,2025-06-21,24,12,id,Idaho,7.0,1,0,observed
177,2025W26,2025-06-28,25,12,id,Idaho,1.0,1,0,observed
178,2025W27,2025-07-05,26,12,id,Idaho,5.0,1,0,observed
179,2025W28,2025-07-12,27,12,id,Idaho,4.0,1,0,observed
180,2025W29,2025-07-19,28,12,id,Idaho,2.0,1,0,observed
181,2025W30,2025-07-26,29,12,id,Idaho,2.0,1,0,observed
182,2025W31,2025-08-02,30,12,id,Idaho,2.0,1,0,observed
183,2025W32,2025-08-09,31,12,id,Idaho,2.0,1,0,observed
184,2025W33,2025-08-16,32,12,id,Idaho,1.0,1,0,observed
185,2025W34,2025-08-23,33,12,id,Idaho,1.0,1,0,observed
186,2025W35,2025-08-30,34,12,id,Idaho,3.0,1,0,observed
187,2025W36,2025-09-06,35,12,id,Idaho,0.0,1,0,observed
188,2025W37,2025-09-13,36,12,id,Idaho,3.0,1,0,observed
189,2025W38,2025-09-20,37,12,id,Idaho,1.0,1,0,observed
190,2025W39,2025-09-27,38,12,id,Idaho,0.0,1,0,observed
191,2025W40,2025-10-04,39,12,id,Idaho,2.0,1,0,observed
192,2025W41,2025-10-11,40,12,id,Idaho,1.0,1,0,observed
193,2025W42,2025-10-18,41,12,id,Idaho,4.0,1,0,observed
194,2025W43,2025-10-25,42,12,id,Idaho,4.0,1,0,observed
195,2025W44,2025-11-01,43,12,id,Idaho,8.0,1,0,observed
196,2025W45,2025-11-08,44,12,id,Idaho,20.0,1,0,observed
197,2025W46,2025-11-15,45,12,id,Idaho,11.0,1,0,observed
198,2025W47,2025-11-22,46,12,id,Idaho,27.0,1,0,observed
199,2025W48,2025-11-29,47,12,id,Idaho,29.0,1,0,observed
200,2025W49,2025-12-06,48,12,id,Idaho,45.0,1,0,observed
201,2025W50,2025-12-13,49,12,id,Idaho,35.0,1,0,observed
202,2025W51,2025-12-20,50,12,id,Idaho,102.0,1,0,observed
203,2025W52,2025-12-27,51,12,id,Idaho,152.0,1,0,observed
204,2026W01,2026-01-03,0,12,id,Idaho,235.0,1,0,observed
205,2026W02,2026-01-10,1,12,id,Idaho,157.0,1,0,observed
206,2026W03,2026-01-17,2,12,id,Idaho,120.0,1,0,observed
207,2026W04,2026-01-24,3,12,id,Idaho,97.0,1,0,observed
208,2026W05,2026-01-31,4,12,id,Idaho,101.0,1,0,observed
209,2026W06,2026-02-07,5,12,id,Idaho,107.0,1,0,observed
210,2026W07,2026-02-14,6,12,id,Idaho,115.0,1,0,observed
211,2026W08,2026-02-21,7,12,id,Idaho,119.0,1,0,observed
212,2026W09,2026-02-28,8,12,id,Idaho,106.0,1,0,observed
213,2026W10,2026-03-07,9,12,id,Idaho,68.0,1,0,observed
214,2026W11,2026-03-14,10,12,id,Idaho,75.0,1,0,observed
215,2026W12,2026-03-21,11,12,id,Idaho,50.0,1,0,observed
216,2026W13,2026-03-28,12,12,id,Idaho,43.0,1,0,observed
217,2026W14,2026-04-04,13,12,id,Idaho,26.0,1,0,observed
218,2026W15,2026-04-11,14,12,id,Idaho,12.0,1,0,observed
219,2026W16,2026-04-18,15,12,id,Idaho,7.0,1,0,observed
0,2022W05,2022-02-05,4,13,il,Illinois,10.0,1,0,observed
1,2022W06,2022-02-12,5,13,il,Illinois,8.0,1,0,observed
2,2022W07,2022-02-19,6,13,il,Illinois,22.0,1,0,observed
3,2022W08,2022-02-26,7,13,il,Illinois,26.0,1,0,observed
4,2022W09,2022-03-05,8,13,il,Illinois,21.0,1,0,observed
5,2022W10,2022-03-12,9,13,il,Illinois,34.0,1,0,observed
6,2022W11,2022-03-19,10,13,il,Illinois,58.0,1,0,observed
7,2022W12,2022-03-26,11,13,il,Illinois,114.0,1,0,observed
8,2022W13,2022-04-02,12,13,il,Illinois,88.0,1,0,observed
9,2022W14,2022-04-09,13,13,il,Illinois,105.0,1,0,observed
10,2022W15,2022-04-16,14,13,il,Illinois,79.0,1,0,observed
11,2022W16,2022-04-23,15,13,il,Illinois,106.0,1,0,observed
12,2022W17,2022-04-30,16,13,il,Illinois,97.0,1,0,observed
13,2022W18,2022-05-07,17,13,il,Illinois,108.0,1,0,observed
14,2022W19,2022-05-14,18,13,il,Illinois,123.0,1,0,observed
15,2022W20,2022-05-21,19,13,il,Illinois,98.0,1,0,observed
16,2022W21,2022-05-28,20,13,il,Illinois,49.0,1,0,observed
17,2022W22,2022-06-04,21,13,il,Illinois,41.0,1,0,observed
18,2022W23,2022-06-11,22,13,il,Illinois,16.0,1,0,observed
19,2022W24,2022-06-18,23,13,il,Illinois,23.0,1,0,observed
20,2022W25,2022-06-25,24,13,il,Illinois,19.0,1,0,observed
21,2022W26,2022-07-02,25,13,il,Illinois,7.0,1,0,observed
22,2022W27,2022-07-09,26,13,il,Illinois,10.0,1,0,observed
23,2022W28,2022-07-16,27,13,il,Illinois,11.0,1,0,observed
24,2022W29,2022-07-23,28,13,il,Illinois,4.0,1,0,observed
25,2022W30,2022-07-30,29,13,il,Illinois,9.0,1,0,observed
26,2022W31,2022-08-06,30,13,il,Illinois,13.0,1,0,observed
27,2022W32,2022-08-13,31,13,il,Illinois,11.0,1,0,observed
28,2022W33,2022-08-20,32,13,il,Illinois,12.0,1,0,observed
29,2022W34,2022-08-27,33,13,il,Illinois,16.0,1,0,observed
30,2022W35,2022-09-03,34,13,il,Illinois,10.0,1,0,observed
31,2022W36,2022-09-10,35,13,il,Illinois,5.0,1,0,observed
32,2022W37,2022-09-17,36,13,il,Illinois,4.0,1,0,observed
33,2022W38,2022-09-24,37,13,il,Illinois,15.0,1,0,observed
34,2022W39,2022-10-01,38,13,il,Illinois,10.0,1,0,observed
35,2022W40,2022-10-08,39,13,il,Illinois,12.0,1,0,observed
36,2022W41,2022-10-15,40,13,il,Illinois,28.0,1,0,observed
37,2022W42,2022-10-22,41,13,il,Illinois,39.0,1,0,observed
38,2022W43,2022-10-29,42,13,il,Illinois,106.0,1,0,observed
39,2022W44,2022-11-05,43,13,il,Illinois,155.0,1,0,observed
40,2022W45,2022-11-12,44,13,il,Illinois,256.0,1,0,observed
41,2022W46,2022-11-19,45,13,il,Illinois,386.0,1,0,observed
42,2022W47,2022-11-26,46,13,il,Illinois,801.0,1,0,observed
43,2022W48,2022-12-03,47,13,il,Illinois,1102.0,1,0,observed
44,2022W49,2022-12-10,48,13,il,Illinois,956.0,1,0,observed
45,2022W50,2022-12-17,49,13,il,Illinois,733.0,1,0,observed
46,2022W51,2022-12-24,50,13,il,Illinois,578.0,1,0,observed
47,2022W52,2022-12-31,51,13,il,Illinois,555.0,1,0,observed
48,2023W01,2023-01-07,0,13,il,Illinois,433.0,1,0,observed
49,2023W02,2023-01-14,1,13,il,Illinois,173.0,1,0,observed
50,2023W03,2023-01-21,2,13,il,Illinois,68.0,1,0,observed
51,2023W04,2023-01-28,3,13,il,Illinois,73.0,1,0,observed
52,2023W05,2023-02-04,4,13,il,Illinois,28.0,1,0,observed
53,2023W06,2023-02-11,5,13,il,Illinois,31.0,1,0,observed
54,2023W07,2023-02-18,6,13,il,Illinois,28.0,1,0,observed
55,2023W08,2023-02-25,7,13,il,Illinois,31.0,1,0,observed
56,2023W09,2023-03-04,8,13,il,Illinois,24.0,1,0,observed
57,2023W10,2023-03-11,9,13,il,Illinois,16.0,1,0,observed
58,2023W11,2023-03-18,10,13,il,Illinois,12.0,1,0,observed
59,2023W12,2023-03-25,11,13,il,Illinois,30.0,1,0,observed
60,2023W13,2023-04-01,12,13,il,Illinois,37.0,1,0,observed
61,2023W14,2023-04-08,13,13,il,Illinois,25.0,1,0,observed
62,2023W15,2023-04-15,14,13,il,Illinois,37.0,1,0,observed
63,2023W16,2023-04-22,15,13,il,Illinois,25.0,1,0,observed
64,2023W17,2023-04-29,16,13,il,Illinois,19.0,1,0,observed
65,2023W18,2023-05-06,17,13,il,Illinois,24.0,1,0,observed
66,2023W19,2023-05-13,18,13,il,Illinois,30.0,1,0,observed
67,2023W20,2023-05-20,19,13,il,Illinois,25.0,1,0,observed
68,2023W21,2023-05-27,20,13,il,Illinois,37.0,1,0,observed
69,2023W22,2023-06-03,21,13,il,Illinois,22.0,1,0,observed
70,2023W23,2023-06-10,22,13,il,Illinois,21.0,1,0,observed
71,2023W24,2023-06-17,23,13,il,Illinois,20.0,1,0,observed
72,2023W25,2023-06-24,24,13,il,Illinois,13.0,1,0,observed
73,2023W26,2023-07-01,25,13,il,Illinois,8.0,1,0,observed
74,2023W27,2023-07-08,26,13,il,Illinois,11.0,1,0,observed
75,2023W28,2023-07-15,27,13,il,Illinois,10.0,1,0,observed
76,2023W29,2023-07-22,28,13,il,Illinois,12.0,1,0,observed
77,2023W30,2023-07-29,29,13,il,Illinois,10.0,1,0,observed
78,2023W31,2023-08-05,30,13,il,Illinois,12.0,1,0,observed
79,2023W32,2023-08-12,31,13,il,Illinois,13.0,1,0,observed
80,2023W33,2023-08-19,32,13,il,Illinois,9.0,1,0,observed
81,2023W34,2023-08-26,33,13,il,Illinois,12.0,1,0,observed
82,2023W35,2023-09-02,34,13,il,Illinois,9.0,1,0,observed
83,2023W36,2023-09-09,35,13,il,Illinois,15.0,1,0,observed
84,2023W37,2023-09-16,36,13,il,Illinois,18.0,1,0,observed
85,2023W38,2023-09-23,37,13,il,Illinois,20.0,1,0,observed
86,2023W39,2023-09-30,38,13,il,Illinois,18.0,1,0,observed
87,2023W40,2023-10-07,39,13,il,Illinois,21.0,1,0,observed
88,2023W41,2023-10-14,40,13,il,Illinois,18.0,1,0,observed
89,2023W42,2023-10-21,41,13,il,Illinois,27.0,1,0,observed
90,2023W43,2023-10-28,42,13,il,Illinois,21.0,1,0,observed
91,2023W44,2023-11-04,43,13,il,Illinois,34.0,1,0,observed
92,2023W45,2023-11-11,44,13,il,Illinois,54.0,1,0,observed
93,2023W46,2023-11-18,45,13,il,Illinois,71.0,1,0,observed
94,2023W47,2023-11-25,46,13,il,Illinois,102.0,1,0,observed
95,2023W48,2023-12-02,47,13,il,Illinois,165.0,1,0,observed
96,2023W49,2023-12-09,48,13,il,Illinois,205.0,1,0,observed
97,2023W50,2023-12-16,49,13,il,Illinois,253.0,1,0,observed
98,2023W51,2023-12-23,50,13,il,Illinois,464.0,1,0,observed
99,2023W52,2023-12-30,51,13,il,Illinois,576.0,1,0,observed
100,2024W01,2024-01-06,0,13,il,Illinois,511.0,1,0,observed
101,2024W02,2024-01-13,1,13,il,Illinois,380.0,1,0,observed
102,2024W03,2024-01-20,2,13,il,Illinois,335.0,1,0,observed
103,2024W04,2024-01-27,3,13,il,Illinois,275.0,1,0,observed
104,2024W05,2024-02-03,4,13,il,Illinois,272.0,1,0,observed
105,2024W06,2024-02-10,5,13,il,Illinois,250.0,1,0,observed
106,2024W07,2024-02-17,6,13,il,Illinois,262.0,1,0,observed
107,2024W08,2024-02-24,7,13,il,Illinois,318.0,1,0,observed
108,2024W09,2024-03-02,8,13,il,Illinois,331.0,1,0,observed
109,2024W10,2024-03-09,9,13,il,Illinois,267.0,1,0,observed
110,2024W11,2024-03-16,10,13,il,Illinois,250.0,1,0,observed
111,2024W12,2024-03-23,11,13,il,Illinois,212.0,1,0,observed
112,2024W13,2024-03-30,12,13,il,Illinois,201.0,1,0,observed
113,2024W14,2024-04-06,13,13,il,Illinois,182.0,1,0,observed
114,2024W15,2024-04-13,14,13,il,Illinois,186.0,1,0,observed
115,2024W16,2024-04-20,15,13,il,Illinois,122.0,1,0,observed
116,2024W17,2024-04-27,16,13,il,Illinois,88.0,1,0,observed
117,2024W18,2024-05-04,17,13,il,Illinois,43.0,1,0,observed
118,2024W19,2024-05-11,18,13,il,Illinois,13.0,1,0,observed
119,2024W20,2024-05-18,19,13,il,Illinois,10.0,1,0,observed
120,2024W21,2024-05-25,20,13,il,Illinois,9.0,1,0,observed
121,2024W22,2024-06-01,21,13,il,Illinois,9.0,1,0,observed
122,2024W23,2024-06-08,22,13,il,Illinois,8.0,1,0,observed
123,2024W24,2024-06-15,23,13,il,Illinois,9.0,1,0,observed
124,2024W25,2024-06-22,24,13,il,Illinois,6.0,1,0,observed
125,2024W26,2024-06-29,25,13,il,Illinois,6.0,1,0,observed
126,2024W27,2024-07-06,26,13,il,Illinois,8.0,1,0,observed
127,2024W28,2024-07-13,27,13,il,Illinois,5.0,1,0,observed
128,2024W29,2024-07-20,28,13,il,Illinois,4.0,1,0,observed
129,2024W30,2024-07-27,29,13,il,Illinois,3.0,1,0,observed
130,2024W31,2024-08-03,30,13,il,Illinois,4.0,1,0,observed
131,2024W32,2024-08-10,31,13,il,Illinois,6.0,1,0,observed
132,2024W33,2024-08-17,32,13,il,Illinois,1.0,1,0,observed
133,2024W34,2024-08-24,33,13,il,Illinois,3.0,1,0,observed
134,2024W35,2024-08-31,34,13,il,Illinois,3.0,1,0,observed
135,2024W36,2024-09-07,35,13,il,Illinois,1.0,1,0,observed
136,2024W37,2024-09-14,36,13,il,Illinois,6.0,1,0,observed
137,2024W38,2024-09-21,37,13,il,Illinois,7.0,1,0,observed
138,2024W39,2024-09-28,38,13,il,Illinois,4.0,1,0,observed
139,2024W40,2024-10-05,39,13,il,Illinois,2.0,1,0,observed
140,2024W41,2024-10-12,40,13,il,Illinois,1.0,1,0,observed
141,2024W42,2024-10-19,41,13,il,Illinois,5.0,1,0,observed
142,2024W43,2024-10-26,42,13,il,Illinois,12.0,1,0,observed
143,2024W44,2024-11-02,43,13,il,Illinois,27.0,1,0,observed
144,2024W45,2024-11-09,44,13,il,Illinois,36.0,1,0,observed
145,2024W46,2024-11-16,45,13,il,Illinois,34.0,1,0,observed
146,2024W47,2024-11-23,46,13,il,Illinois,86.0,1,0,observed
147,2024W48,2024-11-30,47,13,il,Illinois,83.0,1,0,observed
148,2024W49,2024-12-07,48,13,il,Illinois,107.0,1,0,observed
149,2024W50,2024-12-14,49,13,il,Illinois,242.0,1,0,observed
150,2024W51,2024-12-21,50,13,il,Illinois,489.0,1,0,observed
151,2024W52,2024-12-28,51,13,il,Illinois,1143.0,1,0,observed
152,2025W01,2025-01-04,0,13,il,Illinois,1595.0,1,0,observed
153,2025W02,2025-01-11,1,13,il,Illinois,1410.0,1,0,observed
154,2025W03,2025-01-18,2,13,il,Illinois,1383.0,1,0,observed
155,2025W04,2025-01-25,3,13,il,Illinois,1728.0,1,0,observed
156,2025W05,2025-02-01,4,13,il,Illinois,2146.0,1,0,observed
157,2025W06,2025-02-08,5,13,il,Illinois,2369.0,1,0,observed
158,2025W07,2025-02-15,6,13,il,Illinois,2064.0,1,0,observed
159,2025W08,2025-02-22,7,13,il,Illinois,1706.0,1,0,observed
160,2025W09,2025-03-01,8,13,il,Illinois,1311.0,1,0,observed
161,2025W10,2025-03-08,9,13,il,Illinois,960.0,1,0,observed
162,2025W11,2025-03-15,10,13,il,Illinois,718.0,1,0,observed
163,2025W12,2025-03-22,11,13,il,Illinois,509.0,1,0,observed
164,2025W13,2025-03-29,12,13,il,Illinois,355.0,1,0,observed
165,2025W14,2025-04-05,13,13,il,Illinois,297.0,1,0,observed
166,2025W15,2025-04-12,14,13,il,Illinois,156.0,1,0,observed
167,2025W16,2025-04-19,15,13,il,Illinois,156.0,1,0,observed
168,2025W17,2025-04-26,16,13,il,Illinois,124.0,1,0,observed
169,2025W18,2025-05-03,17,13,il,Illinois,81.0,1,0,observed
170,2025W19,2025-05-10,18,13,il,Illinois,58.0,1,0,observed
171,2025W20,2025-05-17,19,13,il,Illinois,52.0,1,0,observed
172,2025W21,2025-05-24,20,13,il,Illinois,74.0,1,0,observed
173,2025W22,2025-05-31,21,13,il,Illinois,56.0,1,0,observed
174,2025W23,2025-06-07,22,13,il,Illinois,28.0,1,0,observed
175,2025W24,2025-06-14,23,13,il,Illinois,24.0,1,0,observed
176,2025W25,2025-06-21,24,13,il,Illinois,23.0,1,0,observed
177,2025W26,2025-06-28,25,13,il,Illinois,33.0,1,0,observed
178,2025W27,2025-07-05,26,13,il,Illinois,42.0,1,0,observed
179,2025W28,2025-07-12,27,13,il,Illinois,30.0,1,0,observed
180,2025W29,2025-07-19,28,13,il,Illinois,11.0,1,0,observed
181,2025W30,2025-07-26,29,13,il,Illinois,7.0,1,0,observed
182,2025W31,2025-08-02,30,13,il,Illinois,14.0,1,0,observed
183,2025W32,2025-08-09,31,13,il,Illinois,11.0,1,0,observed
184,2025W33,2025-08-16,32,13,il,Illinois,16.0,1,0,observed
185,2025W34,2025-08-23,33,13,il,Illinois,11.0,1,0,observed
186,2025W35,2025-08-30,34,13,il,Illinois,7.0,1,0,observed
187,2025W36,2025-09-06,35,13,il,Illinois,5.0,1,0,observed
188,2025W37,2025-09-13,36,13,il,Illinois,12.0,1,0,observed
189,2025W38,2025-09-20,37,13,il,Illinois,9.0,1,0,observed
190,2025W39,2025-09-27,38,13,il,Illinois,7.0,1,0,observed
191,2025W40,2025-10-04,39,13,il,Illinois,14.0,1,0,observed
192,2025W41,2025-10-11,40,13,il,Illinois,15.0,1,0,observed
193,2025W42,2025-10-18,41,13,il,Illinois,27.0,1,0,observed
194,2025W43,2025-10-25,42,13,il,Illinois,21.0,1,0,observed
195,2025W44,2025-11-01,43,13,il,Illinois,38.0,1,0,observed
196,2025W45,2025-11-08,44,13,il,Illinois,29.0,1,0,observed
197,2025W46,2025-11-15,45,13,il,Illinois,47.0,1,0,observed
198,2025W47,2025-11-22,46,13,il,Illinois,87.0,1,0,observed
199,2025W48,2025-11-29,47,13,il,Illinois,132.0,1,0,observed
200,2025W49,2025-12-06,48,13,il,Illinois,200.0,1,0,observed
201,2025W50,2025-12-13,49,13,il,Illinois,264.0,1,0,observed
202,2025W51,2025-12-20,50,13,il,Illinois,611.0,1,0,observed
203,2025W52,2025-12-27,51,13,il,Illinois,1491.0,1,0,observed
204,2026W01,2026-01-03,0,13,il,Illinois,1741.0,1,0,observed
205,2026W02,2026-01-10,1,13,il,Illinois,1193.0,1,0,observed
206,2026W03,2026-01-17,2,13,il,Illinois,751.0,1,0,observed
207,2026W04,2026-01-24,3,13,il,Illinois,642.0,1,0,observed
208,2026W05,2026-01-31,4,13,il,Illinois,549.0,1,0,observed
209,2026W06,2026-02-07,5,13,il,Illinois,530.0,1,0,observed
210,2026W07,2026-02-14,6,13,il,Illinois,555.0,1,0,observed
211,2026W08,2026-02-21,7,13,il,Illinois,577.0,1,0,observed
212,2026W09,2026-02-28,8,13,il,Illinois,354.0,1,0,observed
213,2026W10,2026-03-07,9,13,il,Illinois,381.0,1,0,observed
214,2026W11,2026-03-14,10,13,il,Illinois,239.0,1,0,observed
215,2026W12,2026-03-21,11,13,il,Illinois,183.0,1,0,observed
216,2026W13,2026-03-28,12,13,il,Illinois,54.0,1,0,observed
217,2026W14,2026-04-04,13,13,il,Illinois,69.0,1,0,observed
218,2026W15,2026-04-11,14,13,il,Illinois,39.0,1,0,observed
219,2026W16,2026-04-18,15,13,il,Illinois,82.0,1,0,observed
0,2022W05,2022-02-05,4,14,in,Indiana,33.0,1,0,observed
1,2022W06,2022-02-12,5,14,in,Indiana,31.0,1,0,observed
2,2022W07,2022-02-19,6,14,in,Indiana,53.0,1,0,observed
3,2022W08,2022-02-26,7,14,in,Indiana,42.0,1,0,observed
4,2022W09,2022-03-05,8,14,in,Indiana,59.0,1,0,observed
5,2022W10,2022-03-12,9,14,in,Indiana,108.0,1,0,observed
6,2022W11,2022-03-19,10,14,in,Indiana,119.0,1,0,observed
7,2022W12,2022-03-26,11,14,in,Indiana,125.0,1,0,observed
8,2022W13,2022-04-02,12,14,in,Indiana,115.0,1,0,observed
9,2022W14,2022-04-09,13,14,in,Indiana,109.0,1,0,observed
10,2022W15,2022-04-16,14,14,in,Indiana,93.0,1,0,observed
11,2022W16,2022-04-23,15,14,in,Indiana,64.0,1,0,observed
12,2022W17,2022-04-30,16,14,in,Indiana,72.0,1,0,observed
13,2022W18,2022-05-07,17,14,in,Indiana,49.0,1,0,observed
14,2022W19,2022-05-14,18,14,in,Indiana,35.0,1,0,observed
15,2022W20,2022-05-21,19,14,in,Indiana,45.0,1,0,observed
16,2022W21,2022-05-28,20,14,in,Indiana,31.0,1,0,observed
17,2022W22,2022-06-04,21,14,in,Indiana,27.0,1,0,observed
18,2022W23,2022-06-11,22,14,in,Indiana,8.0,1,0,observed
19,2022W24,2022-06-18,23,14,in,Indiana,18.0,1,0,observed
20,2022W25,2022-06-25,24,14,in,Indiana,17.0,1,0,observed
21,2022W26,2022-07-02,25,14,in,Indiana,12.0,1,0,observed
22,2022W27,2022-07-09,26,14,in,Indiana,8.0,1,0,observed
23,2022W28,2022-07-16,27,14,in,Indiana,9.0,1,0,observed
24,2022W29,2022-07-23,28,14,in,Indiana,7.0,1,0,observed
25,2022W30,2022-07-30,29,14,in,Indiana,10.0,1,0,observed
26,2022W31,2022-08-06,30,14,in,Indiana,10.0,1,0,observed
27,2022W32,2022-08-13,31,14,in,Indiana,4.0,1,0,observed
28,2022W33,2022-08-20,32,14,in,Indiana,11.0,1,0,observed
29,2022W34,2022-08-27,33,14,in,Indiana,15.0,1,0,observed
30,2022W35,2022-09-03,34,14,in,Indiana,18.0,1,0,observed
31,2022W36,2022-09-10,35,14,in,Indiana,26.0,1,0,observed
32,2022W37,2022-09-17,36,14,in,Indiana,26.0,1,0,observed
33,2022W38,2022-09-24,37,14,in,Indiana,32.0,1,0,observed
34,2022W39,2022-10-01,38,14,in,Indiana,38.0,1,0,observed
35,2022W40,2022-10-08,39,14,in,Indiana,46.0,1,0,observed
36,2022W41,2022-10-15,40,14,in,Indiana,54.0,1,0,observed
37,2022W42,2022-10-22,41,14,in,Indiana,69.0,1,0,observed
38,2022W43,2022-10-29,42,14,in,Indiana,103.0,1,0,observed
39,2022W44,2022-11-05,43,14,in,Indiana,141.0,1,0,observed
40,2022W45,2022-11-12,44,14,in,Indiana,136.0,1,0,observed
41,2022W46,2022-11-19,45,14,in,Indiana,235.0,1,0,observed
42,2022W47,2022-11-26,46,14,in,Indiana,457.0,1,0,observed
43,2022W48,2022-12-03,47,14,in,Indiana,831.0,1,0,observed
44,2022W49,2022-12-10,48,14,in,Indiana,843.0,1,0,observed
45,2022W50,2022-12-17,49,14,in,Indiana,731.0,1,0,observed
46,2022W51,2022-12-24,50,14,in,Indiana,615.0,1,0,observed
47,2022W52,2022-12-31,51,14,in,Indiana,566.0,1,0,observed
48,2023W01,2023-01-07,0,14,in,Indiana,361.0,1,0,observed
49,2023W02,2023-01-14,1,14,in,Indiana,173.0,1,0,observed
50,2023W03,2023-01-21,2,14,in,Indiana,100.0,1,0,observed
51,2023W04,2023-01-28,3,14,in,Indiana,71.0,1,0,observed
52,2023W05,2023-02-04,4,14,in,Indiana,41.0,1,0,observed
53,2023W06,2023-02-11,5,14,in,Indiana,41.0,1,0,observed
54,2023W07,2023-02-18,6,14,in,Indiana,33.0,1,0,observed
55,2023W08,2023-02-25,7,14,in,Indiana,42.0,1,0,observed
56,2023W09,2023-03-04,8,14,in,Indiana,45.0,1,0,observed
57,2023W10,2023-03-11,9,14,in,Indiana,32.0,1,0,observed
58,2023W11,2023-03-18,10,14,in,Indiana,35.0,1,0,observed
59,2023W12,2023-03-25,11,14,in,Indiana,21.0,1,0,observed
60,2023W13,2023-04-01,12,14,in,Indiana,39.0,1,0,observed
61,2023W14,2023-04-08,13,14,in,Indiana,18.0,1,0,observed
62,2023W15,2023-04-15,14,14,in,Indiana,17.0,1,0,observed
63,2023W16,2023-04-22,15,14,in,Indiana,10.0,1,0,observed
64,2023W17,2023-04-29,16,14,in,Indiana,18.0,1,0,observed
65,2023W18,2023-05-06,17,14,in,Indiana,21.0,1,0,observed
66,2023W19,2023-05-13,18,14,in,Indiana,18.0,1,0,observed
67,2023W20,2023-05-20,19,14,in,Indiana,19.0,1,0,observed
68,2023W21,2023-05-27,20,14,in,Indiana,16.0,1,0,observed
69,2023W22,2023-06-03,21,14,in,Indiana,15.0,1,0,observed
70,2023W23,2023-06-10,22,14,in,Indiana,13.0,1,0,observed
71,2023W24,2023-06-17,23,14,in,Indiana,13.0,1,0,observed
72,2023W25,2023-06-24,24,14,in,Indiana,5.0,1,0,observed
73,2023W26,2023-07-01,25,14,in,Indiana,9.0,1,0,observed
74,2023W27,2023-07-08,26,14,in,Indiana,2.0,1,0,observed
75,2023W28,2023-07-15,27,14,in,Indiana,2.0,1,0,observed
76,2023W29,2023-07-22,28,14,in,Indiana,4.0,1,0,observed
77,2023W30,2023-07-29,29,14,in,Indiana,4.0,1,0,observed
78,2023W31,2023-08-05,30,14,in,Indiana,7.0,1,0,observed
79,2023W32,2023-08-12,31,14,in,Indiana,9.0,1,0,observed
80,2023W33,2023-08-19,32,14,in,Indiana,3.0,1,0,observed
81,2023W34,2023-08-26,33,14,in,Indiana,11.0,1,0,observed
82,2023W35,2023-09-02,34,14,in,Indiana,6.0,1,0,observed
83,2023W36,2023-09-09,35,14,in,Indiana,5.0,1,0,observed
84,2023W37,2023-09-16,36,14,in,Indiana,9.0,1,0,observed
85,2023W38,2023-09-23,37,14,in,Indiana,9.0,1,0,observed
86,2023W39,2023-09-30,38,14,in,Indiana,12.0,1,0,observed
87,2023W40,2023-10-07,39,14,in,Indiana,8.0,1,0,observed
88,2023W41,2023-10-14,40,14,in,Indiana,23.0,1,0,observed
89,2023W42,2023-10-21,41,14,in,Indiana,25.0,1,0,observed
90,2023W43,2023-10-28,42,14,in,Indiana,33.0,1,0,observed
91,2023W44,2023-11-04,43,14,in,Indiana,43.0,1,0,observed
92,2023W45,2023-11-11,44,14,in,Indiana,58.0,1,0,observed
93,2023W46,2023-11-18,45,14,in,Indiana,95.0,1,0,observed
94,2023W47,2023-11-25,46,14,in,Indiana,100.0,1,0,observed
95,2023W48,2023-12-02,47,14,in,Indiana,149.0,1,0,observed
96,2023W49,2023-12-09,48,14,in,Indiana,181.0,1,0,observed
97,2023W50,2023-12-16,49,14,in,Indiana,260.0,1,0,observed
98,2023W51,2023-12-23,50,14,in,Indiana,374.0,1,0,observed
99,2023W52,2023-12-30,51,14,in,Indiana,556.0,1,0,observed
100,2024W01,2024-01-06,0,14,in,Indiana,521.0,1,0,observed
101,2024W02,2024-01-13,1,14,in,Indiana,443.0,1,0,observed
102,2024W03,2024-01-20,2,14,in,Indiana,402.0,1,0,observed
103,2024W04,2024-01-27,3,14,in,Indiana,428.0,1,0,observed
104,2024W05,2024-02-03,4,14,in,Indiana,453.0,1,0,observed
105,2024W06,2024-02-10,5,14,in,Indiana,487.0,1,0,observed
106,2024W07,2024-02-17,6,14,in,Indiana,439.0,1,0,observed
107,2024W08,2024-02-24,7,14,in,Indiana,419.0,1,0,observed
108,2024W09,2024-03-02,8,14,in,Indiana,390.0,1,0,observed
109,2024W10,2024-03-09,9,14,in,Indiana,414.0,1,0,observed
110,2024W11,2024-03-16,10,14,in,Indiana,275.0,1,0,observed
111,2024W12,2024-03-23,11,14,in,Indiana,174.0,1,0,observed
112,2024W13,2024-03-30,12,14,in,Indiana,175.0,1,0,observed
113,2024W14,2024-04-06,13,14,in,Indiana,166.0,1,0,observed
114,2024W15,2024-04-13,14,14,in,Indiana,112.0,1,0,observed
115,2024W16,2024-04-20,15,14,in,Indiana,61.0,1,0,observed
116,2024W17,2024-04-27,16,14,in,Indiana,46.0,1,0,observed
117,2024W18,2024-05-04,17,14,in,Indiana,36.0,1,0,observed
118,2024W19,2024-05-11,18,14,in,Indiana,12.0,1,0,observed
119,2024W20,2024-05-18,19,14,in,Indiana,11.0,1,0,observed
120,2024W21,2024-05-25,20,14,in,Indiana,4.0,1,0,observed
121,2024W22,2024-06-01,21,14,in,Indiana,5.0,1,0,observed
122,2024W23,2024-06-08,22,14,in,Indiana,5.0,1,0,observed
123,2024W24,2024-06-15,23,14,in,Indiana,2.0,1,0,observed
124,2024W25,2024-06-22,24,14,in,Indiana,5.0,1,0,observed
125,2024W26,2024-06-29,25,14,in,Indiana,3.0,1,0,observed
126,2024W27,2024-07-06,26,14,in,Indiana,3.0,1,0,observed
127,2024W28,2024-07-13,27,14,in,Indiana,3.0,1,0,observed
128,2024W29,2024-07-20,28,14,in,Indiana,0.0,1,0,observed
129,2024W30,2024-07-27,29,14,in,Indiana,1.0,1,0,observed
130,2024W31,2024-08-03,30,14,in,Indiana,1.0,1,0,observed
131,2024W32,2024-08-10,31,14,in,Indiana,0.0,1,0,observed
132,2024W33,2024-08-17,32,14,in,Indiana,3.0,1,0,observed
133,2024W34,2024-08-24,33,14,in,Indiana,2.0,1,0,observed
134,2024W35,2024-08-31,34,14,in,Indiana,1.0,1,0,observed
135,2024W36,2024-09-07,35,14,in,Indiana,0.0,1,0,observed
136,2024W37,2024-09-14,36,14,in,Indiana,4.0,1,0,observed
137,2024W38,2024-09-21,37,14,in,Indiana,6.0,1,0,observed
138,2024W39,2024-09-28,38,14,in,Indiana,3.0,1,0,observed
139,2024W40,2024-10-05,39,14,in,Indiana,4.0,1,0,observed
140,2024W41,2024-10-12,40,14,in,Indiana,3.0,1,0,observed
141,2024W42,2024-10-19,41,14,in,Indiana,3.0,1,0,observed
142,2024W43,2024-10-26,42,14,in,Indiana,3.0,1,0,observed
143,2024W44,2024-11-02,43,14,in,Indiana,14.0,1,0,observed
144,2024W45,2024-11-09,44,14,in,Indiana,28.0,1,0,observed
145,2024W46,2024-11-16,45,14,in,Indiana,26.0,1,0,observed
146,2024W47,2024-11-23,46,14,in,Indiana,32.0,1,0,observed
147,2024W48,2024-11-30,47,14,in,Indiana,41.0,1,0,observed
148,2024W49,2024-12-07,48,14,in,Indiana,65.0,1,0,observed
149,2024W50,2024-12-14,49,14,in,Indiana,142.0,1,0,observed
150,2024W51,2024-12-21,50,14,in,Indiana,288.0,1,0,observed
151,2024W52,2024-12-28,51,14,in,Indiana,590.0,1,0,observed
152,2025W01,2025-01-04,0,14,in,Indiana,829.0,1,0,observed
153,2025W02,2025-01-11,1,14,in,Indiana,523.0,1,0,observed
154,2025W03,2025-01-18,2,14,in,Indiana,542.0,1,0,observed
155,2025W04,2025-01-25,3,14,in,Indiana,788.0,1,0,observed
156,2025W05,2025-02-01,4,14,in,Indiana,1295.0,1,0,observed
157,2025W06,2025-02-08,5,14,in,Indiana,1711.0,1,0,observed
158,2025W07,2025-02-15,6,14,in,Indiana,1717.0,1,0,observed
159,2025W08,2025-02-22,7,14,in,Indiana,1649.0,1,0,observed
160,2025W09,2025-03-01,8,14,in,Indiana,1210.0,1,0,observed
161,2025W10,2025-03-08,9,14,in,Indiana,900.0,1,0,observed
162,2025W11,2025-03-15,10,14,in,Indiana,599.0,1,0,observed
163,2025W12,2025-03-22,11,14,in,Indiana,392.0,1,0,observed
164,2025W13,2025-03-29,12,14,in,Indiana,237.0,1,0,observed
165,2025W14,2025-04-05,13,14,in,Indiana,126.0,1,0,observed
166,2025W15,2025-04-12,14,14,in,Indiana,87.0,1,0,observed
167,2025W16,2025-04-19,15,14,in,Indiana,52.0,1,0,observed
168,2025W17,2025-04-26,16,14,in,Indiana,43.0,1,0,observed
169,2025W18,2025-05-03,17,14,in,Indiana,34.0,1,0,observed
170,2025W19,2025-05-10,18,14,in,Indiana,27.0,1,0,observed
171,2025W20,2025-05-17,19,14,in,Indiana,25.0,1,0,observed
172,2025W21,2025-05-24,20,14,in,Indiana,18.0,1,0,observed
173,2025W22,2025-05-31,21,14,in,Indiana,20.0,1,0,observed
174,2025W23,2025-06-07,22,14,in,Indiana,15.0,1,0,observed
175,2025W24,2025-06-14,23,14,in,Indiana,5.0,1,0,observed
176,2025W25,2025-06-21,24,14,in,Indiana,11.0,1,0,observed
177,2025W26,2025-06-28,25,14,in,Indiana,15.0,1,0,observed
178,2025W27,2025-07-05,26,14,in,Indiana,10.0,1,0,observed
179,2025W28,2025-07-12,27,14,in,Indiana,4.0,1,0,observed
180,2025W29,2025-07-19,28,14,in,Indiana,7.0,1,0,observed
181,2025W30,2025-07-26,29,14,in,Indiana,6.0,1,0,observed
182,2025W31,2025-08-02,30,14,in,Indiana,7.0,1,0,observed
183,2025W32,2025-08-09,31,14,in,Indiana,12.0,1,0,observed
184,2025W33,2025-08-16,32,14,in,Indiana,8.0,1,0,observed
185,2025W34,2025-08-23,33,14,in,Indiana,9.0,1,0,observed
186,2025W35,2025-08-30,34,14,in,Indiana,10.0,1,0,observed
187,2025W36,2025-09-06,35,14,in,Indiana,13.0,1,0,observed
188,2025W37,2025-09-13,36,14,in,Indiana,11.0,1,0,observed
189,2025W38,2025-09-20,37,14,in,Indiana,13.0,1,0,observed
190,2025W39,2025-09-27,38,14,in,Indiana,7.0,1,0,observed
191,2025W40,2025-10-04,39,14,in,Indiana,18.0,1,0,observed
192,2025W41,2025-10-11,40,14,in,Indiana,12.0,1,0,observed
193,2025W42,2025-10-18,41,14,in,Indiana,17.0,1,0,observed
194,2025W43,2025-10-25,42,14,in,Indiana,17.0,1,0,observed
195,2025W44,2025-11-01,43,14,in,Indiana,19.0,1,0,observed
196,2025W45,2025-11-08,44,14,in,Indiana,22.0,1,0,observed
197,2025W46,2025-11-15,45,14,in,Indiana,41.0,1,0,observed
198,2025W47,2025-11-22,46,14,in,Indiana,60.0,1,0,observed
199,2025W48,2025-11-29,47,14,in,Indiana,86.0,1,0,observed
200,2025W49,2025-12-06,48,14,in,Indiana,118.0,1,0,observed
201,2025W50,2025-12-13,49,14,in,Indiana,163.0,1,0,observed
202,2025W51,2025-12-20,50,14,in,Indiana,351.0,1,0,observed
203,2025W52,2025-12-27,51,14,in,Indiana,699.0,1,0,observed
204,2026W01,2026-01-03,0,14,in,Indiana,906.0,1,0,observed
205,2026W02,2026-01-10,1,14,in,Indiana,642.0,1,0,observed
206,2026W03,2026-01-17,2,14,in,Indiana,383.0,1,0,observed
207,2026W04,2026-01-24,3,14,in,Indiana,316.0,1,0,observed
208,2026W05,2026-01-31,4,14,in,Indiana,335.0,1,0,observed
209,2026W06,2026-02-07,5,14,in,Indiana,350.0,1,0,observed
210,2026W07,2026-02-14,6,14,in,Indiana,277.0,1,0,observed
211,2026W08,2026-02-21,7,14,in,Indiana,359.0,1,0,observed
212,2026W09,2026-02-28,8,14,in,Indiana,292.0,1,0,observed
213,2026W10,2026-03-07,9,14,in,Indiana,288.0,1,0,observed
214,2026W11,2026-03-14,10,14,in,Indiana,246.0,1,0,observed
215,2026W12,2026-03-21,11,14,in,Indiana,185.0,1,0,observed
216,2026W13,2026-03-28,12,14,in,Indiana,58.0,1,0,observed
217,2026W14,2026-04-04,13,14,in,Indiana,51.0,1,0,observed
218,2026W15,2026-04-11,14,14,in,Indiana,31.0,1,0,observed
219,2026W16,2026-04-18,15,14,in,Indiana,37.0,1,0,observed
0,2022W05,2022-02-05,4,15,ia,Iowa,16.0,1,0,observed
1,2022W06,2022-02-12,5,15,ia,Iowa,46.0,1,0,observed
2,2022W07,2022-02-19,6,15,ia,Iowa,40.0,1,0,observed
3,2022W08,2022-02-26,7,15,ia,Iowa,57.0,1,0,observed
4,2022W09,2022-03-05,8,15,ia,Iowa,56.0,1,0,observed
5,2022W10,2022-03-12,9,15,ia,Iowa,54.0,1,0,observed
6,2022W11,2022-03-19,10,15,ia,Iowa,49.0,1,0,observed
7,2022W12,2022-03-26,11,15,ia,Iowa,43.0,1,0,observed
8,2022W13,2022-04-02,12,15,ia,Iowa,36.0,1,0,observed
9,2022W14,2022-04-09,13,15,ia,Iowa,25.0,1,0,observed
10,2022W15,2022-04-16,14,15,ia,Iowa,25.0,1,0,observed
11,2022W16,2022-04-23,15,15,ia,Iowa,20.0,1,0,observed
12,2022W17,2022-04-30,16,15,ia,Iowa,17.0,1,0,observed
13,2022W18,2022-05-07,17,15,ia,Iowa,20.0,1,0,observed
14,2022W19,2022-05-14,18,15,ia,Iowa,17.0,1,0,observed
15,2022W20,2022-05-21,19,15,ia,Iowa,10.0,1,0,observed
16,2022W21,2022-05-28,20,15,ia,Iowa,6.0,1,0,observed
17,2022W22,2022-06-04,21,15,ia,Iowa,6.0,1,0,observed
18,2022W23,2022-06-11,22,15,ia,Iowa,9.0,1,0,observed
19,2022W24,2022-06-18,23,15,ia,Iowa,6.0,1,0,observed
20,2022W25,2022-06-25,24,15,ia,Iowa,5.0,1,0,observed
21,2022W26,2022-07-02,25,15,ia,Iowa,3.0,1,0,observed
22,2022W27,2022-07-09,26,15,ia,Iowa,3.0,1,0,observed
23,2022W28,2022-07-16,27,15,ia,Iowa,0.0,1,0,observed
24,2022W29,2022-07-23,28,15,ia,Iowa,0.0,1,0,observed
25,2022W30,2022-07-30,29,15,ia,Iowa,0.0,1,0,observed
26,2022W31,2022-08-06,30,15,ia,Iowa,1.0,1,0,observed
27,2022W32,2022-08-13,31,15,ia,Iowa,1.0,1,0,observed
28,2022W33,2022-08-20,32,15,ia,Iowa,4.0,1,0,observed
29,2022W34,2022-08-27,33,15,ia,Iowa,1.0,1,0,observed
30,2022W35,2022-09-03,34,15,ia,Iowa,3.0,1,0,observed
31,2022W36,2022-09-10,35,15,ia,Iowa,0.0,1,0,observed
32,2022W37,2022-09-17,36,15,ia,Iowa,1.0,1,0,observed
33,2022W38,2022-09-24,37,15,ia,Iowa,2.0,1,0,observed
34,2022W39,2022-10-01,38,15,ia,Iowa,9.0,1,0,observed
35,2022W40,2022-10-08,39,15,ia,Iowa,6.0,1,0,observed
36,2022W41,2022-10-15,40,15,ia,Iowa,7.0,1,0,observed
37,2022W42,2022-10-22,41,15,ia,Iowa,9.0,1,0,observed
38,2022W43,2022-10-29,42,15,ia,Iowa,15.0,1,0,observed
39,2022W44,2022-11-05,43,15,ia,Iowa,16.0,1,0,observed
40,2022W45,2022-11-12,44,15,ia,Iowa,20.0,1,0,observed
41,2022W46,2022-11-19,45,15,ia,Iowa,37.0,1,0,observed
42,2022W47,2022-11-26,46,15,ia,Iowa,104.0,1,0,observed
43,2022W48,2022-12-03,47,15,ia,Iowa,208.0,1,0,observed
44,2022W49,2022-12-10,48,15,ia,Iowa,231.0,1,0,observed
45,2022W50,2022-12-17,49,15,ia,Iowa,325.0,1,0,observed
46,2022W51,2022-12-24,50,15,ia,Iowa,328.0,1,0,observed
47,2022W52,2022-12-31,51,15,ia,Iowa,320.0,1,0,observed
48,2023W01,2023-01-07,0,15,ia,Iowa,218.0,1,0,observed
49,2023W02,2023-01-14,1,15,ia,Iowa,96.0,1,0,observed
50,2023W03,2023-01-21,2,15,ia,Iowa,43.0,1,0,observed
51,2023W04,2023-01-28,3,15,ia,Iowa,47.0,1,0,observed
52,2023W05,2023-02-04,4,15,ia,Iowa,13.0,1,0,observed
53,2023W06,2023-02-11,5,15,ia,Iowa,15.0,1,0,observed
54,2023W07,2023-02-18,6,15,ia,Iowa,9.0,1,0,observed
55,2023W08,2023-02-25,7,15,ia,Iowa,11.0,1,0,observed
56,2023W09,2023-03-04,8,15,ia,Iowa,6.0,1,0,observed
57,2023W10,2023-03-11,9,15,ia,Iowa,12.0,1,0,observed
58,2023W11,2023-03-18,10,15,ia,Iowa,7.0,1,0,observed
59,2023W12,2023-03-25,11,15,ia,Iowa,7.0,1,0,observed
60,2023W13,2023-04-01,12,15,ia,Iowa,4.0,1,0,observed
61,2023W14,2023-04-08,13,15,ia,Iowa,2.0,1,0,observed
62,2023W15,2023-04-15,14,15,ia,Iowa,5.0,1,0,observed
63,2023W16,2023-04-22,15,15,ia,Iowa,0.0,1,0,observed
64,2023W17,2023-04-29,16,15,ia,Iowa,12.0,1,0,observed
65,2023W18,2023-05-06,17,15,ia,Iowa,5.0,1,0,observed
66,2023W19,2023-05-13,18,15,ia,Iowa,5.0,1,0,observed
67,2023W20,2023-05-20,19,15,ia,Iowa,3.0,1,0,observed
68,2023W21,2023-05-27,20,15,ia,Iowa,4.0,1,0,observed
69,2023W22,2023-06-03,21,15,ia,Iowa,0.0,1,0,observed
70,2023W23,2023-06-10,22,15,ia,Iowa,4.0,1,0,observed
71,2023W24,2023-06-17,23,15,ia,Iowa,2.0,1,0,observed
72,2023W25,2023-06-24,24,15,ia,Iowa,1.0,1,0,observed
73,2023W26,2023-07-01,25,15,ia,Iowa,2.0,1,0,observed
74,2023W27,2023-07-08,26,15,ia,Iowa,2.0,1,0,observed
75,2023W28,2023-07-15,27,15,ia,Iowa,0.0,1,0,observed
76,2023W29,2023-07-22,28,15,ia,Iowa,2.0,1,0,observed
77,2023W30,2023-07-29,29,15,ia,Iowa,0.0,1,0,observed
78,2023W31,2023-08-05,30,15,ia,Iowa,1.0,1,0,observed
79,2023W32,2023-08-12,31,15,ia,Iowa,0.0,1,0,observed
80,2023W33,2023-08-19,32,15,ia,Iowa,2.0,1,0,observed
81,2023W34,2023-08-26,33,15,ia,Iowa,2.0,1,0,observed
82,2023W35,2023-09-02,34,15,ia,Iowa,4.0,1,0,observed
83,2023W36,2023-09-09,35,15,ia,Iowa,1.0,1,0,observed
84,2023W37,2023-09-16,36,15,ia,Iowa,0.0,1,0,observed
85,2023W38,2023-09-23,37,15,ia,Iowa,0.0,1,0,observed
86,2023W39,2023-09-30,38,15,ia,Iowa,4.0,1,0,observed
87,2023W40,2023-10-07,39,15,ia,Iowa,3.0,1,0,observed
88,2023W41,2023-10-14,40,15,ia,Iowa,1.0,1,0,observed
89,2023W42,2023-10-21,41,15,ia,Iowa,4.0,1,0,observed
90,2023W43,2023-10-28,42,15,ia,Iowa,4.0,1,0,observed
91,2023W44,2023-11-04,43,15,ia,Iowa,10.0,1,0,observed
92,2023W45,2023-11-11,44,15,ia,Iowa,13.0,1,0,observed
93,2023W46,2023-11-18,45,15,ia,Iowa,14.0,1,0,observed
94,2023W47,2023-11-25,46,15,ia,Iowa,27.0,1,0,observed
95,2023W48,2023-12-02,47,15,ia,Iowa,44.0,1,0,observed
96,2023W49,2023-12-09,48,15,ia,Iowa,43.0,1,0,observed
97,2023W50,2023-12-16,49,15,ia,Iowa,50.0,1,0,observed
98,2023W51,2023-12-23,50,15,ia,Iowa,90.0,1,0,observed
99,2023W52,2023-12-30,51,15,ia,Iowa,99.0,1,0,observed
100,2024W01,2024-01-06,0,15,ia,Iowa,94.0,1,0,observed
101,2024W02,2024-01-13,1,15,ia,Iowa,84.0,1,0,observed
102,2024W03,2024-01-20,2,15,ia,Iowa,95.0,1,0,observed
103,2024W04,2024-01-27,3,15,ia,Iowa,76.0,1,0,observed
104,2024W05,2024-02-03,4,15,ia,Iowa,107.0,1,0,observed
105,2024W06,2024-02-10,5,15,ia,Iowa,112.0,1,0,observed
106,2024W07,2024-02-17,6,15,ia,Iowa,124.0,1,0,observed
107,2024W08,2024-02-24,7,15,ia,Iowa,157.0,1,0,observed
108,2024W09,2024-03-02,8,15,ia,Iowa,180.0,1,0,observed
109,2024W10,2024-03-09,9,15,ia,Iowa,178.0,1,0,observed
110,2024W11,2024-03-16,10,15,ia,Iowa,115.0,1,0,observed
111,2024W12,2024-03-23,11,15,ia,Iowa,94.0,1,0,observed
112,2024W13,2024-03-30,12,15,ia,Iowa,90.0,1,0,observed
113,2024W14,2024-04-06,13,15,ia,Iowa,82.0,1,0,observed
114,2024W15,2024-04-13,14,15,ia,Iowa,63.0,1,0,observed
115,2024W16,2024-04-20,15,15,ia,Iowa,53.0,1,0,observed
116,2024W17,2024-04-27,16,15,ia,Iowa,22.0,1,0,observed
117,2024W18,2024-05-04,17,15,ia,Iowa,9.0,1,0,observed
118,2024W19,2024-05-11,18,15,ia,Iowa,3.0,1,0,observed
119,2024W20,2024-05-18,19,15,ia,Iowa,3.0,1,0,observed
120,2024W21,2024-05-25,20,15,ia,Iowa,2.0,1,0,observed
121,2024W22,2024-06-01,21,15,ia,Iowa,1.0,1,0,observed
122,2024W23,2024-06-08,22,15,ia,Iowa,0.0,1,0,observed
123,2024W24,2024-06-15,23,15,ia,Iowa,1.0,1,0,observed
124,2024W25,2024-06-22,24,15,ia,Iowa,0.0,1,0,observed
125,2024W26,2024-06-29,25,15,ia,Iowa,1.0,1,0,observed
126,2024W27,2024-07-06,26,15,ia,Iowa,0.0,1,0,observed
127,2024W28,2024-07-13,27,15,ia,Iowa,1.0,1,0,observed
128,2024W29,2024-07-20,28,15,ia,Iowa,0.0,1,0,observed
129,2024W30,2024-07-27,29,15,ia,Iowa,1.0,1,0,observed
130,2024W31,2024-08-03,30,15,ia,Iowa,0.0,1,0,observed
131,2024W32,2024-08-10,31,15,ia,Iowa,0.0,1,0,observed
132,2024W33,2024-08-17,32,15,ia,Iowa,1.0,1,0,observed
133,2024W34,2024-08-24,33,15,ia,Iowa,2.0,1,0,observed
134,2024W35,2024-08-31,34,15,ia,Iowa,2.0,1,0,observed
135,2024W36,2024-09-07,35,15,ia,Iowa,1.0,1,0,observed
136,2024W37,2024-09-14,36,15,ia,Iowa,2.0,1,0,observed
137,2024W38,2024-09-21,37,15,ia,Iowa,0.0,1,0,observed
138,2024W39,2024-09-28,38,15,ia,Iowa,1.0,1,0,observed
139,2024W40,2024-10-05,39,15,ia,Iowa,1.0,1,0,observed
140,2024W41,2024-10-12,40,15,ia,Iowa,0.0,1,0,observed
141,2024W42,2024-10-19,41,15,ia,Iowa,1.0,1,0,observed
142,2024W43,2024-10-26,42,15,ia,Iowa,4.0,1,0,observed
143,2024W44,2024-11-02,43,15,ia,Iowa,5.0,1,0,observed
144,2024W45,2024-11-09,44,15,ia,Iowa,4.0,1,0,observed
145,2024W46,2024-11-16,45,15,ia,Iowa,5.0,1,0,observed
146,2024W47,2024-11-23,46,15,ia,Iowa,5.0,1,0,observed
147,2024W48,2024-11-30,47,15,ia,Iowa,4.0,1,0,observed
148,2024W49,2024-12-07,48,15,ia,Iowa,13.0,1,0,observed
149,2024W50,2024-12-14,49,15,ia,Iowa,23.0,1,0,observed
150,2024W51,2024-12-21,50,15,ia,Iowa,42.0,1,0,observed
151,2024W52,2024-12-28,51,15,ia,Iowa,118.0,1,0,observed
152,2025W01,2025-01-04,0,15,ia,Iowa,190.0,1,0,observed
153,2025W02,2025-01-11,1,15,ia,Iowa,266.0,1,0,observed
154,2025W03,2025-01-18,2,15,ia,Iowa,246.0,1,0,observed
155,2025W04,2025-01-25,3,15,ia,Iowa,304.0,1,0,observed
156,2025W05,2025-02-01,4,15,ia,Iowa,457.0,1,0,observed
157,2025W06,2025-02-08,5,15,ia,Iowa,607.0,1,0,observed
158,2025W07,2025-02-15,6,15,ia,Iowa,516.0,1,0,observed
159,2025W08,2025-02-22,7,15,ia,Iowa,404.0,1,0,observed
160,2025W09,2025-03-01,8,15,ia,Iowa,355.0,1,0,observed
161,2025W10,2025-03-08,9,15,ia,Iowa,271.0,1,0,observed
162,2025W11,2025-03-15,10,15,ia,Iowa,187.0,1,0,observed
163,2025W12,2025-03-22,11,15,ia,Iowa,99.0,1,0,observed
164,2025W13,2025-03-29,12,15,ia,Iowa,55.0,1,0,observed
165,2025W14,2025-04-05,13,15,ia,Iowa,43.0,1,0,observed
166,2025W15,2025-04-12,14,15,ia,Iowa,24.0,1,0,observed
167,2025W16,2025-04-19,15,15,ia,Iowa,11.0,1,0,observed
168,2025W17,2025-04-26,16,15,ia,Iowa,14.0,1,0,observed
169,2025W18,2025-05-03,17,15,ia,Iowa,4.0,1,0,observed
170,2025W19,2025-05-10,18,15,ia,Iowa,4.0,1,0,observed
171,2025W20,2025-05-17,19,15,ia,Iowa,1.0,1,0,observed
172,2025W21,2025-05-24,20,15,ia,Iowa,5.0,1,0,observed
173,2025W22,2025-05-31,21,15,ia,Iowa,4.0,1,0,observed
174,2025W23,2025-06-07,22,15,ia,Iowa,6.0,1,0,observed
175,2025W24,2025-06-14,23,15,ia,Iowa,1.0,1,0,observed
176,2025W25,2025-06-21,24,15,ia,Iowa,3.0,1,0,observed
177,2025W26,2025-06-28,25,15,ia,Iowa,2.0,1,0,observed
178,2025W27,2025-07-05,26,15,ia,Iowa,2.0,1,0,observed
179,2025W28,2025-07-12,27,15,ia,Iowa,0.0,1,0,observed
180,2025W29,2025-07-19,28,15,ia,Iowa,3.0,1,0,observed
181,2025W30,2025-07-26,29,15,ia,Iowa,0.0,1,0,observed
182,2025W31,2025-08-02,30,15,ia,Iowa,2.0,1,0,observed
183,2025W32,2025-08-09,31,15,ia,Iowa,1.0,1,0,observed
184,2025W33,2025-08-16,32,15,ia,Iowa,2.0,1,0,observed
185,2025W34,2025-08-23,33,15,ia,Iowa,3.0,1,0,observed
186,2025W35,2025-08-30,34,15,ia,Iowa,1.0,1,0,observed
187,2025W36,2025-09-06,35,15,ia,Iowa,2.0,1,0,observed
188,2025W37,2025-09-13,36,15,ia,Iowa,0.0,1,0,observed
189,2025W38,2025-09-20,37,15,ia,Iowa,3.0,1,0,observed
190,2025W39,2025-09-27,38,15,ia,Iowa,6.0,1,0,observed
191,2025W40,2025-10-04,39,15,ia,Iowa,1.0,1,0,observed
192,2025W41,2025-10-11,40,15,ia,Iowa,4.0,1,0,observed
193,2025W42,2025-10-18,41,15,ia,Iowa,1.0,1,0,observed
194,2025W43,2025-10-25,42,15,ia,Iowa,1.0,1,0,observed
195,2025W44,2025-11-01,43,15,ia,Iowa,3.0,1,0,observed
196,2025W45,2025-11-08,44,15,ia,Iowa,9.0,1,0,observed
197,2025W46,2025-11-15,45,15,ia,Iowa,8.0,1,0,observed
198,2025W47,2025-11-22,46,15,ia,Iowa,5.0,1,0,observed
199,2025W48,2025-11-29,47,15,ia,Iowa,19.0,1,0,observed
200,2025W49,2025-12-06,48,15,ia,Iowa,22.0,1,0,observed
201,2025W50,2025-12-13,49,15,ia,Iowa,30.0,1,0,observed
202,2025W51,2025-12-20,50,15,ia,Iowa,90.0,1,0,observed
203,2025W52,2025-12-27,51,15,ia,Iowa,263.0,1,0,observed
204,2026W01,2026-01-03,0,15,ia,Iowa,382.0,1,0,observed
205,2026W02,2026-01-10,1,15,ia,Iowa,280.0,1,0,observed
206,2026W03,2026-01-17,2,15,ia,Iowa,261.0,1,0,observed
207,2026W04,2026-01-24,3,15,ia,Iowa,241.0,1,0,observed
208,2026W05,2026-01-31,4,15,ia,Iowa,223.0,1,0,observed
209,2026W06,2026-02-07,5,15,ia,Iowa,231.0,1,0,observed
210,2026W07,2026-02-14,6,15,ia,Iowa,222.0,1,0,observed
211,2026W08,2026-02-21,7,15,ia,Iowa,199.0,1,0,observed
212,2026W09,2026-02-28,8,15,ia,Iowa,119.0,1,0,observed
213,2026W10,2026-03-07,9,15,ia,Iowa,77.0,1,0,observed
214,2026W11,2026-03-14,10,15,ia,Iowa,112.0,1,0,observed
215,2026W12,2026-03-21,11,15,ia,Iowa,68.0,1,0,observed
216,2026W13,2026-03-28,12,15,ia,Iowa,28.0,1,0,observed
217,2026W14,2026-04-04,13,15,ia,Iowa,20.0,1,0,observed
218,2026W15,2026-04-11,14,15,ia,Iowa,17.0,1,0,observed
219,2026W16,2026-04-18,15,15,ia,Iowa,15.0,1,0,observed
0,2022W05,2022-02-05,4,16,ks,Kansas,9.0,1,0,observed
1,2022W06,2022-02-12,5,16,ks,Kansas,22.0,1,0,observed
2,2022W07,2022-02-19,6,16,ks,Kansas,25.0,1,0,observed
3,2022W08,2022-02-26,7,16,ks,Kansas,34.0,1,0,observed
4,2022W09,2022-03-05,8,16,ks,Kansas,28.0,1,0,observed
5,2022W10,2022-03-12,9,16,ks,Kansas,40.0,1,0,observed
6,2022W11,2022-03-19,10,16,ks,Kansas,31.0,1,0,observed
7,2022W12,2022-03-26,11,16,ks,Kansas,49.0,1,0,observed
8,2022W13,2022-04-02,12,16,ks,Kansas,28.0,1,0,observed
9,2022W14,2022-04-09,13,16,ks,Kansas,32.0,1,0,observed
10,2022W15,2022-04-16,14,16,ks,Kansas,19.0,1,0,observed
11,2022W16,2022-04-23,15,16,ks,Kansas,26.0,1,0,observed
12,2022W17,2022-04-30,16,16,ks,Kansas,19.0,1,0,observed
13,2022W18,2022-05-07,17,16,ks,Kansas,8.0,1,0,observed
14,2022W19,2022-05-14,18,16,ks,Kansas,7.0,1,0,observed
15,2022W20,2022-05-21,19,16,ks,Kansas,7.0,1,0,observed
16,2022W21,2022-05-28,20,16,ks,Kansas,2.0,1,0,observed
17,2022W22,2022-06-04,21,16,ks,Kansas,2.0,1,0,observed
18,2022W23,2022-06-11,22,16,ks,Kansas,2.0,1,0,observed
19,2022W24,2022-06-18,23,16,ks,Kansas,0.0,1,0,observed
20,2022W25,2022-06-25,24,16,ks,Kansas,3.0,1,0,observed
21,2022W26,2022-07-02,25,16,ks,Kansas,4.0,1,0,observed
22,2022W27,2022-07-09,26,16,ks,Kansas,3.0,1,0,observed
23,2022W28,2022-07-16,27,16,ks,Kansas,0.0,1,0,observed
24,2022W29,2022-07-23,28,16,ks,Kansas,2.0,1,0,observed
25,2022W30,2022-07-30,29,16,ks,Kansas,3.0,1,0,observed
26,2022W31,2022-08-06,30,16,ks,Kansas,2.0,1,0,observed
27,2022W32,2022-08-13,31,16,ks,Kansas,1.0,1,0,observed
28,2022W33,2022-08-20,32,16,ks,Kansas,2.0,1,0,observed
29,2022W34,2022-08-27,33,16,ks,Kansas,1.0,1,0,observed
30,2022W35,2022-09-03,34,16,ks,Kansas,0.0,1,0,observed
31,2022W36,2022-09-10,35,16,ks,Kansas,1.0,1,0,observed
32,2022W37,2022-09-17,36,16,ks,Kansas,0.0,1,0,observed
33,2022W38,2022-09-24,37,16,ks,Kansas,1.0,1,0,observed
34,2022W39,2022-10-01,38,16,ks,Kansas,1.0,1,0,observed
35,2022W40,2022-10-08,39,16,ks,Kansas,7.0,1,0,observed
36,2022W41,2022-10-15,40,16,ks,Kansas,4.0,1,0,observed
37,2022W42,2022-10-22,41,16,ks,Kansas,16.0,1,0,observed
38,2022W43,2022-10-29,42,16,ks,Kansas,19.0,1,0,observed
39,2022W44,2022-11-05,43,16,ks,Kansas,34.0,1,0,observed
40,2022W45,2022-11-12,44,16,ks,Kansas,44.0,1,0,observed
41,2022W46,2022-11-19,45,16,ks,Kansas,64.0,1,0,observed
42,2022W47,2022-11-26,46,16,ks,Kansas,153.0,1,0,observed
43,2022W48,2022-12-03,47,16,ks,Kansas,301.0,1,0,observed
44,2022W49,2022-12-10,48,16,ks,Kansas,255.0,1,0,observed
45,2022W50,2022-12-17,49,16,ks,Kansas,219.0,1,0,observed
46,2022W51,2022-12-24,50,16,ks,Kansas,182.0,1,0,observed
47,2022W52,2022-12-31,51,16,ks,Kansas,185.0,1,0,observed
48,2023W01,2023-01-07,0,16,ks,Kansas,125.0,1,0,observed
49,2023W02,2023-01-14,1,16,ks,Kansas,54.0,1,0,observed
50,2023W03,2023-01-21,2,16,ks,Kansas,40.0,1,0,observed
51,2023W04,2023-01-28,3,16,ks,Kansas,21.0,1,0,observed
52,2023W05,2023-02-04,4,16,ks,Kansas,12.0,1,0,observed
53,2023W06,2023-02-11,5,16,ks,Kansas,9.0,1,0,observed
54,2023W07,2023-02-18,6,16,ks,Kansas,3.0,1,0,observed
55,2023W08,2023-02-25,7,16,ks,Kansas,8.0,1,0,observed
56,2023W09,2023-03-04,8,16,ks,Kansas,4.0,1,0,observed
57,2023W10,2023-03-11,9,16,ks,Kansas,6.0,1,0,observed
58,2023W11,2023-03-18,10,16,ks,Kansas,7.0,1,0,observed
59,2023W12,2023-03-25,11,16,ks,Kansas,6.0,1,0,observed
60,2023W13,2023-04-01,12,16,ks,Kansas,9.0,1,0,observed
61,2023W14,2023-04-08,13,16,ks,Kansas,5.0,1,0,observed
62,2023W15,2023-04-15,14,16,ks,Kansas,7.0,1,0,observed
63,2023W16,2023-04-22,15,16,ks,Kansas,2.0,1,0,observed
64,2023W17,2023-04-29,16,16,ks,Kansas,2.0,1,0,observed
65,2023W18,2023-05-06,17,16,ks,Kansas,2.0,1,0,observed
66,2023W19,2023-05-13,18,16,ks,Kansas,2.0,1,0,observed
67,2023W20,2023-05-20,19,16,ks,Kansas,4.0,1,0,observed
68,2023W21,2023-05-27,20,16,ks,Kansas,3.0,1,0,observed
69,2023W22,2023-06-03,21,16,ks,Kansas,4.0,1,0,observed
70,2023W23,2023-06-10,22,16,ks,Kansas,13.0,1,0,observed
71,2023W24,2023-06-17,23,16,ks,Kansas,2.0,1,0,observed
72,2023W25,2023-06-24,24,16,ks,Kansas,2.0,1,0,observed
73,2023W26,2023-07-01,25,16,ks,Kansas,3.0,1,0,observed
74,2023W27,2023-07-08,26,16,ks,Kansas,1.0,1,0,observed
75,2023W28,2023-07-15,27,16,ks,Kansas,3.0,1,0,observed
76,2023W29,2023-07-22,28,16,ks,Kansas,0.0,1,0,observed
77,2023W30,2023-07-29,29,16,ks,Kansas,2.0,1,0,observed
78,2023W31,2023-08-05,30,16,ks,Kansas,1.0,1,0,observed
79,2023W32,2023-08-12,31,16,ks,Kansas,2.0,1,0,observed
80,2023W33,2023-08-19,32,16,ks,Kansas,1.0,1,0,observed
81,2023W34,2023-08-26,33,16,ks,Kansas,2.0,1,0,observed
82,2023W35,2023-09-02,34,16,ks,Kansas,3.0,1,0,observed
83,2023W36,2023-09-09,35,16,ks,Kansas,6.0,1,0,observed
84,2023W37,2023-09-16,36,16,ks,Kansas,3.0,1,0,observed
85,2023W38,2023-09-23,37,16,ks,Kansas,4.0,1,0,observed
86,2023W39,2023-09-30,38,16,ks,Kansas,5.0,1,0,observed
87,2023W40,2023-10-07,39,16,ks,Kansas,10.0,1,0,observed
88,2023W41,2023-10-14,40,16,ks,Kansas,3.0,1,0,observed
89,2023W42,2023-10-21,41,16,ks,Kansas,7.0,1,0,observed
90,2023W43,2023-10-28,42,16,ks,Kansas,5.0,1,0,observed
91,2023W44,2023-11-04,43,16,ks,Kansas,5.0,1,0,observed
92,2023W45,2023-11-11,44,16,ks,Kansas,10.0,1,0,observed
93,2023W46,2023-11-18,45,16,ks,Kansas,18.0,1,0,observed
94,2023W47,2023-11-25,46,16,ks,Kansas,26.0,1,0,observed
95,2023W48,2023-12-02,47,16,ks,Kansas,37.0,1,0,observed
96,2023W49,2023-12-09,48,16,ks,Kansas,37.0,1,0,observed
97,2023W50,2023-12-16,49,16,ks,Kansas,43.0,1,0,observed
98,2023W51,2023-12-23,50,16,ks,Kansas,92.0,1,0,observed
99,2023W52,2023-12-30,51,16,ks,Kansas,93.0,1,0,observed
100,2024W01,2024-01-06,0,16,ks,Kansas,93.0,1,0,observed
101,2024W02,2024-01-13,1,16,ks,Kansas,101.0,1,0,observed
102,2024W03,2024-01-20,2,16,ks,Kansas,66.0,1,0,observed
103,2024W04,2024-01-27,3,16,ks,Kansas,68.0,1,0,observed
104,2024W05,2024-02-03,4,16,ks,Kansas,113.0,1,0,observed
105,2024W06,2024-02-10,5,16,ks,Kansas,139.0,1,0,observed
106,2024W07,2024-02-17,6,16,ks,Kansas,111.0,1,0,observed
107,2024W08,2024-02-24,7,16,ks,Kansas,82.0,1,0,observed
108,2024W09,2024-03-02,8,16,ks,Kansas,87.0,1,0,observed
109,2024W10,2024-03-09,9,16,ks,Kansas,84.0,1,0,observed
110,2024W11,2024-03-16,10,16,ks,Kansas,95.0,1,0,observed
111,2024W12,2024-03-23,11,16,ks,Kansas,66.0,1,0,observed
112,2024W13,2024-03-30,12,16,ks,Kansas,66.0,1,0,observed
113,2024W14,2024-04-06,13,16,ks,Kansas,42.0,1,0,observed
114,2024W15,2024-04-13,14,16,ks,Kansas,27.0,1,0,observed
115,2024W16,2024-04-20,15,16,ks,Kansas,40.0,1,0,observed
116,2024W17,2024-04-27,16,16,ks,Kansas,27.0,1,0,observed
117,2024W18,2024-05-04,17,16,ks,Kansas,9.0,1,0,observed
118,2024W19,2024-05-11,18,16,ks,Kansas,5.0,1,0,observed
119,2024W20,2024-05-18,19,16,ks,Kansas,2.0,1,0,observed
120,2024W21,2024-05-25,20,16,ks,Kansas,5.0,1,0,observed
121,2024W22,2024-06-01,21,16,ks,Kansas,2.0,1,0,observed
122,2024W23,2024-06-08,22,16,ks,Kansas,5.0,1,0,observed
123,2024W24,2024-06-15,23,16,ks,Kansas,1.0,1,0,observed
124,2024W25,2024-06-22,24,16,ks,Kansas,1.0,1,0,observed
125,2024W26,2024-06-29,25,16,ks,Kansas,1.0,1,0,observed
126,2024W27,2024-07-06,26,16,ks,Kansas,0.0,1,0,observed
127,2024W28,2024-07-13,27,16,ks,Kansas,4.0,1,0,observed
128,2024W29,2024-07-20,28,16,ks,Kansas,0.0,1,0,observed
129,2024W30,2024-07-27,29,16,ks,Kansas,1.0,1,0,observed
130,2024W31,2024-08-03,30,16,ks,Kansas,1.0,1,0,observed
131,2024W32,2024-08-10,31,16,ks,Kansas,0.0,1,0,observed
132,2024W33,2024-08-17,32,16,ks,Kansas,1.0,1,0,observed
133,2024W34,2024-08-24,33,16,ks,Kansas,0.0,1,0,observed
134,2024W35,2024-08-31,34,16,ks,Kansas,0.0,1,0,observed
135,2024W36,2024-09-07,35,16,ks,Kansas,2.0,1,0,observed
136,2024W37,2024-09-14,36,16,ks,Kansas,0.0,1,0,observed
137,2024W38,2024-09-21,37,16,ks,Kansas,2.0,1,0,observed
138,2024W39,2024-09-28,38,16,ks,Kansas,1.0,1,0,observed
139,2024W40,2024-10-05,39,16,ks,Kansas,0.0,1,0,observed
140,2024W41,2024-10-12,40,16,ks,Kansas,0.0,1,0,observed
141,2024W42,2024-10-19,41,16,ks,Kansas,1.0,1,0,observed
142,2024W43,2024-10-26,42,16,ks,Kansas,3.0,1,0,observed
143,2024W44,2024-11-02,43,16,ks,Kansas,10.0,1,0,observed
144,2024W45,2024-11-09,44,16,ks,Kansas,7.0,1,0,observed
145,2024W46,2024-11-16,45,16,ks,Kansas,11.0,1,0,observed
146,2024W47,2024-11-23,46,16,ks,Kansas,17.0,1,0,observed
147,2024W48,2024-11-30,47,16,ks,Kansas,20.0,1,0,observed
148,2024W49,2024-12-07,48,16,ks,Kansas,36.0,1,0,observed
149,2024W50,2024-12-14,49,16,ks,Kansas,90.0,1,0,observed
150,2024W51,2024-12-21,50,16,ks,Kansas,120.0,1,0,observed
151,2024W52,2024-12-28,51,16,ks,Kansas,225.0,1,0,observed
152,2025W01,2025-01-04,0,16,ks,Kansas,353.0,1,0,observed
153,2025W02,2025-01-11,1,16,ks,Kansas,236.0,1,0,observed
154,2025W03,2025-01-18,2,16,ks,Kansas,200.0,1,0,observed
155,2025W04,2025-01-25,3,16,ks,Kansas,216.0,1,0,observed
156,2025W05,2025-02-01,4,16,ks,Kansas,390.0,1,0,observed
157,2025W06,2025-02-08,5,16,ks,Kansas,483.0,1,0,observed
158,2025W07,2025-02-15,6,16,ks,Kansas,519.0,1,0,observed
159,2025W08,2025-02-22,7,16,ks,Kansas,413.0,1,0,observed
160,2025W09,2025-03-01,8,16,ks,Kansas,308.0,1,0,observed
161,2025W10,2025-03-08,9,16,ks,Kansas,251.0,1,0,observed
162,2025W11,2025-03-15,10,16,ks,Kansas,164.0,1,0,observed
163,2025W12,2025-03-22,11,16,ks,Kansas,120.0,1,0,observed
164,2025W13,2025-03-29,12,16,ks,Kansas,68.0,1,0,observed
165,2025W14,2025-04-05,13,16,ks,Kansas,40.0,1,0,observed
166,2025W15,2025-04-12,14,16,ks,Kansas,29.0,1,0,observed
167,2025W16,2025-04-19,15,16,ks,Kansas,29.0,1,0,observed
168,2025W17,2025-04-26,16,16,ks,Kansas,9.0,1,0,observed
169,2025W18,2025-05-03,17,16,ks,Kansas,6.0,1,0,observed
170,2025W19,2025-05-10,18,16,ks,Kansas,4.0,1,0,observed
171,2025W20,2025-05-17,19,16,ks,Kansas,8.0,1,0,observed
172,2025W21,2025-05-24,20,16,ks,Kansas,11.0,1,0,observed
173,2025W22,2025-05-31,21,16,ks,Kansas,9.0,1,0,observed
174,2025W23,2025-06-07,22,16,ks,Kansas,2.0,1,0,observed
175,2025W24,2025-06-14,23,16,ks,Kansas,1.0,1,0,observed
176,2025W25,2025-06-21,24,16,ks,Kansas,5.0,1,0,observed
177,2025W26,2025-06-28,25,16,ks,Kansas,6.0,1,0,observed
178,2025W27,2025-07-05,26,16,ks,Kansas,3.0,1,0,observed
179,2025W28,2025-07-12,27,16,ks,Kansas,2.0,1,0,observed
180,2025W29,2025-07-19,28,16,ks,Kansas,3.0,1,0,observed
181,2025W30,2025-07-26,29,16,ks,Kansas,3.0,1,0,observed
182,2025W31,2025-08-02,30,16,ks,Kansas,3.0,1,0,observed
183,2025W32,2025-08-09,31,16,ks,Kansas,1.0,1,0,observed
184,2025W33,2025-08-16,32,16,ks,Kansas,0.0,1,0,observed
185,2025W34,2025-08-23,33,16,ks,Kansas,1.0,1,0,observed
186,2025W35,2025-08-30,34,16,ks,Kansas,1.0,1,0,observed
187,2025W36,2025-09-06,35,16,ks,Kansas,3.0,1,0,observed
188,2025W37,2025-09-13,36,16,ks,Kansas,5.0,1,0,observed
189,2025W38,2025-09-20,37,16,ks,Kansas,6.0,1,0,observed
190,2025W39,2025-09-27,38,16,ks,Kansas,7.0,1,0,observed
191,2025W40,2025-10-04,39,16,ks,Kansas,10.0,1,0,observed
192,2025W41,2025-10-11,40,16,ks,Kansas,13.0,1,0,observed
193,2025W42,2025-10-18,41,16,ks,Kansas,9.0,1,0,observed
194,2025W43,2025-10-25,42,16,ks,Kansas,16.0,1,0,observed
195,2025W44,2025-11-01,43,16,ks,Kansas,10.0,1,0,observed
196,2025W45,2025-11-08,44,16,ks,Kansas,6.0,1,0,observed
197,2025W46,2025-11-15,45,16,ks,Kansas,10.0,1,0,observed
198,2025W47,2025-11-22,46,16,ks,Kansas,8.0,1,0,observed
199,2025W48,2025-11-29,47,16,ks,Kansas,13.0,1,0,observed
200,2025W49,2025-12-06,48,16,ks,Kansas,22.0,1,0,observed
201,2025W50,2025-12-13,49,16,ks,Kansas,30.0,1,0,observed
202,2025W51,2025-12-20,50,16,ks,Kansas,101.0,1,0,observed
203,2025W52,2025-12-27,51,16,ks,Kansas,267.0,1,0,observed
204,2026W01,2026-01-03,0,16,ks,Kansas,352.0,1,0,observed
205,2026W02,2026-01-10,1,16,ks,Kansas,268.0,1,0,observed
206,2026W03,2026-01-17,2,16,ks,Kansas,189.0,1,0,observed
207,2026W04,2026-01-24,3,16,ks,Kansas,213.0,1,0,observed
208,2026W05,2026-01-31,4,16,ks,Kansas,214.0,1,0,observed
209,2026W06,2026-02-07,5,16,ks,Kansas,214.0,1,0,observed
210,2026W07,2026-02-14,6,16,ks,Kansas,211.0,1,0,observed
211,2026W08,2026-02-21,7,16,ks,Kansas,188.0,1,0,observed
212,2026W09,2026-02-28,8,16,ks,Kansas,128.0,1,0,observed
213,2026W10,2026-03-07,9,16,ks,Kansas,100.0,1,0,observed
214,2026W11,2026-03-14,10,16,ks,Kansas,59.0,1,0,observed
215,2026W12,2026-03-21,11,16,ks,Kansas,42.0,1,0,observed
216,2026W13,2026-03-28,12,16,ks,Kansas,13.0,1,0,observed
217,2026W14,2026-04-04,13,16,ks,Kansas,14.0,1,0,observed
218,2026W15,2026-04-11,14,16,ks,Kansas,7.0,1,0,observed
219,2026W16,2026-04-18,15,16,ks,Kansas,7.0,1,0,observed
0,2022W05,2022-02-05,4,17,ky,Kentucky,13.0,1,0,observed
1,2022W06,2022-02-12,5,17,ky,Kentucky,11.0,1,0,observed
2,2022W07,2022-02-19,6,17,ky,Kentucky,12.0,1,0,observed
3,2022W08,2022-02-26,7,17,ky,Kentucky,23.0,1,0,observed
4,2022W09,2022-03-05,8,17,ky,Kentucky,23.0,1,0,observed
5,2022W10,2022-03-12,9,17,ky,Kentucky,30.0,1,0,observed
6,2022W11,2022-03-19,10,17,ky,Kentucky,39.0,1,0,observed
7,2022W12,2022-03-26,11,17,ky,Kentucky,42.0,1,0,observed
8,2022W13,2022-04-02,12,17,ky,Kentucky,53.0,1,0,observed
9,2022W14,2022-04-09,13,17,ky,Kentucky,90.0,1,0,observed
10,2022W15,2022-04-16,14,17,ky,Kentucky,105.0,1,0,observed
11,2022W16,2022-04-23,15,17,ky,Kentucky,82.0,1,0,observed
12,2022W17,2022-04-30,16,17,ky,Kentucky,119.0,1,0,observed
13,2022W18,2022-05-07,17,17,ky,Kentucky,109.0,1,0,observed
14,2022W19,2022-05-14,18,17,ky,Kentucky,47.0,1,0,observed
15,2022W20,2022-05-21,19,17,ky,Kentucky,41.0,1,0,observed
16,2022W21,2022-05-28,20,17,ky,Kentucky,22.0,1,0,observed
17,2022W22,2022-06-04,21,17,ky,Kentucky,22.0,1,0,observed
18,2022W23,2022-06-11,22,17,ky,Kentucky,17.0,1,0,observed
19,2022W24,2022-06-18,23,17,ky,Kentucky,5.0,1,0,observed
20,2022W25,2022-06-25,24,17,ky,Kentucky,11.0,1,0,observed
21,2022W26,2022-07-02,25,17,ky,Kentucky,1.0,1,0,observed
22,2022W27,2022-07-09,26,17,ky,Kentucky,6.0,1,0,observed
23,2022W28,2022-07-16,27,17,ky,Kentucky,3.0,1,0,observed
24,2022W29,2022-07-23,28,17,ky,Kentucky,1.0,1,0,observed
25,2022W30,2022-07-30,29,17,ky,Kentucky,6.0,1,0,observed
26,2022W31,2022-08-06,30,17,ky,Kentucky,1.0,1,0,observed
27,2022W32,2022-08-13,31,17,ky,Kentucky,4.0,1,0,observed
28,2022W33,2022-08-20,32,17,ky,Kentucky,3.0,1,0,observed
29,2022W34,2022-08-27,33,17,ky,Kentucky,4.0,1,0,observed
30,2022W35,2022-09-03,34,17,ky,Kentucky,4.0,1,0,observed
31,2022W36,2022-09-10,35,17,ky,Kentucky,8.0,1,0,observed
32,2022W37,2022-09-17,36,17,ky,Kentucky,5.0,1,0,observed
33,2022W38,2022-09-24,37,17,ky,Kentucky,10.0,1,0,observed
34,2022W39,2022-10-01,38,17,ky,Kentucky,4.0,1,0,observed
35,2022W40,2022-10-08,39,17,ky,Kentucky,7.0,1,0,observed
36,2022W41,2022-10-15,40,17,ky,Kentucky,23.0,1,0,observed
37,2022W42,2022-10-22,41,17,ky,Kentucky,13.0,1,0,observed
38,2022W43,2022-10-29,42,17,ky,Kentucky,66.0,1,0,observed
39,2022W44,2022-11-05,43,17,ky,Kentucky,124.0,1,0,observed
40,2022W45,2022-11-12,44,17,ky,Kentucky,223.0,1,0,observed
41,2022W46,2022-11-19,45,17,ky,Kentucky,291.0,1,0,observed
42,2022W47,2022-11-26,46,17,ky,Kentucky,521.0,1,0,observed
43,2022W48,2022-12-03,47,17,ky,Kentucky,849.0,1,0,observed
44,2022W49,2022-12-10,48,17,ky,Kentucky,673.0,1,0,observed
45,2022W50,2022-12-17,49,17,ky,Kentucky,429.0,1,0,observed
46,2022W51,2022-12-24,50,17,ky,Kentucky,281.0,1,0,observed
47,2022W52,2022-12-31,51,17,ky,Kentucky,243.0,1,0,observed
48,2023W01,2023-01-07,0,17,ky,Kentucky,133.0,1,0,observed
49,2023W02,2023-01-14,1,17,ky,Kentucky,63.0,1,0,observed
50,2023W03,2023-01-21,2,17,ky,Kentucky,35.0,1,0,observed
51,2023W04,2023-01-28,3,17,ky,Kentucky,32.0,1,0,observed
52,2023W05,2023-02-04,4,17,ky,Kentucky,16.0,1,0,observed
53,2023W06,2023-02-11,5,17,ky,Kentucky,29.0,1,0,observed
54,2023W07,2023-02-18,6,17,ky,Kentucky,22.0,1,0,observed
55,2023W08,2023-02-25,7,17,ky,Kentucky,7.0,1,0,observed
56,2023W09,2023-03-04,8,17,ky,Kentucky,11.0,1,0,observed
57,2023W10,2023-03-11,9,17,ky,Kentucky,15.0,1,0,observed
58,2023W11,2023-03-18,10,17,ky,Kentucky,26.0,1,0,observed
59,2023W12,2023-03-25,11,17,ky,Kentucky,14.0,1,0,observed
60,2023W13,2023-04-01,12,17,ky,Kentucky,16.0,1,0,observed
61,2023W14,2023-04-08,13,17,ky,Kentucky,19.0,1,0,observed
62,2023W15,2023-04-15,14,17,ky,Kentucky,23.0,1,0,observed
63,2023W16,2023-04-22,15,17,ky,Kentucky,12.0,1,0,observed
64,2023W17,2023-04-29,16,17,ky,Kentucky,4.0,1,0,observed
65,2023W18,2023-05-06,17,17,ky,Kentucky,16.0,1,0,observed
66,2023W19,2023-05-13,18,17,ky,Kentucky,15.0,1,0,observed
67,2023W20,2023-05-20,19,17,ky,Kentucky,11.0,1,0,observed
68,2023W21,2023-05-27,20,17,ky,Kentucky,11.0,1,0,observed
69,2023W22,2023-06-03,21,17,ky,Kentucky,5.0,1,0,observed
70,2023W23,2023-06-10,22,17,ky,Kentucky,5.0,1,0,observed
71,2023W24,2023-06-17,23,17,ky,Kentucky,8.0,1,0,observed
72,2023W25,2023-06-24,24,17,ky,Kentucky,6.0,1,0,observed
73,2023W26,2023-07-01,25,17,ky,Kentucky,5.0,1,0,observed
74,2023W27,2023-07-08,26,17,ky,Kentucky,8.0,1,0,observed
75,2023W28,2023-07-15,27,17,ky,Kentucky,6.0,1,0,observed
76,2023W29,2023-07-22,28,17,ky,Kentucky,3.0,1,0,observed
77,2023W30,2023-07-29,29,17,ky,Kentucky,9.0,1,0,observed
78,2023W31,2023-08-05,30,17,ky,Kentucky,9.0,1,0,observed
79,2023W32,2023-08-12,31,17,ky,Kentucky,5.0,1,0,observed
80,2023W33,2023-08-19,32,17,ky,Kentucky,12.0,1,0,observed
81,2023W34,2023-08-26,33,17,ky,Kentucky,7.0,1,0,observed
82,2023W35,2023-09-02,34,17,ky,Kentucky,10.0,1,0,observed
83,2023W36,2023-09-09,35,17,ky,Kentucky,19.0,1,0,observed
84,2023W37,2023-09-16,36,17,ky,Kentucky,5.0,1,0,observed
85,2023W38,2023-09-23,37,17,ky,Kentucky,13.0,1,0,observed
86,2023W39,2023-09-30,38,17,ky,Kentucky,14.0,1,0,observed
87,2023W40,2023-10-07,39,17,ky,Kentucky,12.0,1,0,observed
88,2023W41,2023-10-14,40,17,ky,Kentucky,23.0,1,0,observed
89,2023W42,2023-10-21,41,17,ky,Kentucky,20.0,1,0,observed
90,2023W43,2023-10-28,42,17,ky,Kentucky,23.0,1,0,observed
91,2023W44,2023-11-04,43,17,ky,Kentucky,21.0,1,0,observed
92,2023W45,2023-11-11,44,17,ky,Kentucky,33.0,1,0,observed
93,2023W46,2023-11-18,45,17,ky,Kentucky,18.0,1,0,observed
94,2023W47,2023-11-25,46,17,ky,Kentucky,37.0,1,0,observed
95,2023W48,2023-12-02,47,17,ky,Kentucky,59.0,1,0,observed
96,2023W49,2023-12-09,48,17,ky,Kentucky,48.0,1,0,observed
97,2023W50,2023-12-16,49,17,ky,Kentucky,86.0,1,0,observed
98,2023W51,2023-12-23,50,17,ky,Kentucky,137.0,1,0,observed
99,2023W52,2023-12-30,51,17,ky,Kentucky,261.0,1,0,observed
100,2024W01,2024-01-06,0,17,ky,Kentucky,296.0,1,0,observed
101,2024W02,2024-01-13,1,17,ky,Kentucky,240.0,1,0,observed
102,2024W03,2024-01-20,2,17,ky,Kentucky,197.0,1,0,observed
103,2024W04,2024-01-27,3,17,ky,Kentucky,251.0,1,0,observed
104,2024W05,2024-02-03,4,17,ky,Kentucky,225.0,1,0,observed
105,2024W06,2024-02-10,5,17,ky,Kentucky,284.0,1,0,observed
106,2024W07,2024-02-17,6,17,ky,Kentucky,282.0,1,0,observed
107,2024W08,2024-02-24,7,17,ky,Kentucky,279.0,1,0,observed
108,2024W09,2024-03-02,8,17,ky,Kentucky,280.0,1,0,observed
109,2024W10,2024-03-09,9,17,ky,Kentucky,190.0,1,0,observed
110,2024W11,2024-03-16,10,17,ky,Kentucky,142.0,1,0,observed
111,2024W12,2024-03-23,11,17,ky,Kentucky,129.0,1,0,observed
112,2024W13,2024-03-30,12,17,ky,Kentucky,120.0,1,0,observed
113,2024W14,2024-04-06,13,17,ky,Kentucky,102.0,1,0,observed
114,2024W15,2024-04-13,14,17,ky,Kentucky,67.0,1,0,observed
115,2024W16,2024-04-20,15,17,ky,Kentucky,46.0,1,0,observed
116,2024W17,2024-04-27,16,17,ky,Kentucky,25.0,1,0,observed
117,2024W18,2024-05-04,17,17,ky,Kentucky,10.0,1,0,observed
118,2024W19,2024-05-11,18,17,ky,Kentucky,3.0,1,0,observed
119,2024W20,2024-05-18,19,17,ky,Kentucky,5.0,1,0,observed
120,2024W21,2024-05-25,20,17,ky,Kentucky,3.0,1,0,observed
121,2024W22,2024-06-01,21,17,ky,Kentucky,5.0,1,0,observed
122,2024W23,2024-06-08,22,17,ky,Kentucky,7.0,1,0,observed
123,2024W24,2024-06-15,23,17,ky,Kentucky,3.0,1,0,observed
124,2024W25,2024-06-22,24,17,ky,Kentucky,1.0,1,0,observed
125,2024W26,2024-06-29,25,17,ky,Kentucky,1.0,1,0,observed
126,2024W27,2024-07-06,26,17,ky,Kentucky,2.0,1,0,observed
127,2024W28,2024-07-13,27,17,ky,Kentucky,0.0,1,0,observed
128,2024W29,2024-07-20,28,17,ky,Kentucky,0.0,1,0,observed
129,2024W30,2024-07-27,29,17,ky,Kentucky,0.0,1,0,observed
130,2024W31,2024-08-03,30,17,ky,Kentucky,0.0,1,0,observed
131,2024W32,2024-08-10,31,17,ky,Kentucky,0.0,1,0,observed
132,2024W33,2024-08-17,32,17,ky,Kentucky,3.0,1,0,observed
133,2024W34,2024-08-24,33,17,ky,Kentucky,3.0,1,0,observed
134,2024W35,2024-08-31,34,17,ky,Kentucky,0.0,1,0,observed
135,2024W36,2024-09-07,35,17,ky,Kentucky,0.0,1,0,observed
136,2024W37,2024-09-14,36,17,ky,Kentucky,0.0,1,0,observed
137,2024W38,2024-09-21,37,17,ky,Kentucky,2.0,1,0,observed
138,2024W39,2024-09-28,38,17,ky,Kentucky,1.0,1,0,observed
139,2024W40,2024-10-05,39,17,ky,Kentucky,0.0,1,0,observed
140,2024W41,2024-10-12,40,17,ky,Kentucky,0.0,1,0,observed
141,2024W42,2024-10-19,41,17,ky,Kentucky,2.0,1,0,observed
142,2024W43,2024-10-26,42,17,ky,Kentucky,4.0,1,0,observed
143,2024W44,2024-11-02,43,17,ky,Kentucky,7.0,1,0,observed
144,2024W45,2024-11-09,44,17,ky,Kentucky,16.0,1,0,observed
145,2024W46,2024-11-16,45,17,ky,Kentucky,18.0,1,0,observed
146,2024W47,2024-11-23,46,17,ky,Kentucky,20.0,1,0,observed
147,2024W48,2024-11-30,47,17,ky,Kentucky,24.0,1,0,observed
148,2024W49,2024-12-07,48,17,ky,Kentucky,53.0,1,0,observed
149,2024W50,2024-12-14,49,17,ky,Kentucky,79.0,1,0,observed
150,2024W51,2024-12-21,50,17,ky,Kentucky,200.0,1,0,observed
151,2024W52,2024-12-28,51,17,ky,Kentucky,515.0,1,0,observed
152,2025W01,2025-01-04,0,17,ky,Kentucky,678.0,1,0,observed
153,2025W02,2025-01-11,1,17,ky,Kentucky,463.0,1,0,observed
154,2025W03,2025-01-18,2,17,ky,Kentucky,397.0,1,0,observed
155,2025W04,2025-01-25,3,17,ky,Kentucky,439.0,1,0,observed
156,2025W05,2025-02-01,4,17,ky,Kentucky,741.0,1,0,observed
157,2025W06,2025-02-08,5,17,ky,Kentucky,1196.0,1,0,observed
158,2025W07,2025-02-15,6,17,ky,Kentucky,1203.0,1,0,observed
159,2025W08,2025-02-22,7,17,ky,Kentucky,896.0,1,0,observed
160,2025W09,2025-03-01,8,17,ky,Kentucky,774.0,1,0,observed
161,2025W10,2025-03-08,9,17,ky,Kentucky,633.0,1,0,observed
162,2025W11,2025-03-15,10,17,ky,Kentucky,494.0,1,0,observed
163,2025W12,2025-03-22,11,17,ky,Kentucky,372.0,1,0,observed
164,2025W13,2025-03-29,12,17,ky,Kentucky,267.0,1,0,observed
165,2025W14,2025-04-05,13,17,ky,Kentucky,175.0,1,0,observed
166,2025W15,2025-04-12,14,17,ky,Kentucky,88.0,1,0,observed
167,2025W16,2025-04-19,15,17,ky,Kentucky,49.0,1,0,observed
168,2025W17,2025-04-26,16,17,ky,Kentucky,39.0,1,0,observed
169,2025W18,2025-05-03,17,17,ky,Kentucky,21.0,1,0,observed
170,2025W19,2025-05-10,18,17,ky,Kentucky,19.0,1,0,observed
171,2025W20,2025-05-17,19,17,ky,Kentucky,15.0,1,0,observed
172,2025W21,2025-05-24,20,17,ky,Kentucky,18.0,1,0,observed
173,2025W22,2025-05-31,21,17,ky,Kentucky,21.0,1,0,observed
174,2025W23,2025-06-07,22,17,ky,Kentucky,20.0,1,0,observed
175,2025W24,2025-06-14,23,17,ky,Kentucky,19.0,1,0,observed
176,2025W25,2025-06-21,24,17,ky,Kentucky,13.0,1,0,observed
177,2025W26,2025-06-28,25,17,ky,Kentucky,12.0,1,0,observed
178,2025W27,2025-07-05,26,17,ky,Kentucky,11.0,1,0,observed
179,2025W28,2025-07-12,27,17,ky,Kentucky,8.0,1,0,observed
180,2025W29,2025-07-19,28,17,ky,Kentucky,9.0,1,0,observed
181,2025W30,2025-07-26,29,17,ky,Kentucky,16.0,1,0,observed
182,2025W31,2025-08-02,30,17,ky,Kentucky,5.0,1,0,observed
183,2025W32,2025-08-09,31,17,ky,Kentucky,2.0,1,0,observed
184,2025W33,2025-08-16,32,17,ky,Kentucky,6.0,1,0,observed
185,2025W34,2025-08-23,33,17,ky,Kentucky,4.0,1,0,observed
186,2025W35,2025-08-30,34,17,ky,Kentucky,7.0,1,0,observed
187,2025W36,2025-09-06,35,17,ky,Kentucky,8.0,1,0,observed
188,2025W37,2025-09-13,36,17,ky,Kentucky,19.0,1,0,observed
189,2025W38,2025-09-20,37,17,ky,Kentucky,14.0,1,0,observed
190,2025W39,2025-09-27,38,17,ky,Kentucky,17.0,1,0,observed
191,2025W40,2025-10-04,39,17,ky,Kentucky,15.0,1,0,observed
192,2025W41,2025-10-11,40,17,ky,Kentucky,23.0,1,0,observed
193,2025W42,2025-10-18,41,17,ky,Kentucky,19.0,1,0,observed
194,2025W43,2025-10-25,42,17,ky,Kentucky,14.0,1,0,observed
195,2025W44,2025-11-01,43,17,ky,Kentucky,13.0,1,0,observed
196,2025W45,2025-11-08,44,17,ky,Kentucky,22.0,1,0,observed
197,2025W46,2025-11-15,45,17,ky,Kentucky,25.0,1,0,observed
198,2025W47,2025-11-22,46,17,ky,Kentucky,28.0,1,0,observed
199,2025W48,2025-11-29,47,17,ky,Kentucky,49.0,1,0,observed
200,2025W49,2025-12-06,48,17,ky,Kentucky,67.0,1,0,observed
201,2025W50,2025-12-13,49,17,ky,Kentucky,104.0,1,0,observed
202,2025W51,2025-12-20,50,17,ky,Kentucky,231.0,1,0,observed
203,2025W52,2025-12-27,51,17,ky,Kentucky,547.0,1,0,observed
204,2026W01,2026-01-03,0,17,ky,Kentucky,631.0,1,0,observed
205,2026W02,2026-01-10,1,17,ky,Kentucky,438.0,1,0,observed
206,2026W03,2026-01-17,2,17,ky,Kentucky,329.0,1,0,observed
207,2026W04,2026-01-24,3,17,ky,Kentucky,283.0,1,0,observed
208,2026W05,2026-01-31,4,17,ky,Kentucky,289.0,1,0,observed
209,2026W06,2026-02-07,5,17,ky,Kentucky,260.0,1,0,observed
210,2026W07,2026-02-14,6,17,ky,Kentucky,223.0,1,0,observed
211,2026W08,2026-02-21,7,17,ky,Kentucky,243.0,1,0,observed
212,2026W09,2026-02-28,8,17,ky,Kentucky,195.0,1,0,observed
213,2026W10,2026-03-07,9,17,ky,Kentucky,241.0,1,0,observed
214,2026W11,2026-03-14,10,17,ky,Kentucky,221.0,1,0,observed
215,2026W12,2026-03-21,11,17,ky,Kentucky,122.0,1,0,observed
216,2026W13,2026-03-28,12,17,ky,Kentucky,62.0,1,0,observed
217,2026W14,2026-04-04,13,17,ky,Kentucky,48.0,1,0,observed
218,2026W15,2026-04-11,14,17,ky,Kentucky,25.0,1,0,observed
219,2026W16,2026-04-18,15,17,ky,Kentucky,20.0,1,0,observed
0,2022W05,2022-02-05,4,18,la,Louisiana,74.0,1,0,observed
1,2022W06,2022-02-12,5,18,la,Louisiana,85.0,1,0,observed
2,2022W07,2022-02-19,6,18,la,Louisiana,170.0,1,0,observed
3,2022W08,2022-02-26,7,18,la,Louisiana,116.0,1,0,observed
4,2022W09,2022-03-05,8,18,la,Louisiana,80.0,1,0,observed
5,2022W10,2022-03-12,9,18,la,Louisiana,62.0,1,0,observed
6,2022W11,2022-03-19,10,18,la,Louisiana,64.0,1,0,observed
7,2022W12,2022-03-26,11,18,la,Louisiana,74.0,1,0,observed
8,2022W13,2022-04-02,12,18,la,Louisiana,63.0,1,0,observed
9,2022W14,2022-04-09,13,18,la,Louisiana,30.0,1,0,observed
10,2022W15,2022-04-16,14,18,la,Louisiana,48.0,1,0,observed
11,2022W16,2022-04-23,15,18,la,Louisiana,44.0,1,0,observed
12,2022W17,2022-04-30,16,18,la,Louisiana,24.0,1,0,observed
13,2022W18,2022-05-07,17,18,la,Louisiana,35.0,1,0,observed
14,2022W19,2022-05-14,18,18,la,Louisiana,32.0,1,0,observed
15,2022W20,2022-05-21,19,18,la,Louisiana,36.0,1,0,observed
16,2022W21,2022-05-28,20,18,la,Louisiana,14.0,1,0,observed
17,2022W22,2022-06-04,21,18,la,Louisiana,19.0,1,0,observed
18,2022W23,2022-06-11,22,18,la,Louisiana,28.0,1,0,observed
19,2022W24,2022-06-18,23,18,la,Louisiana,12.0,1,0,observed
20,2022W25,2022-06-25,24,18,la,Louisiana,11.0,1,0,observed
21,2022W26,2022-07-02,25,18,la,Louisiana,7.0,1,0,observed
22,2022W27,2022-07-09,26,18,la,Louisiana,1.0,1,0,observed
23,2022W28,2022-07-16,27,18,la,Louisiana,4.0,1,0,observed
24,2022W29,2022-07-23,28,18,la,Louisiana,18.0,1,0,observed
25,2022W30,2022-07-30,29,18,la,Louisiana,4.0,1,0,observed
26,2022W31,2022-08-06,30,18,la,Louisiana,6.0,1,0,observed
27,2022W32,2022-08-13,31,18,la,Louisiana,13.0,1,0,observed
28,2022W33,2022-08-20,32,18,la,Louisiana,8.0,1,0,observed
29,2022W34,2022-08-27,33,18,la,Louisiana,11.0,1,0,observed
30,2022W35,2022-09-03,34,18,la,Louisiana,10.0,1,0,observed
31,2022W36,2022-09-10,35,18,la,Louisiana,16.0,1,0,observed
32,2022W37,2022-09-17,36,18,la,Louisiana,19.0,1,0,observed
33,2022W38,2022-09-24,37,18,la,Louisiana,18.0,1,0,observed
34,2022W39,2022-10-01,38,18,la,Louisiana,47.0,1,0,observed
35,2022W40,2022-10-08,39,18,la,Louisiana,67.0,1,0,observed
36,2022W41,2022-10-15,40,18,la,Louisiana,98.0,1,0,observed
37,2022W42,2022-10-22,41,18,la,Louisiana,129.0,1,0,observed
38,2022W43,2022-10-29,42,18,la,Louisiana,235.0,1,0,observed
39,2022W44,2022-11-05,43,18,la,Louisiana,221.0,1,0,observed
40,2022W45,2022-11-12,44,18,la,Louisiana,227.0,1,0,observed
41,2022W46,2022-11-19,45,18,la,Louisiana,237.0,1,0,observed
42,2022W47,2022-11-26,46,18,la,Louisiana,330.0,1,0,observed
43,2022W48,2022-12-03,47,18,la,Louisiana,452.0,1,0,observed
44,2022W49,2022-12-10,48,18,la,Louisiana,382.0,1,0,observed
45,2022W50,2022-12-17,49,18,la,Louisiana,180.0,1,0,observed
46,2022W51,2022-12-24,50,18,la,Louisiana,155.0,1,0,observed
47,2022W52,2022-12-31,51,18,la,Louisiana,166.0,1,0,observed
48,2023W01,2023-01-07,0,18,la,Louisiana,171.0,1,0,observed
49,2023W02,2023-01-14,1,18,la,Louisiana,85.0,1,0,observed
50,2023W03,2023-01-21,2,18,la,Louisiana,83.0,1,0,observed
51,2023W04,2023-01-28,3,18,la,Louisiana,42.0,1,0,observed
52,2023W05,2023-02-04,4,18,la,Louisiana,94.0,1,0,observed
53,2023W06,2023-02-11,5,18,la,Louisiana,50.0,1,0,observed
54,2023W07,2023-02-18,6,18,la,Louisiana,33.0,1,0,observed
55,2023W08,2023-02-25,7,18,la,Louisiana,22.0,1,0,observed
56,2023W09,2023-03-04,8,18,la,Louisiana,25.0,1,0,observed
57,2023W10,2023-03-11,9,18,la,Louisiana,22.0,1,0,observed
58,2023W11,2023-03-18,10,18,la,Louisiana,17.0,1,0,observed
59,2023W12,2023-03-25,11,18,la,Louisiana,23.0,1,0,observed
60,2023W13,2023-04-01,12,18,la,Louisiana,27.0,1,0,observed
61,2023W14,2023-04-08,13,18,la,Louisiana,18.0,1,0,observed
62,2023W15,2023-04-15,14,18,la,Louisiana,14.0,1,0,observed
63,2023W16,2023-04-22,15,18,la,Louisiana,21.0,1,0,observed
64,2023W17,2023-04-29,16,18,la,Louisiana,20.0,1,0,observed
65,2023W18,2023-05-06,17,18,la,Louisiana,10.0,1,0,observed
66,2023W19,2023-05-13,18,18,la,Louisiana,18.0,1,0,observed
67,2023W20,2023-05-20,19,18,la,Louisiana,17.0,1,0,observed
68,2023W21,2023-05-27,20,18,la,Louisiana,11.0,1,0,observed
69,2023W22,2023-06-03,21,18,la,Louisiana,14.0,1,0,observed
70,2023W23,2023-06-10,22,18,la,Louisiana,14.0,1,0,observed
71,2023W24,2023-06-17,23,18,la,Louisiana,10.0,1,0,observed
72,2023W25,2023-06-24,24,18,la,Louisiana,8.0,1,0,observed
73,2023W26,2023-07-01,25,18,la,Louisiana,16.0,1,0,observed
74,2023W27,2023-07-08,26,18,la,Louisiana,13.0,1,0,observed
75,2023W28,2023-07-15,27,18,la,Louisiana,6.0,1,0,observed
76,2023W29,2023-07-22,28,18,la,Louisiana,7.0,1,0,observed
77,2023W30,2023-07-29,29,18,la,Louisiana,12.0,1,0,observed
78,2023W31,2023-08-05,30,18,la,Louisiana,11.0,1,0,observed
79,2023W32,2023-08-12,31,18,la,Louisiana,7.0,1,0,observed
80,2023W33,2023-08-19,32,18,la,Louisiana,11.0,1,0,observed
81,2023W34,2023-08-26,33,18,la,Louisiana,11.0,1,0,observed
82,2023W35,2023-09-02,34,18,la,Louisiana,14.0,1,0,observed
83,2023W36,2023-09-09,35,18,la,Louisiana,11.0,1,0,observed
84,2023W37,2023-09-16,36,18,la,Louisiana,13.0,1,0,observed
85,2023W38,2023-09-23,37,18,la,Louisiana,18.0,1,0,observed
86,2023W39,2023-09-30,38,18,la,Louisiana,16.0,1,0,observed
87,2023W40,2023-10-07,39,18,la,Louisiana,19.0,1,0,observed
88,2023W41,2023-10-14,40,18,la,Louisiana,28.0,1,0,observed
89,2023W42,2023-10-21,41,18,la,Louisiana,31.0,1,0,observed
90,2023W43,2023-10-28,42,18,la,Louisiana,46.0,1,0,observed
91,2023W44,2023-11-04,43,18,la,Louisiana,40.0,1,0,observed
92,2023W45,2023-11-11,44,18,la,Louisiana,65.0,1,0,observed
93,2023W46,2023-11-18,45,18,la,Louisiana,96.0,1,0,observed
94,2023W47,2023-11-25,46,18,la,Louisiana,115.0,1,0,observed
95,2023W48,2023-12-02,47,18,la,Louisiana,121.0,1,0,observed
96,2023W49,2023-12-09,48,18,la,Louisiana,158.0,1,0,observed
97,2023W50,2023-12-16,49,18,la,Louisiana,178.0,1,0,observed
98,2023W51,2023-12-23,50,18,la,Louisiana,306.0,1,0,observed
99,2023W52,2023-12-30,51,18,la,Louisiana,381.0,1,0,observed
100,2024W01,2024-01-06,0,18,la,Louisiana,304.0,1,0,observed
101,2024W02,2024-01-13,1,18,la,Louisiana,252.0,1,0,observed
102,2024W03,2024-01-20,2,18,la,Louisiana,141.0,1,0,observed
103,2024W04,2024-01-27,3,18,la,Louisiana,130.0,1,0,observed
104,2024W05,2024-02-03,4,18,la,Louisiana,123.0,1,0,observed
105,2024W06,2024-02-10,5,18,la,Louisiana,97.0,1,0,observed
106,2024W07,2024-02-17,6,18,la,Louisiana,85.0,1,0,observed
107,2024W08,2024-02-24,7,18,la,Louisiana,94.0,1,0,observed
108,2024W09,2024-03-02,8,18,la,Louisiana,77.0,1,0,observed
109,2024W10,2024-03-09,9,18,la,Louisiana,55.0,1,0,observed
110,2024W11,2024-03-16,10,18,la,Louisiana,40.0,1,0,observed
111,2024W12,2024-03-23,11,18,la,Louisiana,33.0,1,0,observed
112,2024W13,2024-03-30,12,18,la,Louisiana,47.0,1,0,observed
113,2024W14,2024-04-06,13,18,la,Louisiana,32.0,1,0,observed
114,2024W15,2024-04-13,14,18,la,Louisiana,30.0,1,0,observed
115,2024W16,2024-04-20,15,18,la,Louisiana,24.0,1,0,observed
116,2024W17,2024-04-27,16,18,la,Louisiana,17.0,1,0,observed
117,2024W18,2024-05-04,17,18,la,Louisiana,9.0,1,0,observed
118,2024W19,2024-05-11,18,18,la,Louisiana,8.0,1,0,observed
119,2024W20,2024-05-18,19,18,la,Louisiana,3.0,1,0,observed
120,2024W21,2024-05-25,20,18,la,Louisiana,9.0,1,0,observed
121,2024W22,2024-06-01,21,18,la,Louisiana,6.0,1,0,observed
122,2024W23,2024-06-08,22,18,la,Louisiana,5.0,1,0,observed
123,2024W24,2024-06-15,23,18,la,Louisiana,4.0,1,0,observed
124,2024W25,2024-06-22,24,18,la,Louisiana,4.0,1,0,observed
125,2024W26,2024-06-29,25,18,la,Louisiana,5.0,1,0,observed
126,2024W27,2024-07-06,26,18,la,Louisiana,5.0,1,0,observed
127,2024W28,2024-07-13,27,18,la,Louisiana,0.0,1,0,observed
128,2024W29,2024-07-20,28,18,la,Louisiana,5.0,1,0,observed
129,2024W30,2024-07-27,29,18,la,Louisiana,2.0,1,0,observed
130,2024W31,2024-08-03,30,18,la,Louisiana,7.0,1,0,observed
131,2024W32,2024-08-10,31,18,la,Louisiana,5.0,1,0,observed
132,2024W33,2024-08-17,32,18,la,Louisiana,8.0,1,0,observed
133,2024W34,2024-08-24,33,18,la,Louisiana,9.0,1,0,observed
134,2024W35,2024-08-31,34,18,la,Louisiana,1.0,1,0,observed
135,2024W36,2024-09-07,35,18,la,Louisiana,3.0,1,0,observed
136,2024W37,2024-09-14,36,18,la,Louisiana,1.0,1,0,observed
137,2024W38,2024-09-21,37,18,la,Louisiana,4.0,1,0,observed
138,2024W39,2024-09-28,38,18,la,Louisiana,4.0,1,0,observed
139,2024W40,2024-10-05,39,18,la,Louisiana,5.0,1,0,observed
140,2024W41,2024-10-12,40,18,la,Louisiana,0.0,1,0,observed
141,2024W42,2024-10-19,41,18,la,Louisiana,13.0,1,0,observed
142,2024W43,2024-10-26,42,18,la,Louisiana,23.0,1,0,observed
143,2024W44,2024-11-02,43,18,la,Louisiana,27.0,1,0,observed
144,2024W45,2024-11-09,44,18,la,Louisiana,87.0,1,0,observed
145,2024W46,2024-11-16,45,18,la,Louisiana,84.0,1,0,observed
146,2024W47,2024-11-23,46,18,la,Louisiana,78.0,1,0,observed
147,2024W48,2024-11-30,47,18,la,Louisiana,135.0,1,0,observed
148,2024W49,2024-12-07,48,18,la,Louisiana,163.0,1,0,observed
149,2024W50,2024-12-14,49,18,la,Louisiana,252.0,1,0,observed
150,2024W51,2024-12-21,50,18,la,Louisiana,423.0,1,0,observed
151,2024W52,2024-12-28,51,18,la,Louisiana,590.0,1,0,observed
152,2025W01,2025-01-04,0,18,la,Louisiana,713.0,1,0,observed
153,2025W02,2025-01-11,1,18,la,Louisiana,446.0,1,0,observed
154,2025W03,2025-01-18,2,18,la,Louisiana,477.0,1,0,observed
155,2025W04,2025-01-25,3,18,la,Louisiana,521.0,1,0,observed
156,2025W05,2025-02-01,4,18,la,Louisiana,620.0,1,0,observed
157,2025W06,2025-02-08,5,18,la,Louisiana,494.0,1,0,observed
158,2025W07,2025-02-15,6,18,la,Louisiana,387.0,1,0,observed
159,2025W08,2025-02-22,7,18,la,Louisiana,330.0,1,0,observed
160,2025W09,2025-03-01,8,18,la,Louisiana,359.0,1,0,observed
161,2025W10,2025-03-08,9,18,la,Louisiana,398.0,1,0,observed
162,2025W11,2025-03-15,10,18,la,Louisiana,327.0,1,0,observed
163,2025W12,2025-03-22,11,18,la,Louisiana,230.0,1,0,observed
164,2025W13,2025-03-29,12,18,la,Louisiana,178.0,1,0,observed
165,2025W14,2025-04-05,13,18,la,Louisiana,121.0,1,0,observed
166,2025W15,2025-04-12,14,18,la,Louisiana,80.0,1,0,observed
167,2025W16,2025-04-19,15,18,la,Louisiana,70.0,1,0,observed
168,2025W17,2025-04-26,16,18,la,Louisiana,63.0,1,0,observed
169,2025W18,2025-05-03,17,18,la,Louisiana,44.0,1,0,observed
170,2025W19,2025-05-10,18,18,la,Louisiana,33.0,1,0,observed
171,2025W20,2025-05-17,19,18,la,Louisiana,41.0,1,0,observed
172,2025W21,2025-05-24,20,18,la,Louisiana,34.0,1,0,observed
173,2025W22,2025-05-31,21,18,la,Louisiana,37.0,1,0,observed
174,2025W23,2025-06-07,22,18,la,Louisiana,36.0,1,0,observed
175,2025W24,2025-06-14,23,18,la,Louisiana,37.0,1,0,observed
176,2025W25,2025-06-21,24,18,la,Louisiana,39.0,1,0,observed
177,2025W26,2025-06-28,25,18,la,Louisiana,29.0,1,0,observed
178,2025W27,2025-07-05,26,18,la,Louisiana,21.0,1,0,observed
179,2025W28,2025-07-12,27,18,la,Louisiana,19.0,1,0,observed
180,2025W29,2025-07-19,28,18,la,Louisiana,21.0,1,0,observed
181,2025W30,2025-07-26,29,18,la,Louisiana,17.0,1,0,observed
182,2025W31,2025-08-02,30,18,la,Louisiana,25.0,1,0,observed
183,2025W32,2025-08-09,31,18,la,Louisiana,21.0,1,0,observed
184,2025W33,2025-08-16,32,18,la,Louisiana,22.0,1,0,observed
185,2025W34,2025-08-23,33,18,la,Louisiana,27.0,1,0,observed
186,2025W35,2025-08-30,34,18,la,Louisiana,27.0,1,0,observed
187,2025W36,2025-09-06,35,18,la,Louisiana,20.0,1,0,observed
188,2025W37,2025-09-13,36,18,la,Louisiana,19.0,1,0,observed
189,2025W38,2025-09-20,37,18,la,Louisiana,25.0,1,0,observed
190,2025W39,2025-09-27,38,18,la,Louisiana,31.0,1,0,observed
191,2025W40,2025-10-04,39,18,la,Louisiana,33.0,1,0,observed
192,2025W41,2025-10-11,40,18,la,Louisiana,36.0,1,0,observed
193,2025W42,2025-10-18,41,18,la,Louisiana,43.0,1,0,observed
194,2025W43,2025-10-25,42,18,la,Louisiana,53.0,1,0,observed
195,2025W44,2025-11-01,43,18,la,Louisiana,44.0,1,0,observed
196,2025W45,2025-11-08,44,18,la,Louisiana,83.0,1,0,observed
197,2025W46,2025-11-15,45,18,la,Louisiana,107.0,1,0,observed
198,2025W47,2025-11-22,46,18,la,Louisiana,117.0,1,0,observed
199,2025W48,2025-11-29,47,18,la,Louisiana,116.0,1,0,observed
200,2025W49,2025-12-06,48,18,la,Louisiana,180.0,1,0,observed
201,2025W50,2025-12-13,49,18,la,Louisiana,248.0,1,0,observed
202,2025W51,2025-12-20,50,18,la,Louisiana,433.0,1,0,observed
203,2025W52,2025-12-27,51,18,la,Louisiana,688.0,1,0,observed
204,2026W01,2026-01-03,0,18,la,Louisiana,662.0,1,0,observed
205,2026W02,2026-01-10,1,18,la,Louisiana,438.0,1,0,observed
206,2026W03,2026-01-17,2,18,la,Louisiana,296.0,1,0,observed
207,2026W04,2026-01-24,3,18,la,Louisiana,332.0,1,0,observed
208,2026W05,2026-01-31,4,18,la,Louisiana,318.0,1,0,observed
209,2026W06,2026-02-07,5,18,la,Louisiana,324.0,1,0,observed
210,2026W07,2026-02-14,6,18,la,Louisiana,424.0,1,0,observed
211,2026W08,2026-02-21,7,18,la,Louisiana,342.0,1,0,observed
212,2026W09,2026-02-28,8,18,la,Louisiana,215.0,1,0,observed
213,2026W10,2026-03-07,9,18,la,Louisiana,186.0,1,0,observed
214,2026W11,2026-03-14,10,18,la,Louisiana,139.0,1,0,observed
215,2026W12,2026-03-21,11,18,la,Louisiana,98.0,1,0,observed
216,2026W13,2026-03-28,12,18,la,Louisiana,38.0,1,0,observed
217,2026W14,2026-04-04,13,18,la,Louisiana,26.0,1,0,observed
218,2026W15,2026-04-11,14,18,la,Louisiana,22.0,1,0,observed
219,2026W16,2026-04-18,15,18,la,Louisiana,18.0,1,0,observed
0,2022W05,2022-02-05,4,19,me,Maine,3.0,1,0,observed
1,2022W06,2022-02-12,5,19,me,Maine,5.0,1,0,observed
2,2022W07,2022-02-19,6,19,me,Maine,5.0,1,0,observed
3,2022W08,2022-02-26,7,19,me,Maine,2.0,1,0,observed
4,2022W09,2022-03-05,8,19,me,Maine,2.0,1,0,observed
5,2022W10,2022-03-12,9,19,me,Maine,2.0,1,0,observed
6,2022W11,2022-03-19,10,19,me,Maine,1.0,1,0,observed
7,2022W12,2022-03-26,11,19,me,Maine,3.0,1,0,observed
8,2022W13,2022-04-02,12,19,me,Maine,9.0,1,0,observed
9,2022W14,2022-04-09,13,19,me,Maine,11.0,1,0,observed
10,2022W15,2022-04-16,14,19,me,Maine,15.0,1,0,observed
11,2022W16,2022-04-23,15,19,me,Maine,20.0,1,0,observed
12,2022W17,2022-04-30,16,19,me,Maine,30.0,1,0,observed
13,2022W18,2022-05-07,17,19,me,Maine,8.0,1,0,observed
14,2022W19,2022-05-14,18,19,me,Maine,37.0,1,0,observed
15,2022W20,2022-05-21,19,19,me,Maine,36.0,1,0,observed
16,2022W21,2022-05-28,20,19,me,Maine,15.0,1,0,observed
17,2022W22,2022-06-04,21,19,me,Maine,12.0,1,0,observed
18,2022W23,2022-06-11,22,19,me,Maine,57.0,1,0,observed
19,2022W24,2022-06-18,23,19,me,Maine,3.0,1,0,observed
20,2022W25,2022-06-25,24,19,me,Maine,5.0,1,0,observed
21,2022W26,2022-07-02,25,19,me,Maine,2.0,1,0,observed
22,2022W27,2022-07-09,26,19,me,Maine,1.0,1,0,observed
23,2022W28,2022-07-16,27,19,me,Maine,0.0,1,0,observed
24,2022W29,2022-07-23,28,19,me,Maine,1.0,1,0,observed
25,2022W30,2022-07-30,29,19,me,Maine,0.0,1,0,observed
26,2022W31,2022-08-06,30,19,me,Maine,0.0,1,0,observed
27,2022W32,2022-08-13,31,19,me,Maine,2.0,1,0,observed
28,2022W33,2022-08-20,32,19,me,Maine,0.0,1,0,observed
29,2022W34,2022-08-27,33,19,me,Maine,0.0,1,0,observed
30,2022W35,2022-09-03,34,19,me,Maine,0.0,1,0,observed
31,2022W36,2022-09-10,35,19,me,Maine,0.0,1,0,observed
32,2022W37,2022-09-17,36,19,me,Maine,0.0,1,0,observed
33,2022W38,2022-09-24,37,19,me,Maine,0.0,1,0,observed
34,2022W39,2022-10-01,38,19,me,Maine,0.0,1,0,observed
35,2022W40,2022-10-08,39,19,me,Maine,1.0,1,0,observed
36,2022W41,2022-10-15,40,19,me,Maine,0.0,1,0,observed
37,2022W42,2022-10-22,41,19,me,Maine,0.0,1,0,observed
38,2022W43,2022-10-29,42,19,me,Maine,3.0,1,0,observed
39,2022W44,2022-11-05,43,19,me,Maine,3.0,1,0,observed
40,2022W45,2022-11-12,44,19,me,Maine,8.0,1,0,observed
41,2022W46,2022-11-19,45,19,me,Maine,14.0,1,0,observed
42,2022W47,2022-11-26,46,19,me,Maine,33.0,1,0,observed
43,2022W48,2022-12-03,47,19,me,Maine,100.0,1,0,observed
44,2022W49,2022-12-10,48,19,me,Maine,117.0,1,0,observed
45,2022W50,2022-12-17,49,19,me,Maine,180.0,1,0,observed
46,2022W51,2022-12-24,50,19,me,Maine,207.0,1,0,observed
47,2022W52,2022-12-31,51,19,me,Maine,192.0,1,0,observed
48,2023W01,2023-01-07,0,19,me,Maine,124.0,1,0,observed
49,2023W02,2023-01-14,1,19,me,Maine,57.0,1,0,observed
50,2023W03,2023-01-21,2,19,me,Maine,28.0,1,0,observed
51,2023W04,2023-01-28,3,19,me,Maine,14.0,1,0,observed
52,2023W05,2023-02-04,4,19,me,Maine,10.0,1,0,observed
53,2023W06,2023-02-11,5,19,me,Maine,6.0,1,0,observed
54,2023W07,2023-02-18,6,19,me,Maine,4.0,1,0,observed
55,2023W08,2023-02-25,7,19,me,Maine,0.0,1,0,observed
56,2023W09,2023-03-04,8,19,me,Maine,4.0,1,0,observed
57,2023W10,2023-03-11,9,19,me,Maine,0.0,1,0,observed
58,2023W11,2023-03-18,10,19,me,Maine,5.0,1,0,observed
59,2023W12,2023-03-25,11,19,me,Maine,1.0,1,0,observed
60,2023W13,2023-04-01,12,19,me,Maine,4.0,1,0,observed
61,2023W14,2023-04-08,13,19,me,Maine,3.0,1,0,observed
62,2023W15,2023-04-15,14,19,me,Maine,0.0,1,0,observed
63,2023W16,2023-04-22,15,19,me,Maine,5.0,1,0,observed
64,2023W17,2023-04-29,16,19,me,Maine,0.0,1,0,observed
65,2023W18,2023-05-06,17,19,me,Maine,2.0,1,0,observed
66,2023W19,2023-05-13,18,19,me,Maine,4.0,1,0,observed
67,2023W20,2023-05-20,19,19,me,Maine,5.0,1,0,observed
68,2023W21,2023-05-27,20,19,me,Maine,2.0,1,0,observed
69,2023W22,2023-06-03,21,19,me,Maine,3.0,1,0,observed
70,2023W23,2023-06-10,22,19,me,Maine,1.0,1,0,observed
71,2023W24,2023-06-17,23,19,me,Maine,0.0,1,0,observed
72,2023W25,2023-06-24,24,19,me,Maine,1.0,1,0,observed
73,2023W26,2023-07-01,25,19,me,Maine,2.0,1,0,observed
74,2023W27,2023-07-08,26,19,me,Maine,3.0,1,0,observed
75,2023W28,2023-07-15,27,19,me,Maine,0.0,1,0,observed
76,2023W29,2023-07-22,28,19,me,Maine,1.0,1,0,observed
77,2023W30,2023-07-29,29,19,me,Maine,3.0,1,0,observed
78,2023W31,2023-08-05,30,19,me,Maine,2.0,1,0,observed
79,2023W32,2023-08-12,31,19,me,Maine,0.0,1,0,observed
80,2023W33,2023-08-19,32,19,me,Maine,2.0,1,0,observed
81,2023W34,2023-08-26,33,19,me,Maine,0.0,1,0,observed
82,2023W35,2023-09-02,34,19,me,Maine,0.0,1,0,observed
83,2023W36,2023-09-09,35,19,me,Maine,0.0,1,0,observed
84,2023W37,2023-09-16,36,19,me,Maine,0.0,1,0,observed
85,2023W38,2023-09-23,37,19,me,Maine,1.0,1,0,observed
86,2023W39,2023-09-30,38,19,me,Maine,0.0,1,0,observed
87,2023W40,2023-10-07,39,19,me,Maine,5.0,1,0,observed
88,2023W41,2023-10-14,40,19,me,Maine,4.0,1,0,observed
89,2023W42,2023-10-21,41,19,me,Maine,2.0,1,0,observed
90,2023W43,2023-10-28,42,19,me,Maine,4.0,1,0,observed
91,2023W44,2023-11-04,43,19,me,Maine,1.0,1,0,observed
92,2023W45,2023-11-11,44,19,me,Maine,4.0,1,0,observed
93,2023W46,2023-11-18,45,19,me,Maine,2.0,1,0,observed
94,2023W47,2023-11-25,46,19,me,Maine,19.0,1,0,observed
95,2023W48,2023-12-02,47,19,me,Maine,9.0,1,0,observed
96,2023W49,2023-12-09,48,19,me,Maine,15.0,1,0,observed
97,2023W50,2023-12-16,49,19,me,Maine,20.0,1,0,observed
98,2023W51,2023-12-23,50,19,me,Maine,16.0,1,0,observed
99,2023W52,2023-12-30,51,19,me,Maine,51.0,1,0,observed
100,2024W01,2024-01-06,0,19,me,Maine,58.0,1,0,observed
101,2024W02,2024-01-13,1,19,me,Maine,47.0,1,0,observed
102,2024W03,2024-01-20,2,19,me,Maine,40.0,1,0,observed
103,2024W04,2024-01-27,3,19,me,Maine,34.0,1,0,observed
104,2024W05,2024-02-03,4,19,me,Maine,64.0,1,0,observed
105,2024W06,2024-02-10,5,19,me,Maine,77.0,1,0,observed
106,2024W07,2024-02-17,6,19,me,Maine,86.0,1,0,observed
107,2024W08,2024-02-24,7,19,me,Maine,67.0,1,0,observed
108,2024W09,2024-03-02,8,19,me,Maine,64.0,1,0,observed
109,2024W10,2024-03-09,9,19,me,Maine,50.0,1,0,observed
110,2024W11,2024-03-16,10,19,me,Maine,33.0,1,0,observed
111,2024W12,2024-03-23,11,19,me,Maine,26.0,1,0,observed
112,2024W13,2024-03-30,12,19,me,Maine,23.0,1,0,observed
113,2024W14,2024-04-06,13,19,me,Maine,24.0,1,0,observed
114,2024W15,2024-04-13,14,19,me,Maine,15.0,1,0,observed
115,2024W16,2024-04-20,15,19,me,Maine,16.0,1,0,observed
116,2024W17,2024-04-27,16,19,me,Maine,14.0,1,0,observed
117,2024W18,2024-05-04,17,19,me,Maine,9.0,1,0,observed
118,2024W19,2024-05-11,18,19,me,Maine,8.0,1,0,observed
119,2024W20,2024-05-18,19,19,me,Maine,3.0,1,0,observed
120,2024W21,2024-05-25,20,19,me,Maine,5.0,1,0,observed
121,2024W22,2024-06-01,21,19,me,Maine,5.0,1,0,observed
122,2024W23,2024-06-08,22,19,me,Maine,1.0,1,0,observed
123,2024W24,2024-06-15,23,19,me,Maine,3.0,1,0,observed
124,2024W25,2024-06-22,24,19,me,Maine,1.0,1,0,observed
125,2024W26,2024-06-29,25,19,me,Maine,1.0,1,0,observed
126,2024W27,2024-07-06,26,19,me,Maine,0.0,1,0,observed
127,2024W28,2024-07-13,27,19,me,Maine,4.0,1,0,observed
128,2024W29,2024-07-20,28,19,me,Maine,2.0,1,0,observed
129,2024W30,2024-07-27,29,19,me,Maine,0.0,1,0,observed
130,2024W31,2024-08-03,30,19,me,Maine,2.0,1,0,observed
131,2024W32,2024-08-10,31,19,me,Maine,3.0,1,0,observed
132,2024W33,2024-08-17,32,19,me,Maine,1.0,1,0,observed
133,2024W34,2024-08-24,33,19,me,Maine,5.0,1,0,observed
134,2024W35,2024-08-31,34,19,me,Maine,3.0,1,0,observed
135,2024W36,2024-09-07,35,19,me,Maine,3.0,1,0,observed
136,2024W37,2024-09-14,36,19,me,Maine,0.0,1,0,observed
137,2024W38,2024-09-21,37,19,me,Maine,1.0,1,0,observed
138,2024W39,2024-09-28,38,19,me,Maine,3.0,1,0,observed
139,2024W40,2024-10-05,39,19,me,Maine,0.0,1,0,observed
140,2024W41,2024-10-12,40,19,me,Maine,0.0,1,0,observed
141,2024W42,2024-10-19,41,19,me,Maine,0.0,1,0,observed
142,2024W43,2024-10-26,42,19,me,Maine,0.0,1,0,observed
143,2024W44,2024-11-02,43,19,me,Maine,0.0,1,0,observed
144,2024W45,2024-11-09,44,19,me,Maine,1.0,1,0,observed
145,2024W46,2024-11-16,45,19,me,Maine,0.0,1,0,observed
146,2024W47,2024-11-23,46,19,me,Maine,0.0,1,0,observed
147,2024W48,2024-11-30,47,19,me,Maine,2.0,1,0,observed
148,2024W49,2024-12-07,48,19,me,Maine,2.0,1,0,observed
149,2024W50,2024-12-14,49,19,me,Maine,2.0,1,0,observed
150,2024W51,2024-12-21,50,19,me,Maine,10.0,1,0,observed
151,2024W52,2024-12-28,51,19,me,Maine,31.0,1,0,observed
152,2025W01,2025-01-04,0,19,me,Maine,88.0,1,0,observed
153,2025W02,2025-01-11,1,19,me,Maine,92.0,1,0,observed
154,2025W03,2025-01-18,2,19,me,Maine,86.0,1,0,observed
155,2025W04,2025-01-25,3,19,me,Maine,109.0,1,0,observed
156,2025W05,2025-02-01,4,19,me,Maine,151.0,1,0,observed
157,2025W06,2025-02-08,5,19,me,Maine,205.0,1,0,observed
158,2025W07,2025-02-15,6,19,me,Maine,267.0,1,0,observed
159,2025W08,2025-02-22,7,19,me,Maine,266.0,1,0,observed
160,2025W09,2025-03-01,8,19,me,Maine,205.0,1,0,observed
161,2025W10,2025-03-08,9,19,me,Maine,200.0,1,0,observed
162,2025W11,2025-03-15,10,19,me,Maine,115.0,1,0,observed
163,2025W12,2025-03-22,11,19,me,Maine,83.0,1,0,observed
164,2025W13,2025-03-29,12,19,me,Maine,59.0,1,0,observed
165,2025W14,2025-04-05,13,19,me,Maine,55.0,1,0,observed
166,2025W15,2025-04-12,14,19,me,Maine,40.0,1,0,observed
167,2025W16,2025-04-19,15,19,me,Maine,23.0,1,0,observed
168,2025W17,2025-04-26,16,19,me,Maine,16.0,1,0,observed
169,2025W18,2025-05-03,17,19,me,Maine,10.0,1,0,observed
170,2025W19,2025-05-10,18,19,me,Maine,3.0,1,0,observed
171,2025W20,2025-05-17,19,19,me,Maine,2.0,1,0,observed
172,2025W21,2025-05-24,20,19,me,Maine,2.0,1,0,observed
173,2025W22,2025-05-31,21,19,me,Maine,1.0,1,0,observed
174,2025W23,2025-06-07,22,19,me,Maine,0.0,1,0,observed
175,2025W24,2025-06-14,23,19,me,Maine,2.0,1,0,observed
176,2025W25,2025-06-21,24,19,me,Maine,2.0,1,0,observed
177,2025W26,2025-06-28,25,19,me,Maine,0.0,1,0,observed
178,2025W27,2025-07-05,26,19,me,Maine,1.0,1,0,observed
179,2025W28,2025-07-12,27,19,me,Maine,1.0,1,0,observed
180,2025W29,2025-07-19,28,19,me,Maine,1.0,1,0,observed
181,2025W30,2025-07-26,29,19,me,Maine,1.0,1,0,observed
182,2025W31,2025-08-02,30,19,me,Maine,0.0,1,0,observed
183,2025W32,2025-08-09,31,19,me,Maine,0.0,1,0,observed
184,2025W33,2025-08-16,32,19,me,Maine,0.0,1,0,observed
185,2025W34,2025-08-23,33,19,me,Maine,1.0,1,0,observed
186,2025W35,2025-08-30,34,19,me,Maine,1.0,1,0,observed
187,2025W36,2025-09-06,35,19,me,Maine,1.0,1,0,observed
188,2025W37,2025-09-13,36,19,me,Maine,2.0,1,0,observed
189,2025W38,2025-09-20,37,19,me,Maine,0.0,1,0,observed
190,2025W39,2025-09-27,38,19,me,Maine,0.0,1,0,observed
191,2025W40,2025-10-04,39,19,me,Maine,1.0,1,0,observed
192,2025W41,2025-10-11,40,19,me,Maine,1.0,1,0,observed
193,2025W42,2025-10-18,41,19,me,Maine,3.0,1,0,observed
194,2025W43,2025-10-25,42,19,me,Maine,3.0,1,0,observed
195,2025W44,2025-11-01,43,19,me,Maine,2.0,1,0,observed
196,2025W45,2025-11-08,44,19,me,Maine,3.0,1,0,observed
197,2025W46,2025-11-15,45,19,me,Maine,4.0,1,0,observed
198,2025W47,2025-11-22,46,19,me,Maine,8.0,1,0,observed
199,2025W48,2025-11-29,47,19,me,Maine,13.0,1,0,observed
200,2025W49,2025-12-06,48,19,me,Maine,20.0,1,0,observed
201,2025W50,2025-12-13,49,19,me,Maine,31.0,1,0,observed
202,2025W51,2025-12-20,50,19,me,Maine,82.0,1,0,observed
203,2025W52,2025-12-27,51,19,me,Maine,147.0,1,0,observed
204,2026W01,2026-01-03,0,19,me,Maine,255.0,1,0,observed
205,2026W02,2026-01-10,1,19,me,Maine,172.0,1,0,observed
206,2026W03,2026-01-17,2,19,me,Maine,118.0,1,0,observed
207,2026W04,2026-01-24,3,19,me,Maine,81.0,1,0,observed
208,2026W05,2026-01-31,4,19,me,Maine,69.0,1,0,observed
209,2026W06,2026-02-07,5,19,me,Maine,68.0,1,0,observed
210,2026W07,2026-02-14,6,19,me,Maine,47.0,1,0,observed
211,2026W08,2026-02-21,7,19,me,Maine,59.0,1,0,observed
212,2026W09,2026-02-28,8,19,me,Maine,43.0,1,0,observed
213,2026W10,2026-03-07,9,19,me,Maine,35.0,1,0,observed
214,2026W11,2026-03-14,10,19,me,Maine,30.0,1,0,observed
215,2026W12,2026-03-21,11,19,me,Maine,26.0,1,0,observed
216,2026W13,2026-03-28,12,19,me,Maine,10.0,1,0,observed
217,2026W14,2026-04-04,13,19,me,Maine,8.0,1,0,observed
218,2026W15,2026-04-11,14,19,me,Maine,6.0,1,0,observed
219,2026W16,2026-04-18,15,19,me,Maine,3.0,1,0,observed
0,2022W05,2022-02-05,4,20,md,Maryland,8.0,1,0,observed
1,2022W06,2022-02-12,5,20,md,Maryland,6.0,1,0,observed
2,2022W07,2022-02-19,6,20,md,Maryland,13.0,1,0,observed
3,2022W08,2022-02-26,7,20,md,Maryland,15.0,1,0,observed
4,2022W09,2022-03-05,8,20,md,Maryland,23.0,1,0,observed
5,2022W10,2022-03-12,9,20,md,Maryland,16.0,1,0,observed
6,2022W11,2022-03-19,10,20,md,Maryland,19.0,1,0,observed
7,2022W12,2022-03-26,11,20,md,Maryland,30.0,1,0,observed
8,2022W13,2022-04-02,12,20,md,Maryland,29.0,1,0,observed
9,2022W14,2022-04-09,13,20,md,Maryland,47.0,1,0,observed
10,2022W15,2022-04-16,14,20,md,Maryland,51.0,1,0,observed
11,2022W16,2022-04-23,15,20,md,Maryland,43.0,1,0,observed
12,2022W17,2022-04-30,16,20,md,Maryland,51.0,1,0,observed
13,2022W18,2022-05-07,17,20,md,Maryland,46.0,1,0,observed
14,2022W19,2022-05-14,18,20,md,Maryland,54.0,1,0,observed
15,2022W20,2022-05-21,19,20,md,Maryland,45.0,1,0,observed
16,2022W21,2022-05-28,20,20,md,Maryland,29.0,1,0,observed
17,2022W22,2022-06-04,21,20,md,Maryland,17.0,1,0,observed
18,2022W23,2022-06-11,22,20,md,Maryland,17.0,1,0,observed
19,2022W24,2022-06-18,23,20,md,Maryland,21.0,1,0,observed
20,2022W25,2022-06-25,24,20,md,Maryland,20.0,1,0,observed
21,2022W26,2022-07-02,25,20,md,Maryland,13.0,1,0,observed
22,2022W27,2022-07-09,26,20,md,Maryland,12.0,1,0,observed
23,2022W28,2022-07-16,27,20,md,Maryland,7.0,1,0,observed
24,2022W29,2022-07-23,28,20,md,Maryland,3.0,1,0,observed
25,2022W30,2022-07-30,29,20,md,Maryland,3.0,1,0,observed
26,2022W31,2022-08-06,30,20,md,Maryland,2.0,1,0,observed
27,2022W32,2022-08-13,31,20,md,Maryland,5.0,1,0,observed
28,2022W33,2022-08-20,32,20,md,Maryland,6.0,1,0,observed
29,2022W34,2022-08-27,33,20,md,Maryland,4.0,1,0,observed
30,2022W35,2022-09-03,34,20,md,Maryland,0.0,1,0,observed
31,2022W36,2022-09-10,35,20,md,Maryland,3.0,1,0,observed
32,2022W37,2022-09-17,36,20,md,Maryland,8.0,1,0,observed
33,2022W38,2022-09-24,37,20,md,Maryland,3.0,1,0,observed
34,2022W39,2022-10-01,38,20,md,Maryland,6.0,1,0,observed
35,2022W40,2022-10-08,39,20,md,Maryland,17.0,1,0,observed
36,2022W41,2022-10-15,40,20,md,Maryland,27.0,1,0,observed
37,2022W42,2022-10-22,41,20,md,Maryland,43.0,1,0,observed
38,2022W43,2022-10-29,42,20,md,Maryland,105.0,1,0,observed
39,2022W44,2022-11-05,43,20,md,Maryland,156.0,1,0,observed
40,2022W45,2022-11-12,44,20,md,Maryland,214.0,1,0,observed
41,2022W46,2022-11-19,45,20,md,Maryland,210.0,1,0,observed
42,2022W47,2022-11-26,46,20,md,Maryland,308.0,1,0,observed
43,2022W48,2022-12-03,47,20,md,Maryland,411.0,1,0,observed
44,2022W49,2022-12-10,48,20,md,Maryland,325.0,1,0,observed
45,2022W50,2022-12-17,49,20,md,Maryland,261.0,1,0,observed
46,2022W51,2022-12-24,50,20,md,Maryland,231.0,1,0,observed
47,2022W52,2022-12-31,51,20,md,Maryland,225.0,1,0,observed
48,2023W01,2023-01-07,0,20,md,Maryland,157.0,1,0,observed
49,2023W02,2023-01-14,1,20,md,Maryland,101.0,1,0,observed
50,2023W03,2023-01-21,2,20,md,Maryland,67.0,1,0,observed
51,2023W04,2023-01-28,3,20,md,Maryland,39.0,1,0,observed
52,2023W05,2023-02-04,4,20,md,Maryland,51.0,1,0,observed
53,2023W06,2023-02-11,5,20,md,Maryland,41.0,1,0,observed
54,2023W07,2023-02-18,6,20,md,Maryland,26.0,1,0,observed
55,2023W08,2023-02-25,7,20,md,Maryland,26.0,1,0,observed
56,2023W09,2023-03-04,8,20,md,Maryland,13.0,1,0,observed
57,2023W10,2023-03-11,9,20,md,Maryland,16.0,1,0,observed
58,2023W11,2023-03-18,10,20,md,Maryland,10.0,1,0,observed
59,2023W12,2023-03-25,11,20,md,Maryland,21.0,1,0,observed
60,2023W13,2023-04-01,12,20,md,Maryland,9.0,1,0,observed
61,2023W14,2023-04-08,13,20,md,Maryland,12.0,1,0,observed
62,2023W15,2023-04-15,14,20,md,Maryland,13.0,1,0,observed
63,2023W16,2023-04-22,15,20,md,Maryland,10.0,1,0,observed
64,2023W17,2023-04-29,16,20,md,Maryland,10.0,1,0,observed
65,2023W18,2023-05-06,17,20,md,Maryland,15.0,1,0,observed
66,2023W19,2023-05-13,18,20,md,Maryland,11.0,1,0,observed
67,2023W20,2023-05-20,19,20,md,Maryland,5.0,1,0,observed
68,2023W21,2023-05-27,20,20,md,Maryland,6.0,1,0,observed
69,2023W22,2023-06-03,21,20,md,Maryland,8.0,1,0,observed
70,2023W23,2023-06-10,22,20,md,Maryland,5.0,1,0,observed
71,2023W24,2023-06-17,23,20,md,Maryland,2.0,1,0,observed
72,2023W25,2023-06-24,24,20,md,Maryland,8.0,1,0,observed
73,2023W26,2023-07-01,25,20,md,Maryland,0.0,1,0,observed
74,2023W27,2023-07-08,26,20,md,Maryland,3.0,1,0,observed
75,2023W28,2023-07-15,27,20,md,Maryland,5.0,1,0,observed
76,2023W29,2023-07-22,28,20,md,Maryland,4.0,1,0,observed
77,2023W30,2023-07-29,29,20,md,Maryland,14.0,1,0,observed
78,2023W31,2023-08-05,30,20,md,Maryland,7.0,1,0,observed
79,2023W32,2023-08-12,31,20,md,Maryland,5.0,1,0,observed
80,2023W33,2023-08-19,32,20,md,Maryland,6.0,1,0,observed
81,2023W34,2023-08-26,33,20,md,Maryland,3.0,1,0,observed
82,2023W35,2023-09-02,34,20,md,Maryland,5.0,1,0,observed
83,2023W36,2023-09-09,35,20,md,Maryland,5.0,1,0,observed
84,2023W37,2023-09-16,36,20,md,Maryland,2.0,1,0,observed
85,2023W38,2023-09-23,37,20,md,Maryland,6.0,1,0,observed
86,2023W39,2023-09-30,38,20,md,Maryland,4.0,1,0,observed
87,2023W40,2023-10-07,39,20,md,Maryland,3.0,1,0,observed
88,2023W41,2023-10-14,40,20,md,Maryland,3.0,1,0,observed
89,2023W42,2023-10-21,41,20,md,Maryland,9.0,1,0,observed
90,2023W43,2023-10-28,42,20,md,Maryland,10.0,1,0,observed
91,2023W44,2023-11-04,43,20,md,Maryland,15.0,1,0,observed
92,2023W45,2023-11-11,44,20,md,Maryland,19.0,1,0,observed
93,2023W46,2023-11-18,45,20,md,Maryland,27.0,1,0,observed
94,2023W47,2023-11-25,46,20,md,Maryland,22.0,1,0,observed
95,2023W48,2023-12-02,47,20,md,Maryland,60.0,1,0,observed
96,2023W49,2023-12-09,48,20,md,Maryland,78.0,1,0,observed
97,2023W50,2023-12-16,49,20,md,Maryland,115.0,1,0,observed
98,2023W51,2023-12-23,50,20,md,Maryland,207.0,1,0,observed
99,2023W52,2023-12-30,51,20,md,Maryland,328.0,1,0,observed
100,2024W01,2024-01-06,0,20,md,Maryland,322.0,1,0,observed
101,2024W02,2024-01-13,1,20,md,Maryland,245.0,1,0,observed
102,2024W03,2024-01-20,2,20,md,Maryland,198.0,1,0,observed
103,2024W04,2024-01-27,3,20,md,Maryland,171.0,1,0,observed
104,2024W05,2024-02-03,4,20,md,Maryland,113.0,1,0,observed
105,2024W06,2024-02-10,5,20,md,Maryland,111.0,1,0,observed
106,2024W07,2024-02-17,6,20,md,Maryland,123.0,1,0,observed
107,2024W08,2024-02-24,7,20,md,Maryland,118.0,1,0,observed
108,2024W09,2024-03-02,8,20,md,Maryland,176.0,1,0,observed
109,2024W10,2024-03-09,9,20,md,Maryland,170.0,1,0,observed
110,2024W11,2024-03-16,10,20,md,Maryland,114.0,1,0,observed
111,2024W12,2024-03-23,11,20,md,Maryland,75.0,1,0,observed
112,2024W13,2024-03-30,12,20,md,Maryland,76.0,1,0,observed
113,2024W14,2024-04-06,13,20,md,Maryland,88.0,1,0,observed
114,2024W15,2024-04-13,14,20,md,Maryland,55.0,1,0,observed
115,2024W16,2024-04-20,15,20,md,Maryland,38.0,1,0,observed
116,2024W17,2024-04-27,16,20,md,Maryland,20.0,1,0,observed
117,2024W18,2024-05-04,17,20,md,Maryland,10.0,1,0,observed
118,2024W19,2024-05-11,18,20,md,Maryland,5.0,1,0,observed
119,2024W20,2024-05-18,19,20,md,Maryland,0.0,1,0,observed
120,2024W21,2024-05-25,20,20,md,Maryland,0.0,1,0,observed
121,2024W22,2024-06-01,21,20,md,Maryland,5.0,1,0,observed
122,2024W23,2024-06-08,22,20,md,Maryland,3.0,1,0,observed
123,2024W24,2024-06-15,23,20,md,Maryland,0.0,1,0,observed
124,2024W25,2024-06-22,24,20,md,Maryland,0.0,1,0,observed
125,2024W26,2024-06-29,25,20,md,Maryland,2.0,1,0,observed
126,2024W27,2024-07-06,26,20,md,Maryland,1.0,1,0,observed
127,2024W28,2024-07-13,27,20,md,Maryland,0.0,1,0,observed
128,2024W29,2024-07-20,28,20,md,Maryland,0.0,1,0,observed
129,2024W30,2024-07-27,29,20,md,Maryland,0.0,1,0,observed
130,2024W31,2024-08-03,30,20,md,Maryland,1.0,1,0,observed
131,2024W32,2024-08-10,31,20,md,Maryland,0.0,1,0,observed
132,2024W33,2024-08-17,32,20,md,Maryland,2.0,1,0,observed
133,2024W34,2024-08-24,33,20,md,Maryland,2.0,1,0,observed
134,2024W35,2024-08-31,34,20,md,Maryland,0.0,1,0,observed
135,2024W36,2024-09-07,35,20,md,Maryland,0.0,1,0,observed
136,2024W37,2024-09-14,36,20,md,Maryland,3.0,1,0,observed
137,2024W38,2024-09-21,37,20,md,Maryland,5.0,1,0,observed
138,2024W39,2024-09-28,38,20,md,Maryland,1.0,1,0,observed
139,2024W40,2024-10-05,39,20,md,Maryland,1.0,1,0,observed
140,2024W41,2024-10-12,40,20,md,Maryland,0.0,1,0,observed
141,2024W42,2024-10-19,41,20,md,Maryland,2.0,1,0,observed
142,2024W43,2024-10-26,42,20,md,Maryland,0.0,1,0,observed
143,2024W44,2024-11-02,43,20,md,Maryland,4.0,1,0,observed
144,2024W45,2024-11-09,44,20,md,Maryland,9.0,1,0,observed
145,2024W46,2024-11-16,45,20,md,Maryland,11.0,1,0,observed
146,2024W47,2024-11-23,46,20,md,Maryland,16.0,1,0,observed
147,2024W48,2024-11-30,47,20,md,Maryland,21.0,1,0,observed
148,2024W49,2024-12-07,48,20,md,Maryland,37.0,1,0,observed
149,2024W50,2024-12-14,49,20,md,Maryland,73.0,1,0,observed
150,2024W51,2024-12-21,50,20,md,Maryland,131.0,1,0,observed
151,2024W52,2024-12-28,51,20,md,Maryland,195.0,1,0,observed
152,2025W01,2025-01-04,0,20,md,Maryland,457.0,1,0,observed
153,2025W02,2025-01-11,1,20,md,Maryland,372.0,1,0,observed
154,2025W03,2025-01-18,2,20,md,Maryland,466.0,1,0,observed
155,2025W04,2025-01-25,3,20,md,Maryland,611.0,1,0,observed
156,2025W05,2025-02-01,4,20,md,Maryland,810.0,1,0,observed
157,2025W06,2025-02-08,5,20,md,Maryland,1086.0,1,0,observed
158,2025W07,2025-02-15,6,20,md,Maryland,1081.0,1,0,observed
159,2025W08,2025-02-22,7,20,md,Maryland,764.0,1,0,observed
160,2025W09,2025-03-01,8,20,md,Maryland,548.0,1,0,observed
161,2025W10,2025-03-08,9,20,md,Maryland,379.0,1,0,observed
162,2025W11,2025-03-15,10,20,md,Maryland,291.0,1,0,observed
163,2025W12,2025-03-22,11,20,md,Maryland,210.0,1,0,observed
164,2025W13,2025-03-29,12,20,md,Maryland,135.0,1,0,observed
165,2025W14,2025-04-05,13,20,md,Maryland,129.0,1,0,observed
166,2025W15,2025-04-12,14,20,md,Maryland,94.0,1,0,observed
167,2025W16,2025-04-19,15,20,md,Maryland,62.0,1,0,observed
168,2025W17,2025-04-26,16,20,md,Maryland,47.0,1,0,observed
169,2025W18,2025-05-03,17,20,md,Maryland,41.0,1,0,observed
170,2025W19,2025-05-10,18,20,md,Maryland,21.0,1,0,observed
171,2025W20,2025-05-17,19,20,md,Maryland,10.0,1,0,observed
172,2025W21,2025-05-24,20,20,md,Maryland,26.0,1,0,observed
173,2025W22,2025-05-31,21,20,md,Maryland,38.0,1,0,observed
174,2025W23,2025-06-07,22,20,md,Maryland,34.0,1,0,observed
175,2025W24,2025-06-14,23,20,md,Maryland,13.0,1,0,observed
176,2025W25,2025-06-21,24,20,md,Maryland,6.0,1,0,observed
177,2025W26,2025-06-28,25,20,md,Maryland,6.0,1,0,observed
178,2025W27,2025-07-05,26,20,md,Maryland,7.0,1,0,observed
179,2025W28,2025-07-12,27,20,md,Maryland,4.0,1,0,observed
180,2025W29,2025-07-19,28,20,md,Maryland,4.0,1,0,observed
181,2025W30,2025-07-26,29,20,md,Maryland,18.0,1,0,observed
182,2025W31,2025-08-02,30,20,md,Maryland,6.0,1,0,observed
183,2025W32,2025-08-09,31,20,md,Maryland,3.0,1,0,observed
184,2025W33,2025-08-16,32,20,md,Maryland,6.0,1,0,observed
185,2025W34,2025-08-23,33,20,md,Maryland,7.0,1,0,observed
186,2025W35,2025-08-30,34,20,md,Maryland,6.0,1,0,observed
187,2025W36,2025-09-06,35,20,md,Maryland,3.0,1,0,observed
188,2025W37,2025-09-13,36,20,md,Maryland,6.0,1,0,observed
189,2025W38,2025-09-20,37,20,md,Maryland,6.0,1,0,observed
190,2025W39,2025-09-27,38,20,md,Maryland,4.0,1,0,observed
191,2025W40,2025-10-04,39,20,md,Maryland,3.0,1,0,observed
192,2025W41,2025-10-11,40,20,md,Maryland,9.0,1,0,observed
193,2025W42,2025-10-18,41,20,md,Maryland,6.0,1,0,observed
194,2025W43,2025-10-25,42,20,md,Maryland,17.0,1,0,observed
195,2025W44,2025-11-01,43,20,md,Maryland,14.0,1,0,observed
196,2025W45,2025-11-08,44,20,md,Maryland,20.0,1,0,observed
197,2025W46,2025-11-15,45,20,md,Maryland,35.0,1,0,observed
198,2025W47,2025-11-22,46,20,md,Maryland,66.0,1,0,observed
199,2025W48,2025-11-29,47,20,md,Maryland,101.0,1,0,observed
200,2025W49,2025-12-06,48,20,md,Maryland,138.0,1,0,observed
201,2025W50,2025-12-13,49,20,md,Maryland,238.0,1,0,observed
202,2025W51,2025-12-20,50,20,md,Maryland,400.0,1,0,observed
203,2025W52,2025-12-27,51,20,md,Maryland,644.0,1,0,observed
204,2026W01,2026-01-03,0,20,md,Maryland,803.0,1,0,observed
205,2026W02,2026-01-10,1,20,md,Maryland,587.0,1,0,observed
206,2026W03,2026-01-17,2,20,md,Maryland,282.0,1,0,observed
207,2026W04,2026-01-24,3,20,md,Maryland,169.0,1,0,observed
208,2026W05,2026-01-31,4,20,md,Maryland,113.0,1,0,observed
209,2026W06,2026-02-07,5,20,md,Maryland,90.0,1,0,observed
210,2026W07,2026-02-14,6,20,md,Maryland,78.0,1,0,observed
211,2026W08,2026-02-21,7,20,md,Maryland,70.0,1,0,observed
212,2026W09,2026-02-28,8,20,md,Maryland,38.0,1,0,observed
213,2026W10,2026-03-07,9,20,md,Maryland,48.0,1,0,observed
214,2026W11,2026-03-14,10,20,md,Maryland,51.0,1,0,observed
215,2026W12,2026-03-21,11,20,md,Maryland,52.0,1,0,observed
216,2026W13,2026-03-28,12,20,md,Maryland,9.0,1,0,observed
217,2026W14,2026-04-04,13,20,md,Maryland,10.0,1,0,observed
218,2026W15,2026-04-11,14,20,md,Maryland,9.0,1,0,observed
219,2026W16,2026-04-18,15,20,md,Maryland,5.0,1,0,observed
0,2022W05,2022-02-05,4,21,ma,Massachusetts,33.0,1,0,observed
1,2022W06,2022-02-12,5,21,ma,Massachusetts,30.0,1,0,observed
2,2022W07,2022-02-19,6,21,ma,Massachusetts,43.0,1,0,observed
3,2022W08,2022-02-26,7,21,ma,Massachusetts,34.0,1,0,observed
4,2022W09,2022-03-05,8,21,ma,Massachusetts,11.0,1,0,observed
5,2022W10,2022-03-12,9,21,ma,Massachusetts,23.0,1,0,observed
6,2022W11,2022-03-19,10,21,ma,Massachusetts,36.0,1,0,observed
7,2022W12,2022-03-26,11,21,ma,Massachusetts,30.0,1,0,observed
8,2022W13,2022-04-02,12,21,ma,Massachusetts,78.0,1,0,observed
9,2022W14,2022-04-09,13,21,ma,Massachusetts,131.0,1,0,observed
10,2022W15,2022-04-16,14,21,ma,Massachusetts,167.0,1,0,observed
11,2022W16,2022-04-23,15,21,ma,Massachusetts,176.0,1,0,observed
12,2022W17,2022-04-30,16,21,ma,Massachusetts,183.0,1,0,observed
13,2022W18,2022-05-07,17,21,ma,Massachusetts,174.0,1,0,observed
14,2022W19,2022-05-14,18,21,ma,Massachusetts,162.0,1,0,observed
15,2022W20,2022-05-21,19,21,ma,Massachusetts,147.0,1,0,observed
16,2022W21,2022-05-28,20,21,ma,Massachusetts,74.0,1,0,observed
17,2022W22,2022-06-04,21,21,ma,Massachusetts,39.0,1,0,observed
18,2022W23,2022-06-11,22,21,ma,Massachusetts,40.0,1,0,observed
19,2022W24,2022-06-18,23,21,ma,Massachusetts,14.0,1,0,observed
20,2022W25,2022-06-25,24,21,ma,Massachusetts,10.0,1,0,observed
21,2022W26,2022-07-02,25,21,ma,Massachusetts,6.0,1,0,observed
22,2022W27,2022-07-09,26,21,ma,Massachusetts,6.0,1,0,observed
23,2022W28,2022-07-16,27,21,ma,Massachusetts,6.0,1,0,observed
24,2022W29,2022-07-23,28,21,ma,Massachusetts,3.0,1,0,observed
25,2022W30,2022-07-30,29,21,ma,Massachusetts,3.0,1,0,observed
26,2022W31,2022-08-06,30,21,ma,Massachusetts,5.0,1,0,observed
27,2022W32,2022-08-13,31,21,ma,Massachusetts,3.0,1,0,observed
28,2022W33,2022-08-20,32,21,ma,Massachusetts,2.0,1,0,observed
29,2022W34,2022-08-27,33,21,ma,Massachusetts,3.0,1,0,observed
30,2022W35,2022-09-03,34,21,ma,Massachusetts,4.0,1,0,observed
31,2022W36,2022-09-10,35,21,ma,Massachusetts,1.0,1,0,observed
32,2022W37,2022-09-17,36,21,ma,Massachusetts,3.0,1,0,observed
33,2022W38,2022-09-24,37,21,ma,Massachusetts,4.0,1,0,observed
34,2022W39,2022-10-01,38,21,ma,Massachusetts,4.0,1,0,observed
35,2022W40,2022-10-08,39,21,ma,Massachusetts,6.0,1,0,observed
36,2022W41,2022-10-15,40,21,ma,Massachusetts,7.0,1,0,observed
37,2022W42,2022-10-22,41,21,ma,Massachusetts,9.0,1,0,observed
38,2022W43,2022-10-29,42,21,ma,Massachusetts,15.0,1,0,observed
39,2022W44,2022-11-05,43,21,ma,Massachusetts,30.0,1,0,observed
40,2022W45,2022-11-12,44,21,ma,Massachusetts,41.0,1,0,observed
41,2022W46,2022-11-19,45,21,ma,Massachusetts,73.0,1,0,observed
42,2022W47,2022-11-26,46,21,ma,Massachusetts,175.0,1,0,observed
43,2022W48,2022-12-03,47,21,ma,Massachusetts,451.0,1,0,observed
44,2022W49,2022-12-10,48,21,ma,Massachusetts,544.0,1,0,observed
45,2022W50,2022-12-17,49,21,ma,Massachusetts,659.0,1,0,observed
46,2022W51,2022-12-24,50,21,ma,Massachusetts,760.0,1,0,observed
47,2022W52,2022-12-31,51,21,ma,Massachusetts,765.0,1,0,observed
48,2023W01,2023-01-07,0,21,ma,Massachusetts,489.0,1,0,observed
49,2023W02,2023-01-14,1,21,ma,Massachusetts,251.0,1,0,observed
50,2023W03,2023-01-21,2,21,ma,Massachusetts,131.0,1,0,observed
51,2023W04,2023-01-28,3,21,ma,Massachusetts,76.0,1,0,observed
52,2023W05,2023-02-04,4,21,ma,Massachusetts,58.0,1,0,observed
53,2023W06,2023-02-11,5,21,ma,Massachusetts,59.0,1,0,observed
54,2023W07,2023-02-18,6,21,ma,Massachusetts,39.0,1,0,observed
55,2023W08,2023-02-25,7,21,ma,Massachusetts,21.0,1,0,observed
56,2023W09,2023-03-04,8,21,ma,Massachusetts,15.0,1,0,observed
57,2023W10,2023-03-11,9,21,ma,Massachusetts,18.0,1,0,observed
58,2023W11,2023-03-18,10,21,ma,Massachusetts,20.0,1,0,observed
59,2023W12,2023-03-25,11,21,ma,Massachusetts,19.0,1,0,observed
60,2023W13,2023-04-01,12,21,ma,Massachusetts,13.0,1,0,observed
61,2023W14,2023-04-08,13,21,ma,Massachusetts,11.0,1,0,observed
62,2023W15,2023-04-15,14,21,ma,Massachusetts,10.0,1,0,observed
63,2023W16,2023-04-22,15,21,ma,Massachusetts,9.0,1,0,observed
64,2023W17,2023-04-29,16,21,ma,Massachusetts,9.0,1,0,observed
65,2023W18,2023-05-06,17,21,ma,Massachusetts,10.0,1,0,observed
66,2023W19,2023-05-13,18,21,ma,Massachusetts,18.0,1,0,observed
67,2023W20,2023-05-20,19,21,ma,Massachusetts,13.0,1,0,observed
68,2023W21,2023-05-27,20,21,ma,Massachusetts,10.0,1,0,observed
69,2023W22,2023-06-03,21,21,ma,Massachusetts,9.0,1,0,observed
70,2023W23,2023-06-10,22,21,ma,Massachusetts,11.0,1,0,observed
71,2023W24,2023-06-17,23,21,ma,Massachusetts,12.0,1,0,observed
72,2023W25,2023-06-24,24,21,ma,Massachusetts,4.0,1,0,observed
73,2023W26,2023-07-01,25,21,ma,Massachusetts,7.0,1,0,observed
74,2023W27,2023-07-08,26,21,ma,Massachusetts,3.0,1,0,observed
75,2023W28,2023-07-15,27,21,ma,Massachusetts,7.0,1,0,observed
76,2023W29,2023-07-22,28,21,ma,Massachusetts,10.0,1,0,observed
77,2023W30,2023-07-29,29,21,ma,Massachusetts,4.0,1,0,observed
78,2023W31,2023-08-05,30,21,ma,Massachusetts,6.0,1,0,observed
79,2023W32,2023-08-12,31,21,ma,Massachusetts,10.0,1,0,observed
80,2023W33,2023-08-19,32,21,ma,Massachusetts,6.0,1,0,observed
81,2023W34,2023-08-26,33,21,ma,Massachusetts,8.0,1,0,observed
82,2023W35,2023-09-02,34,21,ma,Massachusetts,17.0,1,0,observed
83,2023W36,2023-09-09,35,21,ma,Massachusetts,8.0,1,0,observed
84,2023W37,2023-09-16,36,21,ma,Massachusetts,5.0,1,0,observed
85,2023W38,2023-09-23,37,21,ma,Massachusetts,10.0,1,0,observed
86,2023W39,2023-09-30,38,21,ma,Massachusetts,8.0,1,0,observed
87,2023W40,2023-10-07,39,21,ma,Massachusetts,12.0,1,0,observed
88,2023W41,2023-10-14,40,21,ma,Massachusetts,16.0,1,0,observed
89,2023W42,2023-10-21,41,21,ma,Massachusetts,14.0,1,0,observed
90,2023W43,2023-10-28,42,21,ma,Massachusetts,28.0,1,0,observed
91,2023W44,2023-11-04,43,21,ma,Massachusetts,33.0,1,0,observed
92,2023W45,2023-11-11,44,21,ma,Massachusetts,32.0,1,0,observed
93,2023W46,2023-11-18,45,21,ma,Massachusetts,38.0,1,0,observed
94,2023W47,2023-11-25,46,21,ma,Massachusetts,67.0,1,0,observed
95,2023W48,2023-12-02,47,21,ma,Massachusetts,99.0,1,0,observed
96,2023W49,2023-12-09,48,21,ma,Massachusetts,148.0,1,0,observed
97,2023W50,2023-12-16,49,21,ma,Massachusetts,216.0,1,0,observed
98,2023W51,2023-12-23,50,21,ma,Massachusetts,317.0,1,0,observed
99,2023W52,2023-12-30,51,21,ma,Massachusetts,554.0,1,0,observed
100,2024W01,2024-01-06,0,21,ma,Massachusetts,634.0,1,0,observed
101,2024W02,2024-01-13,1,21,ma,Massachusetts,518.0,1,0,observed
102,2024W03,2024-01-20,2,21,ma,Massachusetts,401.0,1,0,observed
103,2024W04,2024-01-27,3,21,ma,Massachusetts,391.0,1,0,observed
104,2024W05,2024-02-03,4,21,ma,Massachusetts,446.0,1,0,observed
105,2024W06,2024-02-10,5,21,ma,Massachusetts,432.0,1,0,observed
106,2024W07,2024-02-17,6,21,ma,Massachusetts,512.0,1,0,observed
107,2024W08,2024-02-24,7,21,ma,Massachusetts,463.0,1,0,observed
108,2024W09,2024-03-02,8,21,ma,Massachusetts,508.0,1,0,observed
109,2024W10,2024-03-09,9,21,ma,Massachusetts,402.0,1,0,observed
110,2024W11,2024-03-16,10,21,ma,Massachusetts,323.0,1,0,observed
111,2024W12,2024-03-23,11,21,ma,Massachusetts,240.0,1,0,observed
112,2024W13,2024-03-30,12,21,ma,Massachusetts,228.0,1,0,observed
113,2024W14,2024-04-06,13,21,ma,Massachusetts,227.0,1,0,observed
114,2024W15,2024-04-13,14,21,ma,Massachusetts,177.0,1,0,observed
115,2024W16,2024-04-20,15,21,ma,Massachusetts,127.0,1,0,observed
116,2024W17,2024-04-27,16,21,ma,Massachusetts,69.0,1,0,observed
117,2024W18,2024-05-04,17,21,ma,Massachusetts,58.0,1,0,observed
118,2024W19,2024-05-11,18,21,ma,Massachusetts,48.0,1,0,observed
119,2024W20,2024-05-18,19,21,ma,Massachusetts,48.0,0,1,forward_fill
120,2024W21,2024-05-25,20,21,ma,Massachusetts,48.0,0,1,forward_fill
121,2024W22,2024-06-01,21,21,ma,Massachusetts,48.0,0,1,forward_fill
122,2024W23,2024-06-08,22,21,ma,Massachusetts,48.0,0,1,forward_fill
123,2024W24,2024-06-15,23,21,ma,Massachusetts,48.0,0,1,forward_fill
124,2024W25,2024-06-22,24,21,ma,Massachusetts,48.0,0,1,forward_fill
125,2024W26,2024-06-29,25,21,ma,Massachusetts,0.0,1,0,observed
126,2024W27,2024-07-06,26,21,ma,Massachusetts,0.0,1,0,observed
127,2024W28,2024-07-13,27,21,ma,Massachusetts,0.0,1,0,observed
128,2024W29,2024-07-20,28,21,ma,Massachusetts,0.0,1,0,observed
129,2024W30,2024-07-27,29,21,ma,Massachusetts,0.0,0,1,forward_fill
130,2024W31,2024-08-03,30,21,ma,Massachusetts,0.0,0,1,forward_fill
131,2024W32,2024-08-10,31,21,ma,Massachusetts,0.0,0,1,forward_fill
132,2024W33,2024-08-17,32,21,ma,Massachusetts,0.0,0,1,forward_fill
133,2024W34,2024-08-24,33,21,ma,Massachusetts,0.0,0,1,forward_fill
134,2024W35,2024-08-31,34,21,ma,Massachusetts,0.0,0,1,forward_fill
135,2024W36,2024-09-07,35,21,ma,Massachusetts,0.0,0,1,forward_fill
136,2024W37,2024-09-14,36,21,ma,Massachusetts,0.0,0,1,forward_fill
137,2024W38,2024-09-21,37,21,ma,Massachusetts,0.0,0,1,forward_fill
138,2024W39,2024-09-28,38,21,ma,Massachusetts,0.0,0,1,forward_fill
139,2024W40,2024-10-05,39,21,ma,Massachusetts,0.0,0,1,forward_fill
140,2024W41,2024-10-12,40,21,ma,Massachusetts,0.0,1,0,observed
141,2024W42,2024-10-19,41,21,ma,Massachusetts,0.0,1,0,observed
142,2024W43,2024-10-26,42,21,ma,Massachusetts,0.0,1,0,observed
143,2024W44,2024-11-02,43,21,ma,Massachusetts,3.0,1,0,observed
144,2024W45,2024-11-09,44,21,ma,Massachusetts,39.0,1,0,observed
145,2024W46,2024-11-16,45,21,ma,Massachusetts,16.0,1,0,observed
146,2024W47,2024-11-23,46,21,ma,Massachusetts,50.0,1,0,observed
147,2024W48,2024-11-30,47,21,ma,Massachusetts,72.0,1,0,observed
148,2024W49,2024-12-07,48,21,ma,Massachusetts,95.0,1,0,observed
149,2024W50,2024-12-14,49,21,ma,Massachusetts,133.0,1,0,observed
150,2024W51,2024-12-21,50,21,ma,Massachusetts,142.0,1,0,observed
151,2024W52,2024-12-28,51,21,ma,Massachusetts,287.0,1,0,observed
152,2025W01,2025-01-04,0,21,ma,Massachusetts,576.0,1,0,observed
153,2025W02,2025-01-11,1,21,ma,Massachusetts,594.0,1,0,observed
154,2025W03,2025-01-18,2,21,ma,Massachusetts,757.0,1,0,observed
155,2025W04,2025-01-25,3,21,ma,Massachusetts,991.0,1,0,observed
156,2025W05,2025-02-01,4,21,ma,Massachusetts,1347.0,1,0,observed
157,2025W06,2025-02-08,5,21,ma,Massachusetts,1637.0,1,0,observed
158,2025W07,2025-02-15,6,21,ma,Massachusetts,1522.0,1,0,observed
159,2025W08,2025-02-22,7,21,ma,Massachusetts,1381.0,1,0,observed
160,2025W09,2025-03-01,8,21,ma,Massachusetts,1246.0,1,0,observed
161,2025W10,2025-03-08,9,21,ma,Massachusetts,749.0,1,0,observed
162,2025W11,2025-03-15,10,21,ma,Massachusetts,446.0,1,0,observed
163,2025W12,2025-03-22,11,21,ma,Massachusetts,320.0,1,0,observed
164,2025W13,2025-03-29,12,21,ma,Massachusetts,223.0,1,0,observed
165,2025W14,2025-04-05,13,21,ma,Massachusetts,143.0,1,0,observed
166,2025W15,2025-04-12,14,21,ma,Massachusetts,119.0,1,0,observed
167,2025W16,2025-04-19,15,21,ma,Massachusetts,86.0,1,0,observed
168,2025W17,2025-04-26,16,21,ma,Massachusetts,84.0,1,0,observed
169,2025W18,2025-05-03,17,21,ma,Massachusetts,73.0,1,0,observed
170,2025W19,2025-05-10,18,21,ma,Massachusetts,39.0,1,0,observed
171,2025W20,2025-05-17,19,21,ma,Massachusetts,30.0,1,0,observed
172,2025W21,2025-05-24,20,21,ma,Massachusetts,29.0,1,0,observed
173,2025W22,2025-05-31,21,21,ma,Massachusetts,26.0,1,0,observed
174,2025W23,2025-06-07,22,21,ma,Massachusetts,19.0,1,0,observed
175,2025W24,2025-06-14,23,21,ma,Massachusetts,23.0,1,0,observed
176,2025W25,2025-06-21,24,21,ma,Massachusetts,8.0,1,0,observed
177,2025W26,2025-06-28,25,21,ma,Massachusetts,17.0,1,0,observed
178,2025W27,2025-07-05,26,21,ma,Massachusetts,17.0,1,0,observed
179,2025W28,2025-07-12,27,21,ma,Massachusetts,14.0,1,0,observed
180,2025W29,2025-07-19,28,21,ma,Massachusetts,10.0,1,0,observed
181,2025W30,2025-07-26,29,21,ma,Massachusetts,4.0,1,0,observed
182,2025W31,2025-08-02,30,21,ma,Massachusetts,8.0,1,0,observed
183,2025W32,2025-08-09,31,21,ma,Massachusetts,6.0,1,0,observed
184,2025W33,2025-08-16,32,21,ma,Massachusetts,8.0,1,0,observed
185,2025W34,2025-08-23,33,21,ma,Massachusetts,6.0,1,0,observed
186,2025W35,2025-08-30,34,21,ma,Massachusetts,8.0,1,0,observed
187,2025W36,2025-09-06,35,21,ma,Massachusetts,14.0,1,0,observed
188,2025W37,2025-09-13,36,21,ma,Massachusetts,13.0,1,0,observed
189,2025W38,2025-09-20,37,21,ma,Massachusetts,10.0,1,0,observed
190,2025W39,2025-09-27,38,21,ma,Massachusetts,13.0,1,0,observed
191,2025W40,2025-10-04,39,21,ma,Massachusetts,17.0,1,0,observed
192,2025W41,2025-10-11,40,21,ma,Massachusetts,5.0,1,0,observed
193,2025W42,2025-10-18,41,21,ma,Massachusetts,10.0,1,0,observed
194,2025W43,2025-10-25,42,21,ma,Massachusetts,13.0,1,0,observed
195,2025W44,2025-11-01,43,21,ma,Massachusetts,18.0,1,0,observed
196,2025W45,2025-11-08,44,21,ma,Massachusetts,20.0,1,0,observed
197,2025W46,2025-11-15,45,21,ma,Massachusetts,36.0,1,0,observed
198,2025W47,2025-11-22,46,21,ma,Massachusetts,50.0,1,0,observed
199,2025W48,2025-11-29,47,21,ma,Massachusetts,72.0,1,0,observed
200,2025W49,2025-12-06,48,21,ma,Massachusetts,129.0,1,0,observed
201,2025W50,2025-12-13,49,21,ma,Massachusetts,220.0,1,0,observed
202,2025W51,2025-12-20,50,21,ma,Massachusetts,455.0,1,0,observed
203,2025W52,2025-12-27,51,21,ma,Massachusetts,878.0,1,0,observed
204,2026W01,2026-01-03,0,21,ma,Massachusetts,1197.0,1,0,observed
205,2026W02,2026-01-10,1,21,ma,Massachusetts,856.0,1,0,observed
206,2026W03,2026-01-17,2,21,ma,Massachusetts,479.0,1,0,observed
207,2026W04,2026-01-24,3,21,ma,Massachusetts,243.0,1,0,observed
208,2026W05,2026-01-31,4,21,ma,Massachusetts,222.0,1,0,observed
209,2026W06,2026-02-07,5,21,ma,Massachusetts,113.0,1,0,observed
210,2026W07,2026-02-14,6,21,ma,Massachusetts,80.0,1,0,observed
211,2026W08,2026-02-21,7,21,ma,Massachusetts,84.0,1,0,observed
212,2026W09,2026-02-28,8,21,ma,Massachusetts,75.0,1,0,observed
213,2026W10,2026-03-07,9,21,ma,Massachusetts,77.0,1,0,observed
214,2026W11,2026-03-14,10,21,ma,Massachusetts,54.0,1,0,observed
215,2026W12,2026-03-21,11,21,ma,Massachusetts,37.0,1,0,observed
216,2026W13,2026-03-28,12,21,ma,Massachusetts,43.0,1,0,observed
217,2026W14,2026-04-04,13,21,ma,Massachusetts,35.0,1,0,observed
218,2026W15,2026-04-11,14,21,ma,Massachusetts,45.0,1,0,observed
219,2026W16,2026-04-18,15,21,ma,Massachusetts,41.0,1,0,observed
0,2022W05,2022-02-05,4,22,mi,Michigan,27.0,1,0,observed
1,2022W06,2022-02-12,5,22,mi,Michigan,40.0,1,0,observed
2,2022W07,2022-02-19,6,22,mi,Michigan,49.0,1,0,observed
3,2022W08,2022-02-26,7,22,mi,Michigan,50.0,1,0,observed
4,2022W09,2022-03-05,8,22,mi,Michigan,74.0,1,0,observed
5,2022W10,2022-03-12,9,22,mi,Michigan,88.0,1,0,observed
6,2022W11,2022-03-19,10,22,mi,Michigan,119.0,1,0,observed
7,2022W12,2022-03-26,11,22,mi,Michigan,134.0,1,0,observed
8,2022W13,2022-04-02,12,22,mi,Michigan,146.0,1,0,observed
9,2022W14,2022-04-09,13,22,mi,Michigan,160.0,1,0,observed
10,2022W15,2022-04-16,14,22,mi,Michigan,150.0,1,0,observed
11,2022W16,2022-04-23,15,22,mi,Michigan,138.0,1,0,observed
12,2022W17,2022-04-30,16,22,mi,Michigan,136.0,1,0,observed
13,2022W18,2022-05-07,17,22,mi,Michigan,169.0,1,0,observed
14,2022W19,2022-05-14,18,22,mi,Michigan,180.0,1,0,observed
15,2022W20,2022-05-21,19,22,mi,Michigan,140.0,1,0,observed
16,2022W21,2022-05-28,20,22,mi,Michigan,93.0,1,0,observed
17,2022W22,2022-06-04,21,22,mi,Michigan,70.0,1,0,observed
18,2022W23,2022-06-11,22,22,mi,Michigan,35.0,1,0,observed
19,2022W24,2022-06-18,23,22,mi,Michigan,32.0,1,0,observed
20,2022W25,2022-06-25,24,22,mi,Michigan,16.0,1,0,observed
21,2022W26,2022-07-02,25,22,mi,Michigan,11.0,1,0,observed
22,2022W27,2022-07-09,26,22,mi,Michigan,9.0,1,0,observed
23,2022W28,2022-07-16,27,22,mi,Michigan,5.0,1,0,observed
24,2022W29,2022-07-23,28,22,mi,Michigan,7.0,1,0,observed
25,2022W30,2022-07-30,29,22,mi,Michigan,4.0,1,0,observed
26,2022W31,2022-08-06,30,22,mi,Michigan,1.0,1,0,observed
27,2022W32,2022-08-13,31,22,mi,Michigan,3.0,1,0,observed
28,2022W33,2022-08-20,32,22,mi,Michigan,2.0,1,0,observed
29,2022W34,2022-08-27,33,22,mi,Michigan,2.0,1,0,observed
30,2022W35,2022-09-03,34,22,mi,Michigan,1.0,1,0,observed
31,2022W36,2022-09-10,35,22,mi,Michigan,9.0,1,0,observed
32,2022W37,2022-09-17,36,22,mi,Michigan,2.0,1,0,observed
33,2022W38,2022-09-24,37,22,mi,Michigan,7.0,1,0,observed
34,2022W39,2022-10-01,38,22,mi,Michigan,4.0,1,0,observed
35,2022W40,2022-10-08,39,22,mi,Michigan,12.0,1,0,observed
36,2022W41,2022-10-15,40,22,mi,Michigan,15.0,1,0,observed
37,2022W42,2022-10-22,41,22,mi,Michigan,12.0,1,0,observed
38,2022W43,2022-10-29,42,22,mi,Michigan,48.0,1,0,observed
39,2022W44,2022-11-05,43,22,mi,Michigan,55.0,1,0,observed
40,2022W45,2022-11-12,44,22,mi,Michigan,88.0,1,0,observed
41,2022W46,2022-11-19,45,22,mi,Michigan,165.0,1,0,observed
42,2022W47,2022-11-26,46,22,mi,Michigan,290.0,1,0,observed
43,2022W48,2022-12-03,47,22,mi,Michigan,459.0,1,0,observed
44,2022W49,2022-12-10,48,22,mi,Michigan,591.0,1,0,observed
45,2022W50,2022-12-17,49,22,mi,Michigan,894.0,1,0,observed
46,2022W51,2022-12-24,50,22,mi,Michigan,1123.0,1,0,observed
47,2022W52,2022-12-31,51,22,mi,Michigan,1137.0,1,0,observed
48,2023W01,2023-01-07,0,22,mi,Michigan,714.0,1,0,observed
49,2023W02,2023-01-14,1,22,mi,Michigan,320.0,1,0,observed
50,2023W03,2023-01-21,2,22,mi,Michigan,171.0,1,0,observed
51,2023W04,2023-01-28,3,22,mi,Michigan,84.0,1,0,observed
52,2023W05,2023-02-04,4,22,mi,Michigan,87.0,1,0,observed
53,2023W06,2023-02-11,5,22,mi,Michigan,56.0,1,0,observed
54,2023W07,2023-02-18,6,22,mi,Michigan,60.0,1,0,observed
55,2023W08,2023-02-25,7,22,mi,Michigan,54.0,1,0,observed
56,2023W09,2023-03-04,8,22,mi,Michigan,51.0,1,0,observed
57,2023W10,2023-03-11,9,22,mi,Michigan,36.0,1,0,observed
58,2023W11,2023-03-18,10,22,mi,Michigan,33.0,1,0,observed
59,2023W12,2023-03-25,11,22,mi,Michigan,21.0,1,0,observed
60,2023W13,2023-04-01,12,22,mi,Michigan,17.0,1,0,observed
61,2023W14,2023-04-08,13,22,mi,Michigan,25.0,1,0,observed
62,2023W15,2023-04-15,14,22,mi,Michigan,16.0,1,0,observed
63,2023W16,2023-04-22,15,22,mi,Michigan,8.0,1,0,observed
64,2023W17,2023-04-29,16,22,mi,Michigan,7.0,1,0,observed
65,2023W18,2023-05-06,17,22,mi,Michigan,17.0,1,0,observed
66,2023W19,2023-05-13,18,22,mi,Michigan,17.0,1,0,observed
67,2023W20,2023-05-20,19,22,mi,Michigan,13.0,1,0,observed
68,2023W21,2023-05-27,20,22,mi,Michigan,18.0,1,0,observed
69,2023W22,2023-06-03,21,22,mi,Michigan,14.0,1,0,observed
70,2023W23,2023-06-10,22,22,mi,Michigan,14.0,1,0,observed
71,2023W24,2023-06-17,23,22,mi,Michigan,20.0,1,0,observed
72,2023W25,2023-06-24,24,22,mi,Michigan,14.0,1,0,observed
73,2023W26,2023-07-01,25,22,mi,Michigan,9.0,1,0,observed
74,2023W27,2023-07-08,26,22,mi,Michigan,5.0,1,0,observed
75,2023W28,2023-07-15,27,22,mi,Michigan,3.0,1,0,observed
76,2023W29,2023-07-22,28,22,mi,Michigan,3.0,1,0,observed
77,2023W30,2023-07-29,29,22,mi,Michigan,4.0,1,0,observed
78,2023W31,2023-08-05,30,22,mi,Michigan,4.0,1,0,observed
79,2023W32,2023-08-12,31,22,mi,Michigan,11.0,1,0,observed
80,2023W33,2023-08-19,32,22,mi,Michigan,18.0,1,0,observed
81,2023W34,2023-08-26,33,22,mi,Michigan,10.0,1,0,observed
82,2023W35,2023-09-02,34,22,mi,Michigan,12.0,1,0,observed
83,2023W36,2023-09-09,35,22,mi,Michigan,2.0,1,0,observed
84,2023W37,2023-09-16,36,22,mi,Michigan,9.0,1,0,observed
85,2023W38,2023-09-23,37,22,mi,Michigan,17.0,1,0,observed
86,2023W39,2023-09-30,38,22,mi,Michigan,12.0,1,0,observed
87,2023W40,2023-10-07,39,22,mi,Michigan,17.0,1,0,observed
88,2023W41,2023-10-14,40,22,mi,Michigan,20.0,1,0,observed
89,2023W42,2023-10-21,41,22,mi,Michigan,21.0,1,0,observed
90,2023W43,2023-10-28,42,22,mi,Michigan,12.0,1,0,observed
91,2023W44,2023-11-04,43,22,mi,Michigan,34.0,1,0,observed
92,2023W45,2023-11-11,44,22,mi,Michigan,30.0,1,0,observed
93,2023W46,2023-11-18,45,22,mi,Michigan,52.0,1,0,observed
94,2023W47,2023-11-25,46,22,mi,Michigan,88.0,1,0,observed
95,2023W48,2023-12-02,47,22,mi,Michigan,106.0,1,0,observed
96,2023W49,2023-12-09,48,22,mi,Michigan,173.0,1,0,observed
97,2023W50,2023-12-16,49,22,mi,Michigan,247.0,1,0,observed
98,2023W51,2023-12-23,50,22,mi,Michigan,271.0,1,0,observed
99,2023W52,2023-12-30,51,22,mi,Michigan,567.0,1,0,observed
100,2024W01,2024-01-06,0,22,mi,Michigan,497.0,1,0,observed
101,2024W02,2024-01-13,1,22,mi,Michigan,381.0,1,0,observed
102,2024W03,2024-01-20,2,22,mi,Michigan,346.0,1,0,observed
103,2024W04,2024-01-27,3,22,mi,Michigan,388.0,1,0,observed
104,2024W05,2024-02-03,4,22,mi,Michigan,483.0,1,0,observed
105,2024W06,2024-02-10,5,22,mi,Michigan,664.0,1,0,observed
106,2024W07,2024-02-17,6,22,mi,Michigan,770.0,1,0,observed
107,2024W08,2024-02-24,7,22,mi,Michigan,974.0,1,0,observed
108,2024W09,2024-03-02,8,22,mi,Michigan,1017.0,1,0,observed
109,2024W10,2024-03-09,9,22,mi,Michigan,851.0,1,0,observed
110,2024W11,2024-03-16,10,22,mi,Michigan,599.0,1,0,observed
111,2024W12,2024-03-23,11,22,mi,Michigan,530.0,1,0,observed
112,2024W13,2024-03-30,12,22,mi,Michigan,523.0,1,0,observed
113,2024W14,2024-04-06,13,22,mi,Michigan,457.0,1,0,observed
114,2024W15,2024-04-13,14,22,mi,Michigan,334.0,1,0,observed
115,2024W16,2024-04-20,15,22,mi,Michigan,170.0,1,0,observed
116,2024W17,2024-04-27,16,22,mi,Michigan,123.0,1,0,observed
117,2024W18,2024-05-04,17,22,mi,Michigan,83.0,1,0,observed
118,2024W19,2024-05-11,18,22,mi,Michigan,50.0,1,0,observed
119,2024W20,2024-05-18,19,22,mi,Michigan,31.0,1,0,observed
120,2024W21,2024-05-25,20,22,mi,Michigan,29.0,1,0,observed
121,2024W22,2024-06-01,21,22,mi,Michigan,15.0,1,0,observed
122,2024W23,2024-06-08,22,22,mi,Michigan,9.0,1,0,observed
123,2024W24,2024-06-15,23,22,mi,Michigan,9.0,1,0,observed
124,2024W25,2024-06-22,24,22,mi,Michigan,9.0,1,0,observed
125,2024W26,2024-06-29,25,22,mi,Michigan,11.0,1,0,observed
126,2024W27,2024-07-06,26,22,mi,Michigan,7.0,1,0,observed
127,2024W28,2024-07-13,27,22,mi,Michigan,9.0,1,0,observed
128,2024W29,2024-07-20,28,22,mi,Michigan,8.0,1,0,observed
129,2024W30,2024-07-27,29,22,mi,Michigan,7.0,1,0,observed
130,2024W31,2024-08-03,30,22,mi,Michigan,2.0,1,0,observed
131,2024W32,2024-08-10,31,22,mi,Michigan,5.0,1,0,observed
132,2024W33,2024-08-17,32,22,mi,Michigan,9.0,1,0,observed
133,2024W34,2024-08-24,33,22,mi,Michigan,12.0,1,0,observed
134,2024W35,2024-08-31,34,22,mi,Michigan,10.0,1,0,observed
135,2024W36,2024-09-07,35,22,mi,Michigan,9.0,1,0,observed
136,2024W37,2024-09-14,36,22,mi,Michigan,16.0,1,0,observed
137,2024W38,2024-09-21,37,22,mi,Michigan,11.0,1,0,observed
138,2024W39,2024-09-28,38,22,mi,Michigan,9.0,1,0,observed
139,2024W40,2024-10-05,39,22,mi,Michigan,12.0,1,0,observed
140,2024W41,2024-10-12,40,22,mi,Michigan,2.0,1,0,observed
141,2024W42,2024-10-19,41,22,mi,Michigan,6.0,1,0,observed
142,2024W43,2024-10-26,42,22,mi,Michigan,4.0,1,0,observed
143,2024W44,2024-11-02,43,22,mi,Michigan,21.0,1,0,observed
144,2024W45,2024-11-09,44,22,mi,Michigan,48.0,1,0,observed
145,2024W46,2024-11-16,45,22,mi,Michigan,46.0,1,0,observed
146,2024W47,2024-11-23,46,22,mi,Michigan,67.0,1,0,observed
147,2024W48,2024-11-30,47,22,mi,Michigan,65.0,1,0,observed
148,2024W49,2024-12-07,48,22,mi,Michigan,95.0,1,0,observed
149,2024W50,2024-12-14,49,22,mi,Michigan,172.0,1,0,observed
150,2024W51,2024-12-21,50,22,mi,Michigan,296.0,1,0,observed
151,2024W52,2024-12-28,51,22,mi,Michigan,489.0,1,0,observed
152,2025W01,2025-01-04,0,22,mi,Michigan,644.0,1,0,observed
153,2025W02,2025-01-11,1,22,mi,Michigan,758.0,1,0,observed
154,2025W03,2025-01-18,2,22,mi,Michigan,636.0,1,0,observed
155,2025W04,2025-01-25,3,22,mi,Michigan,1013.0,1,0,observed
156,2025W05,2025-02-01,4,22,mi,Michigan,1379.0,1,0,observed
157,2025W06,2025-02-08,5,22,mi,Michigan,1721.0,1,0,observed
158,2025W07,2025-02-15,6,22,mi,Michigan,1800.0,1,0,observed
159,2025W08,2025-02-22,7,22,mi,Michigan,1805.0,1,0,observed
160,2025W09,2025-03-01,8,22,mi,Michigan,1669.0,1,0,observed
161,2025W10,2025-03-08,9,22,mi,Michigan,1264.0,1,0,observed
162,2025W11,2025-03-15,10,22,mi,Michigan,855.0,1,0,observed
163,2025W12,2025-03-22,11,22,mi,Michigan,948.0,1,0,observed
164,2025W13,2025-03-29,12,22,mi,Michigan,636.0,1,0,observed
165,2025W14,2025-04-05,13,22,mi,Michigan,305.0,1,0,observed
166,2025W15,2025-04-12,14,22,mi,Michigan,255.0,1,0,observed
167,2025W16,2025-04-19,15,22,mi,Michigan,196.0,1,0,observed
168,2025W17,2025-04-26,16,22,mi,Michigan,127.0,1,0,observed
169,2025W18,2025-05-03,17,22,mi,Michigan,117.0,1,0,observed
170,2025W19,2025-05-10,18,22,mi,Michigan,93.0,1,0,observed
171,2025W20,2025-05-17,19,22,mi,Michigan,62.0,1,0,observed
172,2025W21,2025-05-24,20,22,mi,Michigan,51.0,1,0,observed
173,2025W22,2025-05-31,21,22,mi,Michigan,52.0,1,0,observed
174,2025W23,2025-06-07,22,22,mi,Michigan,32.0,1,0,observed
175,2025W24,2025-06-14,23,22,mi,Michigan,34.0,1,0,observed
176,2025W25,2025-06-21,24,22,mi,Michigan,30.0,1,0,observed
177,2025W26,2025-06-28,25,22,mi,Michigan,32.0,1,0,observed
178,2025W27,2025-07-05,26,22,mi,Michigan,19.0,1,0,observed
179,2025W28,2025-07-12,27,22,mi,Michigan,19.0,1,0,observed
180,2025W29,2025-07-19,28,22,mi,Michigan,16.0,1,0,observed
181,2025W30,2025-07-26,29,22,mi,Michigan,21.0,1,0,observed
182,2025W31,2025-08-02,30,22,mi,Michigan,17.0,1,0,observed
183,2025W32,2025-08-09,31,22,mi,Michigan,16.0,1,0,observed
184,2025W33,2025-08-16,32,22,mi,Michigan,25.0,1,0,observed
185,2025W34,2025-08-23,33,22,mi,Michigan,28.0,1,0,observed
186,2025W35,2025-08-30,34,22,mi,Michigan,29.0,1,0,observed
187,2025W36,2025-09-06,35,22,mi,Michigan,26.0,1,0,observed
188,2025W37,2025-09-13,36,22,mi,Michigan,29.0,1,0,observed
189,2025W38,2025-09-20,37,22,mi,Michigan,20.0,1,0,observed
190,2025W39,2025-09-27,38,22,mi,Michigan,22.0,1,0,observed
191,2025W40,2025-10-04,39,22,mi,Michigan,14.0,1,0,observed
192,2025W41,2025-10-11,40,22,mi,Michigan,15.0,1,0,observed
193,2025W42,2025-10-18,41,22,mi,Michigan,17.0,1,0,observed
194,2025W43,2025-10-25,42,22,mi,Michigan,17.0,1,0,observed
195,2025W44,2025-11-01,43,22,mi,Michigan,12.0,1,0,observed
196,2025W45,2025-11-08,44,22,mi,Michigan,27.0,1,0,observed
197,2025W46,2025-11-15,45,22,mi,Michigan,44.0,1,0,observed
198,2025W47,2025-11-22,46,22,mi,Michigan,53.0,1,0,observed
199,2025W48,2025-11-29,47,22,mi,Michigan,76.0,1,0,observed
200,2025W49,2025-12-06,48,22,mi,Michigan,95.0,1,0,observed
201,2025W50,2025-12-13,49,22,mi,Michigan,214.0,1,0,observed
202,2025W51,2025-12-20,50,22,mi,Michigan,471.0,1,0,observed
203,2025W52,2025-12-27,51,22,mi,Michigan,929.0,1,0,observed
204,2026W01,2026-01-03,0,22,mi,Michigan,1266.0,1,0,observed
205,2026W02,2026-01-10,1,22,mi,Michigan,931.0,1,0,observed
206,2026W03,2026-01-17,2,22,mi,Michigan,534.0,1,0,observed
207,2026W04,2026-01-24,3,22,mi,Michigan,413.0,1,0,observed
208,2026W05,2026-01-31,4,22,mi,Michigan,332.0,1,0,observed
209,2026W06,2026-02-07,5,22,mi,Michigan,303.0,1,0,observed
210,2026W07,2026-02-14,6,22,mi,Michigan,283.0,1,0,observed
211,2026W08,2026-02-21,7,22,mi,Michigan,341.0,1,0,observed
212,2026W09,2026-02-28,8,22,mi,Michigan,292.0,1,0,observed
213,2026W10,2026-03-07,9,22,mi,Michigan,247.0,1,0,observed
214,2026W11,2026-03-14,10,22,mi,Michigan,217.0,1,0,observed
215,2026W12,2026-03-21,11,22,mi,Michigan,165.0,1,0,observed
216,2026W13,2026-03-28,12,22,mi,Michigan,96.0,1,0,observed
217,2026W14,2026-04-04,13,22,mi,Michigan,78.0,1,0,observed
218,2026W15,2026-04-11,14,22,mi,Michigan,72.0,1,0,observed
219,2026W16,2026-04-18,15,22,mi,Michigan,51.0,1,0,observed
0,2022W05,2022-02-05,4,23,mn,Minnesota,18.0,1,0,observed
1,2022W06,2022-02-12,5,23,mn,Minnesota,20.0,1,0,observed
2,2022W07,2022-02-19,6,23,mn,Minnesota,30.0,1,0,observed
3,2022W08,2022-02-26,7,23,mn,Minnesota,19.0,1,0,observed
4,2022W09,2022-03-05,8,23,mn,Minnesota,28.0,1,0,observed
5,2022W10,2022-03-12,9,23,mn,Minnesota,35.0,1,0,observed
6,2022W11,2022-03-19,10,23,mn,Minnesota,29.0,1,0,observed
7,2022W12,2022-03-26,11,23,mn,Minnesota,37.0,1,0,observed
8,2022W13,2022-04-02,12,23,mn,Minnesota,33.0,1,0,observed
9,2022W14,2022-04-09,13,23,mn,Minnesota,28.0,1,0,observed
10,2022W15,2022-04-16,14,23,mn,Minnesota,27.0,1,0,observed
11,2022W16,2022-04-23,15,23,mn,Minnesota,33.0,1,0,observed
12,2022W17,2022-04-30,16,23,mn,Minnesota,29.0,1,0,observed
13,2022W18,2022-05-07,17,23,mn,Minnesota,32.0,1,0,observed
14,2022W19,2022-05-14,18,23,mn,Minnesota,17.0,1,0,observed
15,2022W20,2022-05-21,19,23,mn,Minnesota,13.0,1,0,observed
16,2022W21,2022-05-28,20,23,mn,Minnesota,12.0,1,0,observed
17,2022W22,2022-06-04,21,23,mn,Minnesota,6.0,1,0,observed
18,2022W23,2022-06-11,22,23,mn,Minnesota,4.0,1,0,observed
19,2022W24,2022-06-18,23,23,mn,Minnesota,10.0,1,0,observed
20,2022W25,2022-06-25,24,23,mn,Minnesota,0.0,1,0,observed
21,2022W26,2022-07-02,25,23,mn,Minnesota,1.0,1,0,observed
22,2022W27,2022-07-09,26,23,mn,Minnesota,2.0,1,0,observed
23,2022W28,2022-07-16,27,23,mn,Minnesota,2.0,1,0,observed
24,2022W29,2022-07-23,28,23,mn,Minnesota,3.0,1,0,observed
25,2022W30,2022-07-30,29,23,mn,Minnesota,3.0,1,0,observed
26,2022W31,2022-08-06,30,23,mn,Minnesota,2.0,1,0,observed
27,2022W32,2022-08-13,31,23,mn,Minnesota,5.0,1,0,observed
28,2022W33,2022-08-20,32,23,mn,Minnesota,0.0,1,0,observed
29,2022W34,2022-08-27,33,23,mn,Minnesota,1.0,1,0,observed
30,2022W35,2022-09-03,34,23,mn,Minnesota,1.0,1,0,observed
31,2022W36,2022-09-10,35,23,mn,Minnesota,1.0,1,0,observed
32,2022W37,2022-09-17,36,23,mn,Minnesota,0.0,1,0,observed
33,2022W38,2022-09-24,37,23,mn,Minnesota,2.0,1,0,observed
34,2022W39,2022-10-01,38,23,mn,Minnesota,2.0,1,0,observed
35,2022W40,2022-10-08,39,23,mn,Minnesota,12.0,1,0,observed
36,2022W41,2022-10-15,40,23,mn,Minnesota,3.0,1,0,observed
37,2022W42,2022-10-22,41,23,mn,Minnesota,14.0,1,0,observed
38,2022W43,2022-10-29,42,23,mn,Minnesota,36.0,1,0,observed
39,2022W44,2022-11-05,43,23,mn,Minnesota,83.0,1,0,observed
40,2022W45,2022-11-12,44,23,mn,Minnesota,163.0,1,0,observed
41,2022W46,2022-11-19,45,23,mn,Minnesota,243.0,1,0,observed
42,2022W47,2022-11-26,46,23,mn,Minnesota,381.0,1,0,observed
43,2022W48,2022-12-03,47,23,mn,Minnesota,443.0,1,0,observed
44,2022W49,2022-12-10,48,23,mn,Minnesota,345.0,1,0,observed
45,2022W50,2022-12-17,49,23,mn,Minnesota,247.0,1,0,observed
46,2022W51,2022-12-24,50,23,mn,Minnesota,162.0,1,0,observed
47,2022W52,2022-12-31,51,23,mn,Minnesota,176.0,1,0,observed
48,2023W01,2023-01-07,0,23,mn,Minnesota,80.0,1,0,observed
49,2023W02,2023-01-14,1,23,mn,Minnesota,47.0,1,0,observed
50,2023W03,2023-01-21,2,23,mn,Minnesota,29.0,1,0,observed
51,2023W04,2023-01-28,3,23,mn,Minnesota,18.0,1,0,observed
52,2023W05,2023-02-04,4,23,mn,Minnesota,16.0,1,0,observed
53,2023W06,2023-02-11,5,23,mn,Minnesota,7.0,1,0,observed
54,2023W07,2023-02-18,6,23,mn,Minnesota,9.0,1,0,observed
55,2023W08,2023-02-25,7,23,mn,Minnesota,6.0,1,0,observed
56,2023W09,2023-03-04,8,23,mn,Minnesota,7.0,1,0,observed
57,2023W10,2023-03-11,9,23,mn,Minnesota,5.0,1,0,observed
58,2023W11,2023-03-18,10,23,mn,Minnesota,6.0,1,0,observed
59,2023W12,2023-03-25,11,23,mn,Minnesota,4.0,1,0,observed
60,2023W13,2023-04-01,12,23,mn,Minnesota,10.0,1,0,observed
61,2023W14,2023-04-08,13,23,mn,Minnesota,12.0,1,0,observed
62,2023W15,2023-04-15,14,23,mn,Minnesota,12.0,1,0,observed
63,2023W16,2023-04-22,15,23,mn,Minnesota,8.0,1,0,observed
64,2023W17,2023-04-29,16,23,mn,Minnesota,12.0,1,0,observed
65,2023W18,2023-05-06,17,23,mn,Minnesota,19.0,1,0,observed
66,2023W19,2023-05-13,18,23,mn,Minnesota,13.0,1,0,observed
67,2023W20,2023-05-20,19,23,mn,Minnesota,8.0,1,0,observed
68,2023W21,2023-05-27,20,23,mn,Minnesota,3.0,1,0,observed
69,2023W22,2023-06-03,21,23,mn,Minnesota,1.0,1,0,observed
70,2023W23,2023-06-10,22,23,mn,Minnesota,5.0,1,0,observed
71,2023W24,2023-06-17,23,23,mn,Minnesota,8.0,1,0,observed
72,2023W25,2023-06-24,24,23,mn,Minnesota,2.0,1,0,observed
73,2023W26,2023-07-01,25,23,mn,Minnesota,0.0,1,0,observed
74,2023W27,2023-07-08,26,23,mn,Minnesota,1.0,1,0,observed
75,2023W28,2023-07-15,27,23,mn,Minnesota,0.0,1,0,observed
76,2023W29,2023-07-22,28,23,mn,Minnesota,0.0,1,0,observed
77,2023W30,2023-07-29,29,23,mn,Minnesota,3.0,1,0,observed
78,2023W31,2023-08-05,30,23,mn,Minnesota,2.0,1,0,observed
79,2023W32,2023-08-12,31,23,mn,Minnesota,0.0,1,0,observed
80,2023W33,2023-08-19,32,23,mn,Minnesota,0.0,1,0,observed
81,2023W34,2023-08-26,33,23,mn,Minnesota,3.0,1,0,observed
82,2023W35,2023-09-02,34,23,mn,Minnesota,0.0,1,0,observed
83,2023W36,2023-09-09,35,23,mn,Minnesota,0.0,1,0,observed
84,2023W37,2023-09-16,36,23,mn,Minnesota,1.0,1,0,observed
85,2023W38,2023-09-23,37,23,mn,Minnesota,3.0,1,0,observed
86,2023W39,2023-09-30,38,23,mn,Minnesota,2.0,1,0,observed
87,2023W40,2023-10-07,39,23,mn,Minnesota,3.0,1,0,observed
88,2023W41,2023-10-14,40,23,mn,Minnesota,6.0,1,0,observed
89,2023W42,2023-10-21,41,23,mn,Minnesota,4.0,1,0,observed
90,2023W43,2023-10-28,42,23,mn,Minnesota,4.0,1,0,observed
91,2023W44,2023-11-04,43,23,mn,Minnesota,9.0,1,0,observed
92,2023W45,2023-11-11,44,23,mn,Minnesota,18.0,1,0,observed
93,2023W46,2023-11-18,45,23,mn,Minnesota,15.0,1,0,observed
94,2023W47,2023-11-25,46,23,mn,Minnesota,24.0,1,0,observed
95,2023W48,2023-12-02,47,23,mn,Minnesota,34.0,1,0,observed
96,2023W49,2023-12-09,48,23,mn,Minnesota,48.0,1,0,observed
97,2023W50,2023-12-16,49,23,mn,Minnesota,78.0,1,0,observed
98,2023W51,2023-12-23,50,23,mn,Minnesota,110.0,1,0,observed
99,2023W52,2023-12-30,51,23,mn,Minnesota,189.0,1,0,observed
100,2024W01,2024-01-06,0,23,mn,Minnesota,168.0,1,0,observed
101,2024W02,2024-01-13,1,23,mn,Minnesota,161.0,1,0,observed
102,2024W03,2024-01-20,2,23,mn,Minnesota,123.0,1,0,observed
103,2024W04,2024-01-27,3,23,mn,Minnesota,144.0,1,0,observed
104,2024W05,2024-02-03,4,23,mn,Minnesota,150.0,1,0,observed
105,2024W06,2024-02-10,5,23,mn,Minnesota,164.0,1,0,observed
106,2024W07,2024-02-17,6,23,mn,Minnesota,173.0,1,0,observed
107,2024W08,2024-02-24,7,23,mn,Minnesota,158.0,1,0,observed
108,2024W09,2024-03-02,8,23,mn,Minnesota,182.0,1,0,observed
109,2024W10,2024-03-09,9,23,mn,Minnesota,174.0,1,0,observed
110,2024W11,2024-03-16,10,23,mn,Minnesota,164.0,1,0,observed
111,2024W12,2024-03-23,11,23,mn,Minnesota,133.0,1,0,observed
112,2024W13,2024-03-30,12,23,mn,Minnesota,124.0,1,0,observed
113,2024W14,2024-04-06,13,23,mn,Minnesota,111.0,1,0,observed
114,2024W15,2024-04-13,14,23,mn,Minnesota,79.0,1,0,observed
115,2024W16,2024-04-20,15,23,mn,Minnesota,53.0,1,0,observed
116,2024W17,2024-04-27,16,23,mn,Minnesota,39.0,1,0,observed
117,2024W18,2024-05-04,17,23,mn,Minnesota,18.0,1,0,observed
118,2024W19,2024-05-11,18,23,mn,Minnesota,0.0,1,0,observed
119,2024W20,2024-05-18,19,23,mn,Minnesota,0.0,0,1,forward_fill
120,2024W21,2024-05-25,20,23,mn,Minnesota,0.0,0,1,forward_fill
121,2024W22,2024-06-01,21,23,mn,Minnesota,0.0,0,1,forward_fill
122,2024W23,2024-06-08,22,23,mn,Minnesota,0.0,0,1,forward_fill
123,2024W24,2024-06-15,23,23,mn,Minnesota,0.0,0,1,forward_fill
124,2024W25,2024-06-22,24,23,mn,Minnesota,0.0,0,1,forward_fill
125,2024W26,2024-06-29,25,23,mn,Minnesota,0.0,1,0,observed
126,2024W27,2024-07-06,26,23,mn,Minnesota,0.0,1,0,observed
127,2024W28,2024-07-13,27,23,mn,Minnesota,0.0,1,0,observed
128,2024W29,2024-07-20,28,23,mn,Minnesota,0.0,1,0,observed
129,2024W30,2024-07-27,29,23,mn,Minnesota,0.0,0,1,forward_fill
130,2024W31,2024-08-03,30,23,mn,Minnesota,0.0,0,1,forward_fill
131,2024W32,2024-08-10,31,23,mn,Minnesota,0.0,0,1,forward_fill
132,2024W33,2024-08-17,32,23,mn,Minnesota,0.0,0,1,forward_fill
133,2024W34,2024-08-24,33,23,mn,Minnesota,0.0,0,1,forward_fill
134,2024W35,2024-08-31,34,23,mn,Minnesota,0.0,0,1,forward_fill
135,2024W36,2024-09-07,35,23,mn,Minnesota,0.0,1,0,observed
136,2024W37,2024-09-14,36,23,mn,Minnesota,0.0,1,0,observed
137,2024W38,2024-09-21,37,23,mn,Minnesota,0.0,0,1,forward_fill
138,2024W39,2024-09-28,38,23,mn,Minnesota,0.0,1,0,observed
139,2024W40,2024-10-05,39,23,mn,Minnesota,0.0,0,1,forward_fill
140,2024W41,2024-10-12,40,23,mn,Minnesota,0.0,1,0,observed
141,2024W42,2024-10-19,41,23,mn,Minnesota,88.0,1,0,observed
142,2024W43,2024-10-26,42,23,mn,Minnesota,0.0,1,0,observed
143,2024W44,2024-11-02,43,23,mn,Minnesota,4.0,1,0,observed
144,2024W45,2024-11-09,44,23,mn,Minnesota,18.0,1,0,observed
145,2024W46,2024-11-16,45,23,mn,Minnesota,8.0,1,0,observed
146,2024W47,2024-11-23,46,23,mn,Minnesota,11.0,1,0,observed
147,2024W48,2024-11-30,47,23,mn,Minnesota,18.0,1,0,observed
148,2024W49,2024-12-07,48,23,mn,Minnesota,40.0,1,0,observed
149,2024W50,2024-12-14,49,23,mn,Minnesota,91.0,1,0,observed
150,2024W51,2024-12-21,50,23,mn,Minnesota,227.0,1,0,observed
151,2024W52,2024-12-28,51,23,mn,Minnesota,543.0,1,0,observed
152,2025W01,2025-01-04,0,23,mn,Minnesota,942.0,1,0,observed
153,2025W02,2025-01-11,1,23,mn,Minnesota,893.0,1,0,observed
154,2025W03,2025-01-18,2,23,mn,Minnesota,923.0,1,0,observed
155,2025W04,2025-01-25,3,23,mn,Minnesota,925.0,1,0,observed
156,2025W05,2025-02-01,4,23,mn,Minnesota,881.0,1,0,observed
157,2025W06,2025-02-08,5,23,mn,Minnesota,716.0,1,0,observed
158,2025W07,2025-02-15,6,23,mn,Minnesota,507.0,1,0,observed
159,2025W08,2025-02-22,7,23,mn,Minnesota,397.0,1,0,observed
160,2025W09,2025-03-01,8,23,mn,Minnesota,296.0,1,0,observed
161,2025W10,2025-03-08,9,23,mn,Minnesota,213.0,1,0,observed
162,2025W11,2025-03-15,10,23,mn,Minnesota,176.0,1,0,observed
163,2025W12,2025-03-22,11,23,mn,Minnesota,197.0,1,0,observed
164,2025W13,2025-03-29,12,23,mn,Minnesota,83.0,1,0,observed
165,2025W14,2025-04-05,13,23,mn,Minnesota,68.0,1,0,observed
166,2025W15,2025-04-12,14,23,mn,Minnesota,59.0,1,0,observed
167,2025W16,2025-04-19,15,23,mn,Minnesota,38.0,1,0,observed
168,2025W17,2025-04-26,16,23,mn,Minnesota,26.0,1,0,observed
169,2025W18,2025-05-03,17,23,mn,Minnesota,31.0,1,0,observed
170,2025W19,2025-05-10,18,23,mn,Minnesota,23.0,1,0,observed
171,2025W20,2025-05-17,19,23,mn,Minnesota,8.0,1,0,observed
172,2025W21,2025-05-24,20,23,mn,Minnesota,9.0,1,0,observed
173,2025W22,2025-05-31,21,23,mn,Minnesota,13.0,1,0,observed
174,2025W23,2025-06-07,22,23,mn,Minnesota,6.0,1,0,observed
175,2025W24,2025-06-14,23,23,mn,Minnesota,12.0,1,0,observed
176,2025W25,2025-06-21,24,23,mn,Minnesota,7.0,1,0,observed
177,2025W26,2025-06-28,25,23,mn,Minnesota,4.0,1,0,observed
178,2025W27,2025-07-05,26,23,mn,Minnesota,7.0,1,0,observed
179,2025W28,2025-07-12,27,23,mn,Minnesota,7.0,1,0,observed
180,2025W29,2025-07-19,28,23,mn,Minnesota,4.0,1,0,observed
181,2025W30,2025-07-26,29,23,mn,Minnesota,4.0,1,0,observed
182,2025W31,2025-08-02,30,23,mn,Minnesota,4.0,1,0,observed
183,2025W32,2025-08-09,31,23,mn,Minnesota,1.0,1,0,observed
184,2025W33,2025-08-16,32,23,mn,Minnesota,0.0,1,0,observed
185,2025W34,2025-08-23,33,23,mn,Minnesota,2.0,1,0,observed
186,2025W35,2025-08-30,34,23,mn,Minnesota,3.0,1,0,observed
187,2025W36,2025-09-06,35,23,mn,Minnesota,2.0,1,0,observed
188,2025W37,2025-09-13,36,23,mn,Minnesota,6.0,1,0,observed
189,2025W38,2025-09-20,37,23,mn,Minnesota,4.0,1,0,observed
190,2025W39,2025-09-27,38,23,mn,Minnesota,2.0,1,0,observed
191,2025W40,2025-10-04,39,23,mn,Minnesota,0.0,1,0,observed
192,2025W41,2025-10-11,40,23,mn,Minnesota,7.0,1,0,observed
193,2025W42,2025-10-18,41,23,mn,Minnesota,1.0,1,0,observed
194,2025W43,2025-10-25,42,23,mn,Minnesota,5.0,1,0,observed
195,2025W44,2025-11-01,43,23,mn,Minnesota,4.0,1,0,observed
196,2025W45,2025-11-08,44,23,mn,Minnesota,9.0,1,0,observed
197,2025W46,2025-11-15,45,23,mn,Minnesota,17.0,1,0,observed
198,2025W47,2025-11-22,46,23,mn,Minnesota,34.0,1,0,observed
199,2025W48,2025-11-29,47,23,mn,Minnesota,74.0,1,0,observed
200,2025W49,2025-12-06,48,23,mn,Minnesota,105.0,1,0,observed
201,2025W50,2025-12-13,49,23,mn,Minnesota,257.0,1,0,observed
202,2025W51,2025-12-20,50,23,mn,Minnesota,542.0,1,0,observed
203,2025W52,2025-12-27,51,23,mn,Minnesota,944.0,1,0,observed
204,2026W01,2026-01-03,0,23,mn,Minnesota,1063.0,1,0,observed
205,2026W02,2026-01-10,1,23,mn,Minnesota,705.0,1,0,observed
206,2026W03,2026-01-17,2,23,mn,Minnesota,415.0,1,0,observed
207,2026W04,2026-01-24,3,23,mn,Minnesota,329.0,1,0,observed
208,2026W05,2026-01-31,4,23,mn,Minnesota,211.0,1,0,observed
209,2026W06,2026-02-07,5,23,mn,Minnesota,183.0,1,0,observed
210,2026W07,2026-02-14,6,23,mn,Minnesota,200.0,1,0,observed
211,2026W08,2026-02-21,7,23,mn,Minnesota,196.0,1,0,observed
212,2026W09,2026-02-28,8,23,mn,Minnesota,136.0,1,0,observed
213,2026W10,2026-03-07,9,23,mn,Minnesota,157.0,1,0,observed
214,2026W11,2026-03-14,10,23,mn,Minnesota,130.0,1,0,observed
215,2026W12,2026-03-21,11,23,mn,Minnesota,114.0,1,0,observed
216,2026W13,2026-03-28,12,23,mn,Minnesota,36.0,1,0,observed
217,2026W14,2026-04-04,13,23,mn,Minnesota,33.0,1,0,observed
218,2026W15,2026-04-11,14,23,mn,Minnesota,25.0,1,0,observed
219,2026W16,2026-04-18,15,23,mn,Minnesota,23.0,1,0,observed
0,2022W05,2022-02-05,4,24,ms,Mississippi,21.0,1,0,observed
1,2022W06,2022-02-12,5,24,ms,Mississippi,21.0,1,0,observed
2,2022W07,2022-02-19,6,24,ms,Mississippi,25.0,1,0,observed
3,2022W08,2022-02-26,7,24,ms,Mississippi,27.0,1,0,observed
4,2022W09,2022-03-05,8,24,ms,Mississippi,34.0,1,0,observed
5,2022W10,2022-03-12,9,24,ms,Mississippi,33.0,1,0,observed
6,2022W11,2022-03-19,10,24,ms,Mississippi,31.0,1,0,observed
7,2022W12,2022-03-26,11,24,ms,Mississippi,48.0,1,0,observed
8,2022W13,2022-04-02,12,24,ms,Mississippi,25.0,1,0,observed
9,2022W14,2022-04-09,13,24,ms,Mississippi,32.0,1,0,observed
10,2022W15,2022-04-16,14,24,ms,Mississippi,22.0,1,0,observed
11,2022W16,2022-04-23,15,24,ms,Mississippi,16.0,1,0,observed
12,2022W17,2022-04-30,16,24,ms,Mississippi,26.0,1,0,observed
13,2022W18,2022-05-07,17,24,ms,Mississippi,22.0,1,0,observed
14,2022W19,2022-05-14,18,24,ms,Mississippi,25.0,1,0,observed
15,2022W20,2022-05-21,19,24,ms,Mississippi,31.0,1,0,observed
16,2022W21,2022-05-28,20,24,ms,Mississippi,20.0,1,0,observed
17,2022W22,2022-06-04,21,24,ms,Mississippi,23.0,1,0,observed
18,2022W23,2022-06-11,22,24,ms,Mississippi,14.0,1,0,observed
19,2022W24,2022-06-18,23,24,ms,Mississippi,13.0,1,0,observed
20,2022W25,2022-06-25,24,24,ms,Mississippi,23.0,1,0,observed
21,2022W26,2022-07-02,25,24,ms,Mississippi,17.0,1,0,observed
22,2022W27,2022-07-09,26,24,ms,Mississippi,21.0,1,0,observed
23,2022W28,2022-07-16,27,24,ms,Mississippi,20.0,1,0,observed
24,2022W29,2022-07-23,28,24,ms,Mississippi,23.0,1,0,observed
25,2022W30,2022-07-30,29,24,ms,Mississippi,18.0,1,0,observed
26,2022W31,2022-08-06,30,24,ms,Mississippi,19.0,1,0,observed
27,2022W32,2022-08-13,31,24,ms,Mississippi,14.0,1,0,observed
28,2022W33,2022-08-20,32,24,ms,Mississippi,13.0,1,0,observed
29,2022W34,2022-08-27,33,24,ms,Mississippi,13.0,1,0,observed
30,2022W35,2022-09-03,34,24,ms,Mississippi,21.0,1,0,observed
31,2022W36,2022-09-10,35,24,ms,Mississippi,18.0,1,0,observed
32,2022W37,2022-09-17,36,24,ms,Mississippi,36.0,1,0,observed
33,2022W38,2022-09-24,37,24,ms,Mississippi,20.0,1,0,observed
34,2022W39,2022-10-01,38,24,ms,Mississippi,29.0,1,0,observed
35,2022W40,2022-10-08,39,24,ms,Mississippi,60.0,1,0,observed
36,2022W41,2022-10-15,40,24,ms,Mississippi,67.0,1,0,observed
37,2022W42,2022-10-22,41,24,ms,Mississippi,88.0,1,0,observed
38,2022W43,2022-10-29,42,24,ms,Mississippi,148.0,1,0,observed
39,2022W44,2022-11-05,43,24,ms,Mississippi,260.0,1,0,observed
40,2022W45,2022-11-12,44,24,ms,Mississippi,244.0,1,0,observed
41,2022W46,2022-11-19,45,24,ms,Mississippi,250.0,1,0,observed
42,2022W47,2022-11-26,46,24,ms,Mississippi,272.0,1,0,observed
43,2022W48,2022-12-03,47,24,ms,Mississippi,268.0,1,0,observed
44,2022W49,2022-12-10,48,24,ms,Mississippi,179.0,1,0,observed
45,2022W50,2022-12-17,49,24,ms,Mississippi,142.0,1,0,observed
46,2022W51,2022-12-24,50,24,ms,Mississippi,86.0,1,0,observed
47,2022W52,2022-12-31,51,24,ms,Mississippi,120.0,1,0,observed
48,2023W01,2023-01-07,0,24,ms,Mississippi,88.0,1,0,observed
49,2023W02,2023-01-14,1,24,ms,Mississippi,57.0,1,0,observed
50,2023W03,2023-01-21,2,24,ms,Mississippi,52.0,1,0,observed
51,2023W04,2023-01-28,3,24,ms,Mississippi,35.0,1,0,observed
52,2023W05,2023-02-04,4,24,ms,Mississippi,29.0,1,0,observed
53,2023W06,2023-02-11,5,24,ms,Mississippi,21.0,1,0,observed
54,2023W07,2023-02-18,6,24,ms,Mississippi,28.0,1,0,observed
55,2023W08,2023-02-25,7,24,ms,Mississippi,32.0,1,0,observed
56,2023W09,2023-03-04,8,24,ms,Mississippi,34.0,1,0,observed
57,2023W10,2023-03-11,9,24,ms,Mississippi,32.0,1,0,observed
58,2023W11,2023-03-18,10,24,ms,Mississippi,22.0,1,0,observed
59,2023W12,2023-03-25,11,24,ms,Mississippi,16.0,1,0,observed
60,2023W13,2023-04-01,12,24,ms,Mississippi,19.0,1,0,observed
61,2023W14,2023-04-08,13,24,ms,Mississippi,26.0,1,0,observed
62,2023W15,2023-04-15,14,24,ms,Mississippi,16.0,1,0,observed
63,2023W16,2023-04-22,15,24,ms,Mississippi,33.0,1,0,observed
64,2023W17,2023-04-29,16,24,ms,Mississippi,16.0,1,0,observed
65,2023W18,2023-05-06,17,24,ms,Mississippi,21.0,1,0,observed
66,2023W19,2023-05-13,18,24,ms,Mississippi,24.0,1,0,observed
67,2023W20,2023-05-20,19,24,ms,Mississippi,22.0,1,0,observed
68,2023W21,2023-05-27,20,24,ms,Mississippi,20.0,1,0,observed
69,2023W22,2023-06-03,21,24,ms,Mississippi,10.0,1,0,observed
70,2023W23,2023-06-10,22,24,ms,Mississippi,17.0,1,0,observed
71,2023W24,2023-06-17,23,24,ms,Mississippi,14.0,1,0,observed
72,2023W25,2023-06-24,24,24,ms,Mississippi,13.0,1,0,observed
73,2023W26,2023-07-01,25,24,ms,Mississippi,15.0,1,0,observed
74,2023W27,2023-07-08,26,24,ms,Mississippi,14.0,1,0,observed
75,2023W28,2023-07-15,27,24,ms,Mississippi,14.0,1,0,observed
76,2023W29,2023-07-22,28,24,ms,Mississippi,10.0,1,0,observed
77,2023W30,2023-07-29,29,24,ms,Mississippi,17.0,1,0,observed
78,2023W31,2023-08-05,30,24,ms,Mississippi,9.0,1,0,observed
79,2023W32,2023-08-12,31,24,ms,Mississippi,27.0,1,0,observed
80,2023W33,2023-08-19,32,24,ms,Mississippi,34.0,1,0,observed
81,2023W34,2023-08-26,33,24,ms,Mississippi,40.0,1,0,observed
82,2023W35,2023-09-02,34,24,ms,Mississippi,43.0,1,0,observed
83,2023W36,2023-09-09,35,24,ms,Mississippi,19.0,1,0,observed
84,2023W37,2023-09-16,36,24,ms,Mississippi,23.0,1,0,observed
85,2023W38,2023-09-23,37,24,ms,Mississippi,16.0,1,0,observed
86,2023W39,2023-09-30,38,24,ms,Mississippi,20.0,1,0,observed
87,2023W40,2023-10-07,39,24,ms,Mississippi,29.0,1,0,observed
88,2023W41,2023-10-14,40,24,ms,Mississippi,22.0,1,0,observed
89,2023W42,2023-10-21,41,24,ms,Mississippi,20.0,1,0,observed
90,2023W43,2023-10-28,42,24,ms,Mississippi,17.0,1,0,observed
91,2023W44,2023-11-04,43,24,ms,Mississippi,30.0,1,0,observed
92,2023W45,2023-11-11,44,24,ms,Mississippi,38.0,1,0,observed
93,2023W46,2023-11-18,45,24,ms,Mississippi,46.0,1,0,observed
94,2023W47,2023-11-25,46,24,ms,Mississippi,47.0,1,0,observed
95,2023W48,2023-12-02,47,24,ms,Mississippi,77.0,1,0,observed
96,2023W49,2023-12-09,48,24,ms,Mississippi,71.0,1,0,observed
97,2023W50,2023-12-16,49,24,ms,Mississippi,96.0,1,0,observed
98,2023W51,2023-12-23,50,24,ms,Mississippi,200.0,1,0,observed
99,2023W52,2023-12-30,51,24,ms,Mississippi,297.0,1,0,observed
100,2024W01,2024-01-06,0,24,ms,Mississippi,263.0,1,0,observed
101,2024W02,2024-01-13,1,24,ms,Mississippi,230.0,1,0,observed
102,2024W03,2024-01-20,2,24,ms,Mississippi,158.0,1,0,observed
103,2024W04,2024-01-27,3,24,ms,Mississippi,161.0,1,0,observed
104,2024W05,2024-02-03,4,24,ms,Mississippi,111.0,1,0,observed
105,2024W06,2024-02-10,5,24,ms,Mississippi,86.0,1,0,observed
106,2024W07,2024-02-17,6,24,ms,Mississippi,94.0,1,0,observed
107,2024W08,2024-02-24,7,24,ms,Mississippi,55.0,1,0,observed
108,2024W09,2024-03-02,8,24,ms,Mississippi,67.0,1,0,observed
109,2024W10,2024-03-09,9,24,ms,Mississippi,61.0,1,0,observed
110,2024W11,2024-03-16,10,24,ms,Mississippi,55.0,1,0,observed
111,2024W12,2024-03-23,11,24,ms,Mississippi,45.0,1,0,observed
112,2024W13,2024-03-30,12,24,ms,Mississippi,47.0,1,0,observed
113,2024W14,2024-04-06,13,24,ms,Mississippi,53.0,1,0,observed
114,2024W15,2024-04-13,14,24,ms,Mississippi,38.0,1,0,observed
115,2024W16,2024-04-20,15,24,ms,Mississippi,25.0,1,0,observed
116,2024W17,2024-04-27,16,24,ms,Mississippi,21.0,1,0,observed
117,2024W18,2024-05-04,17,24,ms,Mississippi,20.0,1,0,observed
118,2024W19,2024-05-11,18,24,ms,Mississippi,14.0,1,0,observed
119,2024W20,2024-05-18,19,24,ms,Mississippi,22.0,1,0,observed
120,2024W21,2024-05-25,20,24,ms,Mississippi,8.0,1,0,observed
121,2024W22,2024-06-01,21,24,ms,Mississippi,13.0,1,0,observed
122,2024W23,2024-06-08,22,24,ms,Mississippi,11.0,1,0,observed
123,2024W24,2024-06-15,23,24,ms,Mississippi,13.0,1,0,observed
124,2024W25,2024-06-22,24,24,ms,Mississippi,16.0,1,0,observed
125,2024W26,2024-06-29,25,24,ms,Mississippi,6.0,1,0,observed
126,2024W27,2024-07-06,26,24,ms,Mississippi,3.0,1,0,observed
127,2024W28,2024-07-13,27,24,ms,Mississippi,6.0,1,0,observed
128,2024W29,2024-07-20,28,24,ms,Mississippi,7.0,1,0,observed
129,2024W30,2024-07-27,29,24,ms,Mississippi,12.0,1,0,observed
130,2024W31,2024-08-03,30,24,ms,Mississippi,14.0,1,0,observed
131,2024W32,2024-08-10,31,24,ms,Mississippi,16.0,1,0,observed
132,2024W33,2024-08-17,32,24,ms,Mississippi,7.0,1,0,observed
133,2024W34,2024-08-24,33,24,ms,Mississippi,8.0,1,0,observed
134,2024W35,2024-08-31,34,24,ms,Mississippi,15.0,1,0,observed
135,2024W36,2024-09-07,35,24,ms,Mississippi,9.0,1,0,observed
136,2024W37,2024-09-14,36,24,ms,Mississippi,19.0,1,0,observed
137,2024W38,2024-09-21,37,24,ms,Mississippi,16.0,1,0,observed
138,2024W39,2024-09-28,38,24,ms,Mississippi,7.0,1,0,observed
139,2024W40,2024-10-05,39,24,ms,Mississippi,10.0,1,0,observed
140,2024W41,2024-10-12,40,24,ms,Mississippi,0.0,1,0,observed
141,2024W42,2024-10-19,41,24,ms,Mississippi,4.0,1,0,observed
142,2024W43,2024-10-26,42,24,ms,Mississippi,0.0,1,0,observed
143,2024W44,2024-11-02,43,24,ms,Mississippi,15.0,1,0,observed
144,2024W45,2024-11-09,44,24,ms,Mississippi,23.0,1,0,observed
145,2024W46,2024-11-16,45,24,ms,Mississippi,24.0,1,0,observed
146,2024W47,2024-11-23,46,24,ms,Mississippi,36.0,1,0,observed
147,2024W48,2024-11-30,47,24,ms,Mississippi,28.0,1,0,observed
148,2024W49,2024-12-07,48,24,ms,Mississippi,39.0,1,0,observed
149,2024W50,2024-12-14,49,24,ms,Mississippi,62.0,1,0,observed
150,2024W51,2024-12-21,50,24,ms,Mississippi,100.0,1,0,observed
151,2024W52,2024-12-28,51,24,ms,Mississippi,212.0,1,0,observed
152,2025W01,2025-01-04,0,24,ms,Mississippi,285.0,1,0,observed
153,2025W02,2025-01-11,1,24,ms,Mississippi,229.0,1,0,observed
154,2025W03,2025-01-18,2,24,ms,Mississippi,251.0,1,0,observed
155,2025W04,2025-01-25,3,24,ms,Mississippi,350.0,1,0,observed
156,2025W05,2025-02-01,4,24,ms,Mississippi,589.0,1,0,observed
157,2025W06,2025-02-08,5,24,ms,Mississippi,503.0,1,0,observed
158,2025W07,2025-02-15,6,24,ms,Mississippi,289.0,1,0,observed
159,2025W08,2025-02-22,7,24,ms,Mississippi,223.0,1,0,observed
160,2025W09,2025-03-01,8,24,ms,Mississippi,214.0,1,0,observed
161,2025W10,2025-03-08,9,24,ms,Mississippi,181.0,1,0,observed
162,2025W11,2025-03-15,10,24,ms,Mississippi,196.0,1,0,observed
163,2025W12,2025-03-22,11,24,ms,Mississippi,106.0,1,0,observed
164,2025W13,2025-03-29,12,24,ms,Mississippi,58.0,1,0,observed
165,2025W14,2025-04-05,13,24,ms,Mississippi,55.0,1,0,observed
166,2025W15,2025-04-12,14,24,ms,Mississippi,47.0,1,0,observed
167,2025W16,2025-04-19,15,24,ms,Mississippi,29.0,1,0,observed
168,2025W17,2025-04-26,16,24,ms,Mississippi,23.0,1,0,observed
169,2025W18,2025-05-03,17,24,ms,Mississippi,15.0,1,0,observed
170,2025W19,2025-05-10,18,24,ms,Mississippi,19.0,1,0,observed
171,2025W20,2025-05-17,19,24,ms,Mississippi,16.0,1,0,observed
172,2025W21,2025-05-24,20,24,ms,Mississippi,15.0,1,0,observed
173,2025W22,2025-05-31,21,24,ms,Mississippi,20.0,1,0,observed
174,2025W23,2025-06-07,22,24,ms,Mississippi,17.0,1,0,observed
175,2025W24,2025-06-14,23,24,ms,Mississippi,17.0,1,0,observed
176,2025W25,2025-06-21,24,24,ms,Mississippi,19.0,1,0,observed
177,2025W26,2025-06-28,25,24,ms,Mississippi,12.0,1,0,observed
178,2025W27,2025-07-05,26,24,ms,Mississippi,10.0,1,0,observed
179,2025W28,2025-07-12,27,24,ms,Mississippi,15.0,1,0,observed
180,2025W29,2025-07-19,28,24,ms,Mississippi,12.0,1,0,observed
181,2025W30,2025-07-26,29,24,ms,Mississippi,12.0,1,0,observed
182,2025W31,2025-08-02,30,24,ms,Mississippi,5.0,1,0,observed
183,2025W32,2025-08-09,31,24,ms,Mississippi,12.0,1,0,observed
184,2025W33,2025-08-16,32,24,ms,Mississippi,15.0,1,0,observed
185,2025W34,2025-08-23,33,24,ms,Mississippi,16.0,1,0,observed
186,2025W35,2025-08-30,34,24,ms,Mississippi,19.0,1,0,observed
187,2025W36,2025-09-06,35,24,ms,Mississippi,17.0,1,0,observed
188,2025W37,2025-09-13,36,24,ms,Mississippi,15.0,1,0,observed
189,2025W38,2025-09-20,37,24,ms,Mississippi,13.0,1,0,observed
190,2025W39,2025-09-27,38,24,ms,Mississippi,10.0,1,0,observed
191,2025W40,2025-10-04,39,24,ms,Mississippi,15.0,1,0,observed
192,2025W41,2025-10-11,40,24,ms,Mississippi,16.0,1,0,observed
193,2025W42,2025-10-18,41,24,ms,Mississippi,18.0,1,0,observed
194,2025W43,2025-10-25,42,24,ms,Mississippi,16.0,1,0,observed
195,2025W44,2025-11-01,43,24,ms,Mississippi,16.0,1,0,observed
196,2025W45,2025-11-08,44,24,ms,Mississippi,17.0,1,0,observed
197,2025W46,2025-11-15,45,24,ms,Mississippi,21.0,1,0,observed
198,2025W47,2025-11-22,46,24,ms,Mississippi,27.0,1,0,observed
199,2025W48,2025-11-29,47,24,ms,Mississippi,24.0,1,0,observed
200,2025W49,2025-12-06,48,24,ms,Mississippi,42.0,1,0,observed
201,2025W50,2025-12-13,49,24,ms,Mississippi,74.0,1,0,observed
202,2025W51,2025-12-20,50,24,ms,Mississippi,147.0,1,0,observed
203,2025W52,2025-12-27,51,24,ms,Mississippi,247.0,1,0,observed
204,2026W01,2026-01-03,0,24,ms,Mississippi,230.0,1,0,observed
205,2026W02,2026-01-10,1,24,ms,Mississippi,194.0,1,0,observed
206,2026W03,2026-01-17,2,24,ms,Mississippi,142.0,1,0,observed
207,2026W04,2026-01-24,3,24,ms,Mississippi,115.0,1,0,observed
208,2026W05,2026-01-31,4,24,ms,Mississippi,132.0,1,0,observed
209,2026W06,2026-02-07,5,24,ms,Mississippi,200.0,1,0,observed
210,2026W07,2026-02-14,6,24,ms,Mississippi,243.0,1,0,observed
211,2026W08,2026-02-21,7,24,ms,Mississippi,227.0,1,0,observed
212,2026W09,2026-02-28,8,24,ms,Mississippi,150.0,1,0,observed
213,2026W10,2026-03-07,9,24,ms,Mississippi,135.0,1,0,observed
214,2026W11,2026-03-14,10,24,ms,Mississippi,100.0,1,0,observed
215,2026W12,2026-03-21,11,24,ms,Mississippi,64.0,1,0,observed
216,2026W13,2026-03-28,12,24,ms,Mississippi,31.0,1,0,observed
217,2026W14,2026-04-04,13,24,ms,Mississippi,18.0,1,0,observed
218,2026W15,2026-04-11,14,24,ms,Mississippi,13.0,1,0,observed
219,2026W16,2026-04-18,15,24,ms,Mississippi,14.0,1,0,observed
0,2022W05,2022-02-05,4,25,mo,Missouri,47.0,1,0,observed
1,2022W06,2022-02-12,5,25,mo,Missouri,46.0,1,0,observed
2,2022W07,2022-02-19,6,25,mo,Missouri,55.0,1,0,observed
3,2022W08,2022-02-26,7,25,mo,Missouri,50.0,1,0,observed
4,2022W09,2022-03-05,8,25,mo,Missouri,72.0,1,0,observed
5,2022W10,2022-03-12,9,25,mo,Missouri,67.0,1,0,observed
6,2022W11,2022-03-19,10,25,mo,Missouri,90.0,1,0,observed
7,2022W12,2022-03-26,11,25,mo,Missouri,79.0,1,0,observed
8,2022W13,2022-04-02,12,25,mo,Missouri,91.0,1,0,observed
9,2022W14,2022-04-09,13,25,mo,Missouri,77.0,1,0,observed
10,2022W15,2022-04-16,14,25,mo,Missouri,77.0,1,0,observed
11,2022W16,2022-04-23,15,25,mo,Missouri,70.0,1,0,observed
12,2022W17,2022-04-30,16,25,mo,Missouri,55.0,1,0,observed
13,2022W18,2022-05-07,17,25,mo,Missouri,66.0,1,0,observed
14,2022W19,2022-05-14,18,25,mo,Missouri,39.0,1,0,observed
15,2022W20,2022-05-21,19,25,mo,Missouri,33.0,1,0,observed
16,2022W21,2022-05-28,20,25,mo,Missouri,22.0,1,0,observed
17,2022W22,2022-06-04,21,25,mo,Missouri,28.0,1,0,observed
18,2022W23,2022-06-11,22,25,mo,Missouri,17.0,1,0,observed
19,2022W24,2022-06-18,23,25,mo,Missouri,23.0,1,0,observed
20,2022W25,2022-06-25,24,25,mo,Missouri,19.0,1,0,observed
21,2022W26,2022-07-02,25,25,mo,Missouri,11.0,1,0,observed
22,2022W27,2022-07-09,26,25,mo,Missouri,14.0,1,0,observed
23,2022W28,2022-07-16,27,25,mo,Missouri,12.0,1,0,observed
24,2022W29,2022-07-23,28,25,mo,Missouri,25.0,1,0,observed
25,2022W30,2022-07-30,29,25,mo,Missouri,12.0,1,0,observed
26,2022W31,2022-08-06,30,25,mo,Missouri,23.0,1,0,observed
27,2022W32,2022-08-13,31,25,mo,Missouri,12.0,1,0,observed
28,2022W33,2022-08-20,32,25,mo,Missouri,15.0,1,0,observed
29,2022W34,2022-08-27,33,25,mo,Missouri,2.0,1,0,observed
30,2022W35,2022-09-03,34,25,mo,Missouri,8.0,1,0,observed
31,2022W36,2022-09-10,35,25,mo,Missouri,4.0,1,0,observed
32,2022W37,2022-09-17,36,25,mo,Missouri,6.0,1,0,observed
33,2022W38,2022-09-24,37,25,mo,Missouri,8.0,1,0,observed
34,2022W39,2022-10-01,38,25,mo,Missouri,12.0,1,0,observed
35,2022W40,2022-10-08,39,25,mo,Missouri,6.0,1,0,observed
36,2022W41,2022-10-15,40,25,mo,Missouri,10.0,1,0,observed
37,2022W42,2022-10-22,41,25,mo,Missouri,23.0,1,0,observed
38,2022W43,2022-10-29,42,25,mo,Missouri,49.0,1,0,observed
39,2022W44,2022-11-05,43,25,mo,Missouri,66.0,1,0,observed
40,2022W45,2022-11-12,44,25,mo,Missouri,105.0,1,0,observed
41,2022W46,2022-11-19,45,25,mo,Missouri,222.0,1,0,observed
42,2022W47,2022-11-26,46,25,mo,Missouri,488.0,1,0,observed
43,2022W48,2022-12-03,47,25,mo,Missouri,849.0,1,0,observed
44,2022W49,2022-12-10,48,25,mo,Missouri,828.0,1,0,observed
45,2022W50,2022-12-17,49,25,mo,Missouri,749.0,1,0,observed
46,2022W51,2022-12-24,50,25,mo,Missouri,559.0,1,0,observed
47,2022W52,2022-12-31,51,25,mo,Missouri,636.0,1,0,observed
48,2023W01,2023-01-07,0,25,mo,Missouri,405.0,1,0,observed
49,2023W02,2023-01-14,1,25,mo,Missouri,189.0,1,0,observed
50,2023W03,2023-01-21,2,25,mo,Missouri,100.0,1,0,observed
51,2023W04,2023-01-28,3,25,mo,Missouri,72.0,1,0,observed
52,2023W05,2023-02-04,4,25,mo,Missouri,50.0,1,0,observed
53,2023W06,2023-02-11,5,25,mo,Missouri,41.0,1,0,observed
54,2023W07,2023-02-18,6,25,mo,Missouri,42.0,1,0,observed
55,2023W08,2023-02-25,7,25,mo,Missouri,36.0,1,0,observed
56,2023W09,2023-03-04,8,25,mo,Missouri,39.0,1,0,observed
57,2023W10,2023-03-11,9,25,mo,Missouri,35.0,1,0,observed
58,2023W11,2023-03-18,10,25,mo,Missouri,24.0,1,0,observed
59,2023W12,2023-03-25,11,25,mo,Missouri,32.0,1,0,observed
60,2023W13,2023-04-01,12,25,mo,Missouri,29.0,1,0,observed
61,2023W14,2023-04-08,13,25,mo,Missouri,29.0,1,0,observed
62,2023W15,2023-04-15,14,25,mo,Missouri,18.0,1,0,observed
63,2023W16,2023-04-22,15,25,mo,Missouri,19.0,1,0,observed
64,2023W17,2023-04-29,16,25,mo,Missouri,26.0,1,0,observed
65,2023W18,2023-05-06,17,25,mo,Missouri,27.0,1,0,observed
66,2023W19,2023-05-13,18,25,mo,Missouri,21.0,1,0,observed
67,2023W20,2023-05-20,19,25,mo,Missouri,22.0,1,0,observed
68,2023W21,2023-05-27,20,25,mo,Missouri,8.0,1,0,observed
69,2023W22,2023-06-03,21,25,mo,Missouri,8.0,1,0,observed
70,2023W23,2023-06-10,22,25,mo,Missouri,18.0,1,0,observed
71,2023W24,2023-06-17,23,25,mo,Missouri,10.0,1,0,observed
72,2023W25,2023-06-24,24,25,mo,Missouri,12.0,1,0,observed
73,2023W26,2023-07-01,25,25,mo,Missouri,7.0,1,0,observed
74,2023W27,2023-07-08,26,25,mo,Missouri,3.0,1,0,observed
75,2023W28,2023-07-15,27,25,mo,Missouri,13.0,1,0,observed
76,2023W29,2023-07-22,28,25,mo,Missouri,20.0,1,0,observed
77,2023W30,2023-07-29,29,25,mo,Missouri,10.0,1,0,observed
78,2023W31,2023-08-05,30,25,mo,Missouri,4.0,1,0,observed
79,2023W32,2023-08-12,31,25,mo,Missouri,9.0,1,0,observed
80,2023W33,2023-08-19,32,25,mo,Missouri,11.0,1,0,observed
81,2023W34,2023-08-26,33,25,mo,Missouri,7.0,1,0,observed
82,2023W35,2023-09-02,34,25,mo,Missouri,6.0,1,0,observed
83,2023W36,2023-09-09,35,25,mo,Missouri,12.0,1,0,observed
84,2023W37,2023-09-16,36,25,mo,Missouri,8.0,1,0,observed
85,2023W38,2023-09-23,37,25,mo,Missouri,16.0,1,0,observed
86,2023W39,2023-09-30,38,25,mo,Missouri,12.0,1,0,observed
87,2023W40,2023-10-07,39,25,mo,Missouri,24.0,1,0,observed
88,2023W41,2023-10-14,40,25,mo,Missouri,25.0,1,0,observed
89,2023W42,2023-10-21,41,25,mo,Missouri,17.0,1,0,observed
90,2023W43,2023-10-28,42,25,mo,Missouri,17.0,1,0,observed
91,2023W44,2023-11-04,43,25,mo,Missouri,24.0,1,0,observed
92,2023W45,2023-11-11,44,25,mo,Missouri,40.0,1,0,observed
93,2023W46,2023-11-18,45,25,mo,Missouri,40.0,1,0,observed
94,2023W47,2023-11-25,46,25,mo,Missouri,58.0,1,0,observed
95,2023W48,2023-12-02,47,25,mo,Missouri,85.0,1,0,observed
96,2023W49,2023-12-09,48,25,mo,Missouri,140.0,1,0,observed
97,2023W50,2023-12-16,49,25,mo,Missouri,154.0,1,0,observed
98,2023W51,2023-12-23,50,25,mo,Missouri,224.0,1,0,observed
99,2023W52,2023-12-30,51,25,mo,Missouri,369.0,1,0,observed
100,2024W01,2024-01-06,0,25,mo,Missouri,345.0,1,0,observed
101,2024W02,2024-01-13,1,25,mo,Missouri,316.0,1,0,observed
102,2024W03,2024-01-20,2,25,mo,Missouri,266.0,1,0,observed
103,2024W04,2024-01-27,3,25,mo,Missouri,272.0,1,0,observed
104,2024W05,2024-02-03,4,25,mo,Missouri,301.0,1,0,observed
105,2024W06,2024-02-10,5,25,mo,Missouri,344.0,1,0,observed
106,2024W07,2024-02-17,6,25,mo,Missouri,354.0,1,0,observed
107,2024W08,2024-02-24,7,25,mo,Missouri,454.0,1,0,observed
108,2024W09,2024-03-02,8,25,mo,Missouri,443.0,1,0,observed
109,2024W10,2024-03-09,9,25,mo,Missouri,408.0,1,0,observed
110,2024W11,2024-03-16,10,25,mo,Missouri,278.0,1,0,observed
111,2024W12,2024-03-23,11,25,mo,Missouri,192.0,1,0,observed
112,2024W13,2024-03-30,12,25,mo,Missouri,193.0,1,0,observed
113,2024W14,2024-04-06,13,25,mo,Missouri,146.0,1,0,observed
114,2024W15,2024-04-13,14,25,mo,Missouri,108.0,1,0,observed
115,2024W16,2024-04-20,15,25,mo,Missouri,83.0,1,0,observed
116,2024W17,2024-04-27,16,25,mo,Missouri,59.0,1,0,observed
117,2024W18,2024-05-04,17,25,mo,Missouri,33.0,1,0,observed
118,2024W19,2024-05-11,18,25,mo,Missouri,18.0,1,0,observed
119,2024W20,2024-05-18,19,25,mo,Missouri,11.0,1,0,observed
120,2024W21,2024-05-25,20,25,mo,Missouri,10.0,1,0,observed
121,2024W22,2024-06-01,21,25,mo,Missouri,6.0,1,0,observed
122,2024W23,2024-06-08,22,25,mo,Missouri,4.0,1,0,observed
123,2024W24,2024-06-15,23,25,mo,Missouri,3.0,1,0,observed
124,2024W25,2024-06-22,24,25,mo,Missouri,3.0,1,0,observed
125,2024W26,2024-06-29,25,25,mo,Missouri,5.0,1,0,observed
126,2024W27,2024-07-06,26,25,mo,Missouri,0.0,1,0,observed
127,2024W28,2024-07-13,27,25,mo,Missouri,1.0,1,0,observed
128,2024W29,2024-07-20,28,25,mo,Missouri,3.0,1,0,observed
129,2024W30,2024-07-27,29,25,mo,Missouri,4.0,1,0,observed
130,2024W31,2024-08-03,30,25,mo,Missouri,1.0,1,0,observed
131,2024W32,2024-08-10,31,25,mo,Missouri,3.0,1,0,observed
132,2024W33,2024-08-17,32,25,mo,Missouri,3.0,1,0,observed
133,2024W34,2024-08-24,33,25,mo,Missouri,1.0,1,0,observed
134,2024W35,2024-08-31,34,25,mo,Missouri,2.0,1,0,observed
135,2024W36,2024-09-07,35,25,mo,Missouri,1.0,1,0,observed
136,2024W37,2024-09-14,36,25,mo,Missouri,3.0,1,0,observed
137,2024W38,2024-09-21,37,25,mo,Missouri,1.0,1,0,observed
138,2024W39,2024-09-28,38,25,mo,Missouri,4.0,1,0,observed
139,2024W40,2024-10-05,39,25,mo,Missouri,0.0,1,0,observed
140,2024W41,2024-10-12,40,25,mo,Missouri,1.0,1,0,observed
141,2024W42,2024-10-19,41,25,mo,Missouri,2.0,1,0,observed
142,2024W43,2024-10-26,42,25,mo,Missouri,8.0,1,0,observed
143,2024W44,2024-11-02,43,25,mo,Missouri,13.0,1,0,observed
144,2024W45,2024-11-09,44,25,mo,Missouri,30.0,1,0,observed
145,2024W46,2024-11-16,45,25,mo,Missouri,29.0,1,0,observed
146,2024W47,2024-11-23,46,25,mo,Missouri,42.0,1,0,observed
147,2024W48,2024-11-30,47,25,mo,Missouri,41.0,1,0,observed
148,2024W49,2024-12-07,48,25,mo,Missouri,54.0,1,0,observed
149,2024W50,2024-12-14,49,25,mo,Missouri,88.0,1,0,observed
150,2024W51,2024-12-21,50,25,mo,Missouri,250.0,1,0,observed
151,2024W52,2024-12-28,51,25,mo,Missouri,611.0,1,0,observed
152,2025W01,2025-01-04,0,25,mo,Missouri,827.0,1,0,observed
153,2025W02,2025-01-11,1,25,mo,Missouri,647.0,1,0,observed
154,2025W03,2025-01-18,2,25,mo,Missouri,559.0,1,0,observed
155,2025W04,2025-01-25,3,25,mo,Missouri,655.0,1,0,observed
156,2025W05,2025-02-01,4,25,mo,Missouri,1039.0,1,0,observed
157,2025W06,2025-02-08,5,25,mo,Missouri,1335.0,1,0,observed
158,2025W07,2025-02-15,6,25,mo,Missouri,1425.0,1,0,observed
159,2025W08,2025-02-22,7,25,mo,Missouri,1380.0,1,0,observed
160,2025W09,2025-03-01,8,25,mo,Missouri,861.0,1,0,observed
161,2025W10,2025-03-08,9,25,mo,Missouri,693.0,1,0,observed
162,2025W11,2025-03-15,10,25,mo,Missouri,440.0,1,0,observed
163,2025W12,2025-03-22,11,25,mo,Missouri,370.0,1,0,observed
164,2025W13,2025-03-29,12,25,mo,Missouri,189.0,1,0,observed
165,2025W14,2025-04-05,13,25,mo,Missouri,130.0,1,0,observed
166,2025W15,2025-04-12,14,25,mo,Missouri,99.0,1,0,observed
167,2025W16,2025-04-19,15,25,mo,Missouri,100.0,1,0,observed
168,2025W17,2025-04-26,16,25,mo,Missouri,66.0,1,0,observed
169,2025W18,2025-05-03,17,25,mo,Missouri,59.0,1,0,observed
170,2025W19,2025-05-10,18,25,mo,Missouri,49.0,1,0,observed
171,2025W20,2025-05-17,19,25,mo,Missouri,53.0,1,0,observed
172,2025W21,2025-05-24,20,25,mo,Missouri,42.0,1,0,observed
173,2025W22,2025-05-31,21,25,mo,Missouri,44.0,1,0,observed
174,2025W23,2025-06-07,22,25,mo,Missouri,33.0,1,0,observed
175,2025W24,2025-06-14,23,25,mo,Missouri,42.0,1,0,observed
176,2025W25,2025-06-21,24,25,mo,Missouri,39.0,1,0,observed
177,2025W26,2025-06-28,25,25,mo,Missouri,33.0,1,0,observed
178,2025W27,2025-07-05,26,25,mo,Missouri,11.0,1,0,observed
179,2025W28,2025-07-12,27,25,mo,Missouri,12.0,1,0,observed
180,2025W29,2025-07-19,28,25,mo,Missouri,12.0,1,0,observed
181,2025W30,2025-07-26,29,25,mo,Missouri,13.0,1,0,observed
182,2025W31,2025-08-02,30,25,mo,Missouri,8.0,1,0,observed
183,2025W32,2025-08-09,31,25,mo,Missouri,8.0,1,0,observed
184,2025W33,2025-08-16,32,25,mo,Missouri,8.0,1,0,observed
185,2025W34,2025-08-23,33,25,mo,Missouri,12.0,1,0,observed
186,2025W35,2025-08-30,34,25,mo,Missouri,6.0,1,0,observed
187,2025W36,2025-09-06,35,25,mo,Missouri,7.0,1,0,observed
188,2025W37,2025-09-13,36,25,mo,Missouri,12.0,1,0,observed
189,2025W38,2025-09-20,37,25,mo,Missouri,16.0,1,0,observed
190,2025W39,2025-09-27,38,25,mo,Missouri,18.0,1,0,observed
191,2025W40,2025-10-04,39,25,mo,Missouri,19.0,1,0,observed
192,2025W41,2025-10-11,40,25,mo,Missouri,24.0,1,0,observed
193,2025W42,2025-10-18,41,25,mo,Missouri,24.0,1,0,observed
194,2025W43,2025-10-25,42,25,mo,Missouri,24.0,1,0,observed
195,2025W44,2025-11-01,43,25,mo,Missouri,25.0,1,0,observed
196,2025W45,2025-11-08,44,25,mo,Missouri,28.0,1,0,observed
197,2025W46,2025-11-15,45,25,mo,Missouri,37.0,1,0,observed
198,2025W47,2025-11-22,46,25,mo,Missouri,39.0,1,0,observed
199,2025W48,2025-11-29,47,25,mo,Missouri,57.0,1,0,observed
200,2025W49,2025-12-06,48,25,mo,Missouri,86.0,1,0,observed
201,2025W50,2025-12-13,49,25,mo,Missouri,118.0,1,0,observed
202,2025W51,2025-12-20,50,25,mo,Missouri,261.0,1,0,observed
203,2025W52,2025-12-27,51,25,mo,Missouri,809.0,1,0,observed
204,2026W01,2026-01-03,0,25,mo,Missouri,941.0,1,0,observed
205,2026W02,2026-01-10,1,25,mo,Missouri,522.0,1,0,observed
206,2026W03,2026-01-17,2,25,mo,Missouri,523.0,1,0,observed
207,2026W04,2026-01-24,3,25,mo,Missouri,454.0,1,0,observed
208,2026W05,2026-01-31,4,25,mo,Missouri,437.0,1,0,observed
209,2026W06,2026-02-07,5,25,mo,Missouri,410.0,1,0,observed
210,2026W07,2026-02-14,6,25,mo,Missouri,457.0,1,0,observed
211,2026W08,2026-02-21,7,25,mo,Missouri,441.0,1,0,observed
212,2026W09,2026-02-28,8,25,mo,Missouri,301.0,1,0,observed
213,2026W10,2026-03-07,9,25,mo,Missouri,243.0,1,0,observed
214,2026W11,2026-03-14,10,25,mo,Missouri,218.0,1,0,observed
215,2026W12,2026-03-21,11,25,mo,Missouri,120.0,1,0,observed
216,2026W13,2026-03-28,12,25,mo,Missouri,56.0,1,0,observed
217,2026W14,2026-04-04,13,25,mo,Missouri,44.0,1,0,observed
218,2026W15,2026-04-11,14,25,mo,Missouri,37.0,1,0,observed
219,2026W16,2026-04-18,15,25,mo,Missouri,22.0,1,0,observed
0,2022W05,2022-02-05,4,26,mt,Montana,9.0,1,0,observed
1,2022W06,2022-02-12,5,26,mt,Montana,13.0,1,0,observed
2,2022W07,2022-02-19,6,26,mt,Montana,7.0,1,0,observed
3,2022W08,2022-02-26,7,26,mt,Montana,16.0,1,0,observed
4,2022W09,2022-03-05,8,26,mt,Montana,21.0,1,0,observed
5,2022W10,2022-03-12,9,26,mt,Montana,14.0,1,0,observed
6,2022W11,2022-03-19,10,26,mt,Montana,16.0,1,0,observed
7,2022W12,2022-03-26,11,26,mt,Montana,19.0,1,0,observed
8,2022W13,2022-04-02,12,26,mt,Montana,38.0,1,0,observed
9,2022W14,2022-04-09,13,26,mt,Montana,19.0,1,0,observed
10,2022W15,2022-04-16,14,26,mt,Montana,14.0,1,0,observed
11,2022W16,2022-04-23,15,26,mt,Montana,21.0,1,0,observed
12,2022W17,2022-04-30,16,26,mt,Montana,18.0,1,0,observed
13,2022W18,2022-05-07,17,26,mt,Montana,20.0,1,0,observed
14,2022W19,2022-05-14,18,26,mt,Montana,9.0,1,0,observed
15,2022W20,2022-05-21,19,26,mt,Montana,11.0,1,0,observed
16,2022W21,2022-05-28,20,26,mt,Montana,14.0,1,0,observed
17,2022W22,2022-06-04,21,26,mt,Montana,23.0,1,0,observed
18,2022W23,2022-06-11,22,26,mt,Montana,10.0,1,0,observed
19,2022W24,2022-06-18,23,26,mt,Montana,1.0,1,0,observed
20,2022W25,2022-06-25,24,26,mt,Montana,0.0,1,0,observed
21,2022W26,2022-07-02,25,26,mt,Montana,4.0,1,0,observed
22,2022W27,2022-07-09,26,26,mt,Montana,2.0,1,0,observed
23,2022W28,2022-07-16,27,26,mt,Montana,2.0,1,0,observed
24,2022W29,2022-07-23,28,26,mt,Montana,0.0,1,0,observed
25,2022W30,2022-07-30,29,26,mt,Montana,0.0,1,0,observed
26,2022W31,2022-08-06,30,26,mt,Montana,0.0,1,0,observed
27,2022W32,2022-08-13,31,26,mt,Montana,0.0,1,0,observed
28,2022W33,2022-08-20,32,26,mt,Montana,1.0,1,0,observed
29,2022W34,2022-08-27,33,26,mt,Montana,0.0,1,0,observed
30,2022W35,2022-09-03,34,26,mt,Montana,0.0,1,0,observed
31,2022W36,2022-09-10,35,26,mt,Montana,0.0,1,0,observed
32,2022W37,2022-09-17,36,26,mt,Montana,1.0,1,0,observed
33,2022W38,2022-09-24,37,26,mt,Montana,0.0,1,0,observed
34,2022W39,2022-10-01,38,26,mt,Montana,2.0,1,0,observed
35,2022W40,2022-10-08,39,26,mt,Montana,0.0,1,0,observed
36,2022W41,2022-10-15,40,26,mt,Montana,0.0,1,0,observed
37,2022W42,2022-10-22,41,26,mt,Montana,0.0,1,0,observed
38,2022W43,2022-10-29,42,26,mt,Montana,3.0,1,0,observed
39,2022W44,2022-11-05,43,26,mt,Montana,6.0,1,0,observed
40,2022W45,2022-11-12,44,26,mt,Montana,11.0,1,0,observed
41,2022W46,2022-11-19,45,26,mt,Montana,13.0,1,0,observed
42,2022W47,2022-11-26,46,26,mt,Montana,44.0,1,0,observed
43,2022W48,2022-12-03,47,26,mt,Montana,65.0,1,0,observed
44,2022W49,2022-12-10,48,26,mt,Montana,100.0,1,0,observed
45,2022W50,2022-12-17,49,26,mt,Montana,99.0,1,0,observed
46,2022W51,2022-12-24,50,26,mt,Montana,60.0,1,0,observed
47,2022W52,2022-12-31,51,26,mt,Montana,91.0,1,0,observed
48,2023W01,2023-01-07,0,26,mt,Montana,60.0,1,0,observed
49,2023W02,2023-01-14,1,26,mt,Montana,39.0,1,0,observed
50,2023W03,2023-01-21,2,26,mt,Montana,16.0,1,0,observed
51,2023W04,2023-01-28,3,26,mt,Montana,9.0,1,0,observed
52,2023W05,2023-02-04,4,26,mt,Montana,9.0,1,0,observed
53,2023W06,2023-02-11,5,26,mt,Montana,2.0,1,0,observed
54,2023W07,2023-02-18,6,26,mt,Montana,6.0,1,0,observed
55,2023W08,2023-02-25,7,26,mt,Montana,3.0,1,0,observed
56,2023W09,2023-03-04,8,26,mt,Montana,6.0,1,0,observed
57,2023W10,2023-03-11,9,26,mt,Montana,3.0,1,0,observed
58,2023W11,2023-03-18,10,26,mt,Montana,2.0,1,0,observed
59,2023W12,2023-03-25,11,26,mt,Montana,1.0,1,0,observed
60,2023W13,2023-04-01,12,26,mt,Montana,1.0,1,0,observed
61,2023W14,2023-04-08,13,26,mt,Montana,0.0,1,0,observed
62,2023W15,2023-04-15,14,26,mt,Montana,0.0,1,0,observed
63,2023W16,2023-04-22,15,26,mt,Montana,2.0,1,0,observed
64,2023W17,2023-04-29,16,26,mt,Montana,0.0,1,0,observed
65,2023W18,2023-05-06,17,26,mt,Montana,0.0,1,0,observed
66,2023W19,2023-05-13,18,26,mt,Montana,0.0,1,0,observed
67,2023W20,2023-05-20,19,26,mt,Montana,2.0,1,0,observed
68,2023W21,2023-05-27,20,26,mt,Montana,3.0,1,0,observed
69,2023W22,2023-06-03,21,26,mt,Montana,0.0,1,0,observed
70,2023W23,2023-06-10,22,26,mt,Montana,2.0,1,0,observed
71,2023W24,2023-06-17,23,26,mt,Montana,2.0,1,0,observed
72,2023W25,2023-06-24,24,26,mt,Montana,1.0,1,0,observed
73,2023W26,2023-07-01,25,26,mt,Montana,1.0,1,0,observed
74,2023W27,2023-07-08,26,26,mt,Montana,0.0,1,0,observed
75,2023W28,2023-07-15,27,26,mt,Montana,1.0,1,0,observed
76,2023W29,2023-07-22,28,26,mt,Montana,0.0,1,0,observed
77,2023W30,2023-07-29,29,26,mt,Montana,0.0,1,0,observed
78,2023W31,2023-08-05,30,26,mt,Montana,0.0,1,0,observed
79,2023W32,2023-08-12,31,26,mt,Montana,0.0,1,0,observed
80,2023W33,2023-08-19,32,26,mt,Montana,0.0,1,0,observed
81,2023W34,2023-08-26,33,26,mt,Montana,0.0,1,0,observed
82,2023W35,2023-09-02,34,26,mt,Montana,0.0,1,0,observed
83,2023W36,2023-09-09,35,26,mt,Montana,1.0,1,0,observed
84,2023W37,2023-09-16,36,26,mt,Montana,1.0,1,0,observed
85,2023W38,2023-09-23,37,26,mt,Montana,3.0,1,0,observed
86,2023W39,2023-09-30,38,26,mt,Montana,4.0,1,0,observed
87,2023W40,2023-10-07,39,26,mt,Montana,0.0,1,0,observed
88,2023W41,2023-10-14,40,26,mt,Montana,0.0,1,0,observed
89,2023W42,2023-10-21,41,26,mt,Montana,1.0,1,0,observed
90,2023W43,2023-10-28,42,26,mt,Montana,0.0,1,0,observed
91,2023W44,2023-11-04,43,26,mt,Montana,1.0,1,0,observed
92,2023W45,2023-11-11,44,26,mt,Montana,5.0,1,0,observed
93,2023W46,2023-11-18,45,26,mt,Montana,3.0,1,0,observed
94,2023W47,2023-11-25,46,26,mt,Montana,6.0,1,0,observed
95,2023W48,2023-12-02,47,26,mt,Montana,18.0,1,0,observed
96,2023W49,2023-12-09,48,26,mt,Montana,21.0,1,0,observed
97,2023W50,2023-12-16,49,26,mt,Montana,37.0,1,0,observed
98,2023W51,2023-12-23,50,26,mt,Montana,78.0,1,0,observed
99,2023W52,2023-12-30,51,26,mt,Montana,116.0,1,0,observed
100,2024W01,2024-01-06,0,26,mt,Montana,129.0,1,0,observed
101,2024W02,2024-01-13,1,26,mt,Montana,114.0,1,0,observed
102,2024W03,2024-01-20,2,26,mt,Montana,81.0,1,0,observed
103,2024W04,2024-01-27,3,26,mt,Montana,115.0,1,0,observed
104,2024W05,2024-02-03,4,26,mt,Montana,85.0,1,0,observed
105,2024W06,2024-02-10,5,26,mt,Montana,82.0,1,0,observed
106,2024W07,2024-02-17,6,26,mt,Montana,24.0,1,0,observed
107,2024W08,2024-02-24,7,26,mt,Montana,22.0,1,0,observed
108,2024W09,2024-03-02,8,26,mt,Montana,27.0,1,0,observed
109,2024W10,2024-03-09,9,26,mt,Montana,28.0,1,0,observed
110,2024W11,2024-03-16,10,26,mt,Montana,35.0,1,0,observed
111,2024W12,2024-03-23,11,26,mt,Montana,21.0,1,0,observed
112,2024W13,2024-03-30,12,26,mt,Montana,29.0,1,0,observed
113,2024W14,2024-04-06,13,26,mt,Montana,7.0,1,0,observed
114,2024W15,2024-04-13,14,26,mt,Montana,9.0,1,0,observed
115,2024W16,2024-04-20,15,26,mt,Montana,6.0,1,0,observed
116,2024W17,2024-04-27,16,26,mt,Montana,3.0,1,0,observed
117,2024W18,2024-05-04,17,26,mt,Montana,0.0,1,0,observed
118,2024W19,2024-05-11,18,26,mt,Montana,2.0,1,0,observed
119,2024W20,2024-05-18,19,26,mt,Montana,1.0,1,0,observed
120,2024W21,2024-05-25,20,26,mt,Montana,1.0,1,0,observed
121,2024W22,2024-06-01,21,26,mt,Montana,2.0,1,0,observed
122,2024W23,2024-06-08,22,26,mt,Montana,0.0,1,0,observed
123,2024W24,2024-06-15,23,26,mt,Montana,2.0,1,0,observed
124,2024W25,2024-06-22,24,26,mt,Montana,2.0,1,0,observed
125,2024W26,2024-06-29,25,26,mt,Montana,0.0,1,0,observed
126,2024W27,2024-07-06,26,26,mt,Montana,0.0,1,0,observed
127,2024W28,2024-07-13,27,26,mt,Montana,1.0,1,0,observed
128,2024W29,2024-07-20,28,26,mt,Montana,0.0,1,0,observed
129,2024W30,2024-07-27,29,26,mt,Montana,1.0,1,0,observed
130,2024W31,2024-08-03,30,26,mt,Montana,0.0,1,0,observed
131,2024W32,2024-08-10,31,26,mt,Montana,0.0,1,0,observed
132,2024W33,2024-08-17,32,26,mt,Montana,0.0,1,0,observed
133,2024W34,2024-08-24,33,26,mt,Montana,0.0,1,0,observed
134,2024W35,2024-08-31,34,26,mt,Montana,0.0,1,0,observed
135,2024W36,2024-09-07,35,26,mt,Montana,0.0,1,0,observed
136,2024W37,2024-09-14,36,26,mt,Montana,2.0,1,0,observed
137,2024W38,2024-09-21,37,26,mt,Montana,0.0,1,0,observed
138,2024W39,2024-09-28,38,26,mt,Montana,1.0,1,0,observed
139,2024W40,2024-10-05,39,26,mt,Montana,0.0,1,0,observed
140,2024W41,2024-10-12,40,26,mt,Montana,0.0,1,0,observed
141,2024W42,2024-10-19,41,26,mt,Montana,2.0,1,0,observed
142,2024W43,2024-10-26,42,26,mt,Montana,0.0,1,0,observed
143,2024W44,2024-11-02,43,26,mt,Montana,0.0,1,0,observed
144,2024W45,2024-11-09,44,26,mt,Montana,0.0,1,0,observed
145,2024W46,2024-11-16,45,26,mt,Montana,4.0,1,0,observed
146,2024W47,2024-11-23,46,26,mt,Montana,1.0,1,0,observed
147,2024W48,2024-11-30,47,26,mt,Montana,2.0,1,0,observed
148,2024W49,2024-12-07,48,26,mt,Montana,2.0,1,0,observed
149,2024W50,2024-12-14,49,26,mt,Montana,6.0,1,0,observed
150,2024W51,2024-12-21,50,26,mt,Montana,27.0,1,0,observed
151,2024W52,2024-12-28,51,26,mt,Montana,60.0,1,0,observed
152,2025W01,2025-01-04,0,26,mt,Montana,71.0,1,0,observed
153,2025W02,2025-01-11,1,26,mt,Montana,65.0,1,0,observed
154,2025W03,2025-01-18,2,26,mt,Montana,80.0,1,0,observed
155,2025W04,2025-01-25,3,26,mt,Montana,68.0,1,0,observed
156,2025W05,2025-02-01,4,26,mt,Montana,109.0,1,0,observed
157,2025W06,2025-02-08,5,26,mt,Montana,161.0,1,0,observed
158,2025W07,2025-02-15,6,26,mt,Montana,159.0,1,0,observed
159,2025W08,2025-02-22,7,26,mt,Montana,208.0,1,0,observed
160,2025W09,2025-03-01,8,26,mt,Montana,191.0,1,0,observed
161,2025W10,2025-03-08,9,26,mt,Montana,159.0,1,0,observed
162,2025W11,2025-03-15,10,26,mt,Montana,125.0,1,0,observed
163,2025W12,2025-03-22,11,26,mt,Montana,91.0,1,0,observed
164,2025W13,2025-03-29,12,26,mt,Montana,59.0,1,0,observed
165,2025W14,2025-04-05,13,26,mt,Montana,32.0,1,0,observed
166,2025W15,2025-04-12,14,26,mt,Montana,34.0,1,0,observed
167,2025W16,2025-04-19,15,26,mt,Montana,22.0,1,0,observed
168,2025W17,2025-04-26,16,26,mt,Montana,11.0,1,0,observed
169,2025W18,2025-05-03,17,26,mt,Montana,6.0,1,0,observed
170,2025W19,2025-05-10,18,26,mt,Montana,0.0,1,0,observed
171,2025W20,2025-05-17,19,26,mt,Montana,0.0,1,0,observed
172,2025W21,2025-05-24,20,26,mt,Montana,2.0,1,0,observed
173,2025W22,2025-05-31,21,26,mt,Montana,4.0,1,0,observed
174,2025W23,2025-06-07,22,26,mt,Montana,2.0,1,0,observed
175,2025W24,2025-06-14,23,26,mt,Montana,1.0,1,0,observed
176,2025W25,2025-06-21,24,26,mt,Montana,2.0,1,0,observed
177,2025W26,2025-06-28,25,26,mt,Montana,1.0,1,0,observed
178,2025W27,2025-07-05,26,26,mt,Montana,2.0,1,0,observed
179,2025W28,2025-07-12,27,26,mt,Montana,3.0,1,0,observed
180,2025W29,2025-07-19,28,26,mt,Montana,2.0,1,0,observed
181,2025W30,2025-07-26,29,26,mt,Montana,0.0,1,0,observed
182,2025W31,2025-08-02,30,26,mt,Montana,0.0,1,0,observed
183,2025W32,2025-08-09,31,26,mt,Montana,1.0,1,0,observed
184,2025W33,2025-08-16,32,26,mt,Montana,1.0,1,0,observed
185,2025W34,2025-08-23,33,26,mt,Montana,0.0,1,0,observed
186,2025W35,2025-08-30,34,26,mt,Montana,3.0,1,0,observed
187,2025W36,2025-09-06,35,26,mt,Montana,5.0,1,0,observed
188,2025W37,2025-09-13,36,26,mt,Montana,1.0,1,0,observed
189,2025W38,2025-09-20,37,26,mt,Montana,0.0,1,0,observed
190,2025W39,2025-09-27,38,26,mt,Montana,0.0,1,0,observed
191,2025W40,2025-10-04,39,26,mt,Montana,6.0,1,0,observed
192,2025W41,2025-10-11,40,26,mt,Montana,2.0,1,0,observed
193,2025W42,2025-10-18,41,26,mt,Montana,5.0,1,0,observed
194,2025W43,2025-10-25,42,26,mt,Montana,6.0,1,0,observed
195,2025W44,2025-11-01,43,26,mt,Montana,1.0,1,0,observed
196,2025W45,2025-11-08,44,26,mt,Montana,1.0,1,0,observed
197,2025W46,2025-11-15,45,26,mt,Montana,7.0,1,0,observed
198,2025W47,2025-11-22,46,26,mt,Montana,4.0,1,0,observed
199,2025W48,2025-11-29,47,26,mt,Montana,13.0,1,0,observed
200,2025W49,2025-12-06,48,26,mt,Montana,16.0,1,0,observed
201,2025W50,2025-12-13,49,26,mt,Montana,24.0,1,0,observed
202,2025W51,2025-12-20,50,26,mt,Montana,40.0,1,0,observed
203,2025W52,2025-12-27,51,26,mt,Montana,122.0,1,0,observed
204,2026W01,2026-01-03,0,26,mt,Montana,151.0,1,0,observed
205,2026W02,2026-01-10,1,26,mt,Montana,123.0,1,0,observed
206,2026W03,2026-01-17,2,26,mt,Montana,82.0,1,0,observed
207,2026W04,2026-01-24,3,26,mt,Montana,64.0,1,0,observed
208,2026W05,2026-01-31,4,26,mt,Montana,79.0,1,0,observed
209,2026W06,2026-02-07,5,26,mt,Montana,84.0,1,0,observed
210,2026W07,2026-02-14,6,26,mt,Montana,92.0,1,0,observed
211,2026W08,2026-02-21,7,26,mt,Montana,53.0,1,0,observed
212,2026W09,2026-02-28,8,26,mt,Montana,47.0,1,0,observed
213,2026W10,2026-03-07,9,26,mt,Montana,38.0,1,0,observed
214,2026W11,2026-03-14,10,26,mt,Montana,51.0,1,0,observed
215,2026W12,2026-03-21,11,26,mt,Montana,34.0,1,0,observed
216,2026W13,2026-03-28,12,26,mt,Montana,13.0,1,0,observed
217,2026W14,2026-04-04,13,26,mt,Montana,14.0,1,0,observed
218,2026W15,2026-04-11,14,26,mt,Montana,9.0,1,0,observed
219,2026W16,2026-04-18,15,26,mt,Montana,5.0,1,0,observed
0,2022W05,2022-02-05,4,27,ne,Nebraska,34.0,1,0,observed
1,2022W06,2022-02-12,5,27,ne,Nebraska,29.0,1,0,observed
2,2022W07,2022-02-19,6,27,ne,Nebraska,32.0,1,0,observed
3,2022W08,2022-02-26,7,27,ne,Nebraska,40.0,1,0,observed
4,2022W09,2022-03-05,8,27,ne,Nebraska,53.0,1,0,observed
5,2022W10,2022-03-12,9,27,ne,Nebraska,43.0,1,0,observed
6,2022W11,2022-03-19,10,27,ne,Nebraska,61.0,1,0,observed
7,2022W12,2022-03-26,11,27,ne,Nebraska,60.0,1,0,observed
8,2022W13,2022-04-02,12,27,ne,Nebraska,25.0,1,0,observed
9,2022W14,2022-04-09,13,27,ne,Nebraska,35.0,1,0,observed
10,2022W15,2022-04-16,14,27,ne,Nebraska,29.0,1,0,observed
11,2022W16,2022-04-23,15,27,ne,Nebraska,16.0,1,0,observed
12,2022W17,2022-04-30,16,27,ne,Nebraska,16.0,1,0,observed
13,2022W18,2022-05-07,17,27,ne,Nebraska,6.0,1,0,observed
14,2022W19,2022-05-14,18,27,ne,Nebraska,4.0,1,0,observed
15,2022W20,2022-05-21,19,27,ne,Nebraska,7.0,1,0,observed
16,2022W21,2022-05-28,20,27,ne,Nebraska,3.0,1,0,observed
17,2022W22,2022-06-04,21,27,ne,Nebraska,6.0,1,0,observed
18,2022W23,2022-06-11,22,27,ne,Nebraska,9.0,1,0,observed
19,2022W24,2022-06-18,23,27,ne,Nebraska,3.0,1,0,observed
20,2022W25,2022-06-25,24,27,ne,Nebraska,6.0,1,0,observed
21,2022W26,2022-07-02,25,27,ne,Nebraska,9.0,1,0,observed
22,2022W27,2022-07-09,26,27,ne,Nebraska,5.0,1,0,observed
23,2022W28,2022-07-16,27,27,ne,Nebraska,7.0,1,0,observed
24,2022W29,2022-07-23,28,27,ne,Nebraska,1.0,1,0,observed
25,2022W30,2022-07-30,29,27,ne,Nebraska,3.0,1,0,observed
26,2022W31,2022-08-06,30,27,ne,Nebraska,3.0,1,0,observed
27,2022W32,2022-08-13,31,27,ne,Nebraska,0.0,1,0,observed
28,2022W33,2022-08-20,32,27,ne,Nebraska,6.0,1,0,observed
29,2022W34,2022-08-27,33,27,ne,Nebraska,9.0,1,0,observed
30,2022W35,2022-09-03,34,27,ne,Nebraska,8.0,1,0,observed
31,2022W36,2022-09-10,35,27,ne,Nebraska,2.0,1,0,observed
32,2022W37,2022-09-17,36,27,ne,Nebraska,9.0,1,0,observed
33,2022W38,2022-09-24,37,27,ne,Nebraska,2.0,1,0,observed
34,2022W39,2022-10-01,38,27,ne,Nebraska,18.0,1,0,observed
35,2022W40,2022-10-08,39,27,ne,Nebraska,20.0,1,0,observed
36,2022W41,2022-10-15,40,27,ne,Nebraska,11.0,1,0,observed
37,2022W42,2022-10-22,41,27,ne,Nebraska,12.0,1,0,observed
38,2022W43,2022-10-29,42,27,ne,Nebraska,12.0,1,0,observed
39,2022W44,2022-11-05,43,27,ne,Nebraska,31.0,1,0,observed
40,2022W45,2022-11-12,44,27,ne,Nebraska,24.0,1,0,observed
41,2022W46,2022-11-19,45,27,ne,Nebraska,31.0,1,0,observed
42,2022W47,2022-11-26,46,27,ne,Nebraska,60.0,1,0,observed
43,2022W48,2022-12-03,47,27,ne,Nebraska,104.0,1,0,observed
44,2022W49,2022-12-10,48,27,ne,Nebraska,122.0,1,0,observed
45,2022W50,2022-12-17,49,27,ne,Nebraska,166.0,1,0,observed
46,2022W51,2022-12-24,50,27,ne,Nebraska,140.0,1,0,observed
47,2022W52,2022-12-31,51,27,ne,Nebraska,144.0,1,0,observed
48,2023W01,2023-01-07,0,27,ne,Nebraska,99.0,1,0,observed
49,2023W02,2023-01-14,1,27,ne,Nebraska,63.0,1,0,observed
50,2023W03,2023-01-21,2,27,ne,Nebraska,55.0,1,0,observed
51,2023W04,2023-01-28,3,27,ne,Nebraska,22.0,1,0,observed
52,2023W05,2023-02-04,4,27,ne,Nebraska,6.0,1,0,observed
53,2023W06,2023-02-11,5,27,ne,Nebraska,2.0,1,0,observed
54,2023W07,2023-02-18,6,27,ne,Nebraska,6.0,1,0,observed
55,2023W08,2023-02-25,7,27,ne,Nebraska,9.0,1,0,observed
56,2023W09,2023-03-04,8,27,ne,Nebraska,6.0,1,0,observed
57,2023W10,2023-03-11,9,27,ne,Nebraska,14.0,1,0,observed
58,2023W11,2023-03-18,10,27,ne,Nebraska,11.0,1,0,observed
59,2023W12,2023-03-25,11,27,ne,Nebraska,9.0,1,0,observed
60,2023W13,2023-04-01,12,27,ne,Nebraska,10.0,1,0,observed
61,2023W14,2023-04-08,13,27,ne,Nebraska,3.0,1,0,observed
62,2023W15,2023-04-15,14,27,ne,Nebraska,6.0,1,0,observed
63,2023W16,2023-04-22,15,27,ne,Nebraska,7.0,1,0,observed
64,2023W17,2023-04-29,16,27,ne,Nebraska,4.0,1,0,observed
65,2023W18,2023-05-06,17,27,ne,Nebraska,2.0,1,0,observed
66,2023W19,2023-05-13,18,27,ne,Nebraska,4.0,1,0,observed
67,2023W20,2023-05-20,19,27,ne,Nebraska,2.0,1,0,observed
68,2023W21,2023-05-27,20,27,ne,Nebraska,7.0,1,0,observed
69,2023W22,2023-06-03,21,27,ne,Nebraska,3.0,1,0,observed
70,2023W23,2023-06-10,22,27,ne,Nebraska,1.0,1,0,observed
71,2023W24,2023-06-17,23,27,ne,Nebraska,1.0,1,0,observed
72,2023W25,2023-06-24,24,27,ne,Nebraska,1.0,1,0,observed
73,2023W26,2023-07-01,25,27,ne,Nebraska,1.0,1,0,observed
74,2023W27,2023-07-08,26,27,ne,Nebraska,1.0,1,0,observed
75,2023W28,2023-07-15,27,27,ne,Nebraska,0.0,1,0,observed
76,2023W29,2023-07-22,28,27,ne,Nebraska,1.0,1,0,observed
77,2023W30,2023-07-29,29,27,ne,Nebraska,1.0,1,0,observed
78,2023W31,2023-08-05,30,27,ne,Nebraska,1.0,1,0,observed
79,2023W32,2023-08-12,31,27,ne,Nebraska,1.0,1,0,observed
80,2023W33,2023-08-19,32,27,ne,Nebraska,1.0,1,0,observed
81,2023W34,2023-08-26,33,27,ne,Nebraska,3.0,1,0,observed
82,2023W35,2023-09-02,34,27,ne,Nebraska,2.0,1,0,observed
83,2023W36,2023-09-09,35,27,ne,Nebraska,1.0,1,0,observed
84,2023W37,2023-09-16,36,27,ne,Nebraska,0.0,1,0,observed
85,2023W38,2023-09-23,37,27,ne,Nebraska,6.0,1,0,observed
86,2023W39,2023-09-30,38,27,ne,Nebraska,1.0,1,0,observed
87,2023W40,2023-10-07,39,27,ne,Nebraska,5.0,1,0,observed
88,2023W41,2023-10-14,40,27,ne,Nebraska,9.0,1,0,observed
89,2023W42,2023-10-21,41,27,ne,Nebraska,8.0,1,0,observed
90,2023W43,2023-10-28,42,27,ne,Nebraska,7.0,1,0,observed
91,2023W44,2023-11-04,43,27,ne,Nebraska,5.0,1,0,observed
92,2023W45,2023-11-11,44,27,ne,Nebraska,5.0,1,0,observed
93,2023W46,2023-11-18,45,27,ne,Nebraska,4.0,1,0,observed
94,2023W47,2023-11-25,46,27,ne,Nebraska,8.0,1,0,observed
95,2023W48,2023-12-02,47,27,ne,Nebraska,8.0,1,0,observed
96,2023W49,2023-12-09,48,27,ne,Nebraska,11.0,1,0,observed
97,2023W50,2023-12-16,49,27,ne,Nebraska,13.0,1,0,observed
98,2023W51,2023-12-23,50,27,ne,Nebraska,62.0,1,0,observed
99,2023W52,2023-12-30,51,27,ne,Nebraska,51.0,1,0,observed
100,2024W01,2024-01-06,0,27,ne,Nebraska,50.0,1,0,observed
101,2024W02,2024-01-13,1,27,ne,Nebraska,55.0,1,0,observed
102,2024W03,2024-01-20,2,27,ne,Nebraska,35.0,1,0,observed
103,2024W04,2024-01-27,3,27,ne,Nebraska,47.0,1,0,observed
104,2024W05,2024-02-03,4,27,ne,Nebraska,47.0,1,0,observed
105,2024W06,2024-02-10,5,27,ne,Nebraska,54.0,1,0,observed
106,2024W07,2024-02-17,6,27,ne,Nebraska,54.0,1,0,observed
107,2024W08,2024-02-24,7,27,ne,Nebraska,84.0,1,0,observed
108,2024W09,2024-03-02,8,27,ne,Nebraska,95.0,1,0,observed
109,2024W10,2024-03-09,9,27,ne,Nebraska,86.0,1,0,observed
110,2024W11,2024-03-16,10,27,ne,Nebraska,69.0,1,0,observed
111,2024W12,2024-03-23,11,27,ne,Nebraska,60.0,1,0,observed
112,2024W13,2024-03-30,12,27,ne,Nebraska,51.0,1,0,observed
113,2024W14,2024-04-06,13,27,ne,Nebraska,54.0,1,0,observed
114,2024W15,2024-04-13,14,27,ne,Nebraska,45.0,1,0,observed
115,2024W16,2024-04-20,15,27,ne,Nebraska,27.0,1,0,observed
116,2024W17,2024-04-27,16,27,ne,Nebraska,17.0,1,0,observed
117,2024W18,2024-05-04,17,27,ne,Nebraska,5.0,1,0,observed
118,2024W19,2024-05-11,18,27,ne,Nebraska,1.0,1,0,observed
119,2024W20,2024-05-18,19,27,ne,Nebraska,2.0,1,0,observed
120,2024W21,2024-05-25,20,27,ne,Nebraska,0.0,1,0,observed
121,2024W22,2024-06-01,21,27,ne,Nebraska,0.0,1,0,observed
122,2024W23,2024-06-08,22,27,ne,Nebraska,1.0,1,0,observed
123,2024W24,2024-06-15,23,27,ne,Nebraska,0.0,1,0,observed
124,2024W25,2024-06-22,24,27,ne,Nebraska,0.0,1,0,observed
125,2024W26,2024-06-29,25,27,ne,Nebraska,0.0,1,0,observed
126,2024W27,2024-07-06,26,27,ne,Nebraska,0.0,1,0,observed
127,2024W28,2024-07-13,27,27,ne,Nebraska,0.0,1,0,observed
128,2024W29,2024-07-20,28,27,ne,Nebraska,0.0,1,0,observed
129,2024W30,2024-07-27,29,27,ne,Nebraska,0.0,1,0,observed
130,2024W31,2024-08-03,30,27,ne,Nebraska,0.0,1,0,observed
131,2024W32,2024-08-10,31,27,ne,Nebraska,0.0,1,0,observed
132,2024W33,2024-08-17,32,27,ne,Nebraska,0.0,1,0,observed
133,2024W34,2024-08-24,33,27,ne,Nebraska,1.0,1,0,observed
134,2024W35,2024-08-31,34,27,ne,Nebraska,1.0,1,0,observed
135,2024W36,2024-09-07,35,27,ne,Nebraska,0.0,1,0,observed
136,2024W37,2024-09-14,36,27,ne,Nebraska,0.0,1,0,observed
137,2024W38,2024-09-21,37,27,ne,Nebraska,1.0,1,0,observed
138,2024W39,2024-09-28,38,27,ne,Nebraska,1.0,1,0,observed
139,2024W40,2024-10-05,39,27,ne,Nebraska,0.0,1,0,observed
140,2024W41,2024-10-12,40,27,ne,Nebraska,0.0,1,0,observed
141,2024W42,2024-10-19,41,27,ne,Nebraska,0.0,1,0,observed
142,2024W43,2024-10-26,42,27,ne,Nebraska,1.0,1,0,observed
143,2024W44,2024-11-02,43,27,ne,Nebraska,2.0,1,0,observed
144,2024W45,2024-11-09,44,27,ne,Nebraska,4.0,1,0,observed
145,2024W46,2024-11-16,45,27,ne,Nebraska,6.0,1,0,observed
146,2024W47,2024-11-23,46,27,ne,Nebraska,5.0,1,0,observed
147,2024W48,2024-11-30,47,27,ne,Nebraska,11.0,1,0,observed
148,2024W49,2024-12-07,48,27,ne,Nebraska,13.0,1,0,observed
149,2024W50,2024-12-14,49,27,ne,Nebraska,19.0,1,0,observed
150,2024W51,2024-12-21,50,27,ne,Nebraska,78.0,1,0,observed
151,2024W52,2024-12-28,51,27,ne,Nebraska,131.0,1,0,observed
152,2025W01,2025-01-04,0,27,ne,Nebraska,211.0,1,0,observed
153,2025W02,2025-01-11,1,27,ne,Nebraska,171.0,1,0,observed
154,2025W03,2025-01-18,2,27,ne,Nebraska,128.0,1,0,observed
155,2025W04,2025-01-25,3,27,ne,Nebraska,182.0,1,0,observed
156,2025W05,2025-02-01,4,27,ne,Nebraska,308.0,1,0,observed
157,2025W06,2025-02-08,5,27,ne,Nebraska,319.0,1,0,observed
158,2025W07,2025-02-15,6,27,ne,Nebraska,311.0,1,0,observed
159,2025W08,2025-02-22,7,27,ne,Nebraska,297.0,1,0,observed
160,2025W09,2025-03-01,8,27,ne,Nebraska,197.0,1,0,observed
161,2025W10,2025-03-08,9,27,ne,Nebraska,153.0,1,0,observed
162,2025W11,2025-03-15,10,27,ne,Nebraska,80.0,1,0,observed
163,2025W12,2025-03-22,11,27,ne,Nebraska,58.0,1,0,observed
164,2025W13,2025-03-29,12,27,ne,Nebraska,39.0,1,0,observed
165,2025W14,2025-04-05,13,27,ne,Nebraska,14.0,1,0,observed
166,2025W15,2025-04-12,14,27,ne,Nebraska,16.0,1,0,observed
167,2025W16,2025-04-19,15,27,ne,Nebraska,14.0,1,0,observed
168,2025W17,2025-04-26,16,27,ne,Nebraska,12.0,1,0,observed
169,2025W18,2025-05-03,17,27,ne,Nebraska,3.0,1,0,observed
170,2025W19,2025-05-10,18,27,ne,Nebraska,10.0,1,0,observed
171,2025W20,2025-05-17,19,27,ne,Nebraska,5.0,1,0,observed
172,2025W21,2025-05-24,20,27,ne,Nebraska,2.0,1,0,observed
173,2025W22,2025-05-31,21,27,ne,Nebraska,2.0,1,0,observed
174,2025W23,2025-06-07,22,27,ne,Nebraska,4.0,1,0,observed
175,2025W24,2025-06-14,23,27,ne,Nebraska,0.0,1,0,observed
176,2025W25,2025-06-21,24,27,ne,Nebraska,0.0,1,0,observed
177,2025W26,2025-06-28,25,27,ne,Nebraska,0.0,1,0,observed
178,2025W27,2025-07-05,26,27,ne,Nebraska,1.0,1,0,observed
179,2025W28,2025-07-12,27,27,ne,Nebraska,1.0,1,0,observed
180,2025W29,2025-07-19,28,27,ne,Nebraska,2.0,1,0,observed
181,2025W30,2025-07-26,29,27,ne,Nebraska,2.0,1,0,observed
182,2025W31,2025-08-02,30,27,ne,Nebraska,1.0,1,0,observed
183,2025W32,2025-08-09,31,27,ne,Nebraska,0.0,1,0,observed
184,2025W33,2025-08-16,32,27,ne,Nebraska,1.0,1,0,observed
185,2025W34,2025-08-23,33,27,ne,Nebraska,2.0,1,0,observed
186,2025W35,2025-08-30,34,27,ne,Nebraska,5.0,1,0,observed
187,2025W36,2025-09-06,35,27,ne,Nebraska,3.0,1,0,observed
188,2025W37,2025-09-13,36,27,ne,Nebraska,3.0,1,0,observed
189,2025W38,2025-09-20,37,27,ne,Nebraska,3.0,1,0,observed
190,2025W39,2025-09-27,38,27,ne,Nebraska,3.0,1,0,observed
191,2025W40,2025-10-04,39,27,ne,Nebraska,1.0,1,0,observed
192,2025W41,2025-10-11,40,27,ne,Nebraska,5.0,1,0,observed
193,2025W42,2025-10-18,41,27,ne,Nebraska,0.0,1,0,observed
194,2025W43,2025-10-25,42,27,ne,Nebraska,3.0,1,0,observed
195,2025W44,2025-11-01,43,27,ne,Nebraska,1.0,1,0,observed
196,2025W45,2025-11-08,44,27,ne,Nebraska,2.0,1,0,observed
197,2025W46,2025-11-15,45,27,ne,Nebraska,1.0,1,0,observed
198,2025W47,2025-11-22,46,27,ne,Nebraska,2.0,1,0,observed
199,2025W48,2025-11-29,47,27,ne,Nebraska,13.0,1,0,observed
200,2025W49,2025-12-06,48,27,ne,Nebraska,15.0,1,0,observed
201,2025W50,2025-12-13,49,27,ne,Nebraska,28.0,1,0,observed
202,2025W51,2025-12-20,50,27,ne,Nebraska,72.0,1,0,observed
203,2025W52,2025-12-27,51,27,ne,Nebraska,165.0,1,0,observed
204,2026W01,2026-01-03,0,27,ne,Nebraska,204.0,1,0,observed
205,2026W02,2026-01-10,1,27,ne,Nebraska,165.0,1,0,observed
206,2026W03,2026-01-17,2,27,ne,Nebraska,125.0,1,0,observed
207,2026W04,2026-01-24,3,27,ne,Nebraska,144.0,1,0,observed
208,2026W05,2026-01-31,4,27,ne,Nebraska,129.0,1,0,observed
209,2026W06,2026-02-07,5,27,ne,Nebraska,142.0,1,0,observed
210,2026W07,2026-02-14,6,27,ne,Nebraska,152.0,1,0,observed
211,2026W08,2026-02-21,7,27,ne,Nebraska,141.0,1,0,observed
212,2026W09,2026-02-28,8,27,ne,Nebraska,84.0,1,0,observed
213,2026W10,2026-03-07,9,27,ne,Nebraska,59.0,1,0,observed
214,2026W11,2026-03-14,10,27,ne,Nebraska,54.0,1,0,observed
215,2026W12,2026-03-21,11,27,ne,Nebraska,41.0,1,0,observed
216,2026W13,2026-03-28,12,27,ne,Nebraska,17.0,1,0,observed
217,2026W14,2026-04-04,13,27,ne,Nebraska,15.0,1,0,observed
218,2026W15,2026-04-11,14,27,ne,Nebraska,5.0,1,0,observed
219,2026W16,2026-04-18,15,27,ne,Nebraska,8.0,1,0,observed
0,2022W05,2022-02-05,4,28,nv,Nevada,4.0,1,0,observed
1,2022W06,2022-02-12,5,28,nv,Nevada,8.0,1,0,observed
2,2022W07,2022-02-19,6,28,nv,Nevada,9.0,1,0,observed
3,2022W08,2022-02-26,7,28,nv,Nevada,9.0,1,0,observed
4,2022W09,2022-03-05,8,28,nv,Nevada,24.0,1,0,observed
5,2022W10,2022-03-12,9,28,nv,Nevada,33.0,1,0,observed
6,2022W11,2022-03-19,10,28,nv,Nevada,41.0,1,0,observed
7,2022W12,2022-03-26,11,28,nv,Nevada,53.0,1,0,observed
8,2022W13,2022-04-02,12,28,nv,Nevada,68.0,1,0,observed
9,2022W14,2022-04-09,13,28,nv,Nevada,110.0,1,0,observed
10,2022W15,2022-04-16,14,28,nv,Nevada,88.0,1,0,observed
11,2022W16,2022-04-23,15,28,nv,Nevada,84.0,1,0,observed
12,2022W17,2022-04-30,16,28,nv,Nevada,59.0,1,0,observed
13,2022W18,2022-05-07,17,28,nv,Nevada,59.0,1,0,observed
14,2022W19,2022-05-14,18,28,nv,Nevada,79.0,1,0,observed
15,2022W20,2022-05-21,19,28,nv,Nevada,99.0,1,0,observed
16,2022W21,2022-05-28,20,28,nv,Nevada,93.0,1,0,observed
17,2022W22,2022-06-04,21,28,nv,Nevada,71.0,1,0,observed
18,2022W23,2022-06-11,22,28,nv,Nevada,89.0,1,0,observed
19,2022W24,2022-06-18,23,28,nv,Nevada,62.0,1,0,observed
20,2022W25,2022-06-25,24,28,nv,Nevada,36.0,1,0,observed
21,2022W26,2022-07-02,25,28,nv,Nevada,24.0,1,0,observed
22,2022W27,2022-07-09,26,28,nv,Nevada,20.0,1,0,observed
23,2022W28,2022-07-16,27,28,nv,Nevada,18.0,1,0,observed
24,2022W29,2022-07-23,28,28,nv,Nevada,4.0,1,0,observed
25,2022W30,2022-07-30,29,28,nv,Nevada,5.0,1,0,observed
26,2022W31,2022-08-06,30,28,nv,Nevada,1.0,1,0,observed
27,2022W32,2022-08-13,31,28,nv,Nevada,0.0,1,0,observed
28,2022W33,2022-08-20,32,28,nv,Nevada,1.0,1,0,observed
29,2022W34,2022-08-27,33,28,nv,Nevada,5.0,1,0,observed
30,2022W35,2022-09-03,34,28,nv,Nevada,7.0,1,0,observed
31,2022W36,2022-09-10,35,28,nv,Nevada,1.0,1,0,observed
32,2022W37,2022-09-17,36,28,nv,Nevada,8.0,1,0,observed
33,2022W38,2022-09-24,37,28,nv,Nevada,11.0,1,0,observed
34,2022W39,2022-10-01,38,28,nv,Nevada,15.0,1,0,observed
35,2022W40,2022-10-08,39,28,nv,Nevada,35.0,1,0,observed
36,2022W41,2022-10-15,40,28,nv,Nevada,15.0,1,0,observed
37,2022W42,2022-10-22,41,28,nv,Nevada,15.0,1,0,observed
38,2022W43,2022-10-29,42,28,nv,Nevada,12.0,1,0,observed
39,2022W44,2022-11-05,43,28,nv,Nevada,35.0,1,0,observed
40,2022W45,2022-11-12,44,28,nv,Nevada,92.0,1,0,observed
41,2022W46,2022-11-19,45,28,nv,Nevada,162.0,1,0,observed
42,2022W47,2022-11-26,46,28,nv,Nevada,265.0,1,0,observed
43,2022W48,2022-12-03,47,28,nv,Nevada,478.0,1,0,observed
44,2022W49,2022-12-10,48,28,nv,Nevada,445.0,1,0,observed
45,2022W50,2022-12-17,49,28,nv,Nevada,318.0,1,0,observed
46,2022W51,2022-12-24,50,28,nv,Nevada,226.0,1,0,observed
47,2022W52,2022-12-31,51,28,nv,Nevada,179.0,1,0,observed
48,2023W01,2023-01-07,0,28,nv,Nevada,116.0,1,0,observed
49,2023W02,2023-01-14,1,28,nv,Nevada,37.0,1,0,observed
50,2023W03,2023-01-21,2,28,nv,Nevada,21.0,1,0,observed
51,2023W04,2023-01-28,3,28,nv,Nevada,11.0,1,0,observed
52,2023W05,2023-02-04,4,28,nv,Nevada,4.0,1,0,observed
53,2023W06,2023-02-11,5,28,nv,Nevada,11.0,1,0,observed
54,2023W07,2023-02-18,6,28,nv,Nevada,12.0,1,0,observed
55,2023W08,2023-02-25,7,28,nv,Nevada,3.0,1,0,observed
56,2023W09,2023-03-04,8,28,nv,Nevada,4.0,1,0,observed
57,2023W10,2023-03-11,9,28,nv,Nevada,3.0,1,0,observed
58,2023W11,2023-03-18,10,28,nv,Nevada,6.0,1,0,observed
59,2023W12,2023-03-25,11,28,nv,Nevada,8.0,1,0,observed
60,2023W13,2023-04-01,12,28,nv,Nevada,4.0,1,0,observed
61,2023W14,2023-04-08,13,28,nv,Nevada,4.0,1,0,observed
62,2023W15,2023-04-15,14,28,nv,Nevada,8.0,1,0,observed
63,2023W16,2023-04-22,15,28,nv,Nevada,0.0,1,0,observed
64,2023W17,2023-04-29,16,28,nv,Nevada,4.0,1,0,observed
65,2023W18,2023-05-06,17,28,nv,Nevada,7.0,1,0,observed
66,2023W19,2023-05-13,18,28,nv,Nevada,6.0,1,0,observed
67,2023W20,2023-05-20,19,28,nv,Nevada,3.0,1,0,observed
68,2023W21,2023-05-27,20,28,nv,Nevada,6.0,1,0,observed
69,2023W22,2023-06-03,21,28,nv,Nevada,6.0,1,0,observed
70,2023W23,2023-06-10,22,28,nv,Nevada,11.0,1,0,observed
71,2023W24,2023-06-17,23,28,nv,Nevada,8.0,1,0,observed
72,2023W25,2023-06-24,24,28,nv,Nevada,8.0,1,0,observed
73,2023W26,2023-07-01,25,28,nv,Nevada,7.0,1,0,observed
74,2023W27,2023-07-08,26,28,nv,Nevada,6.0,1,0,observed
75,2023W28,2023-07-15,27,28,nv,Nevada,10.0,1,0,observed
76,2023W29,2023-07-22,28,28,nv,Nevada,7.0,1,0,observed
77,2023W30,2023-07-29,29,28,nv,Nevada,4.0,1,0,observed
78,2023W31,2023-08-05,30,28,nv,Nevada,6.0,1,0,observed
79,2023W32,2023-08-12,31,28,nv,Nevada,6.0,1,0,observed
80,2023W33,2023-08-19,32,28,nv,Nevada,3.0,1,0,observed
81,2023W34,2023-08-26,33,28,nv,Nevada,4.0,1,0,observed
82,2023W35,2023-09-02,34,28,nv,Nevada,3.0,1,0,observed
83,2023W36,2023-09-09,35,28,nv,Nevada,4.0,1,0,observed
84,2023W37,2023-09-16,36,28,nv,Nevada,0.0,1,0,observed
85,2023W38,2023-09-23,37,28,nv,Nevada,4.0,1,0,observed
86,2023W39,2023-09-30,38,28,nv,Nevada,3.0,1,0,observed
87,2023W40,2023-10-07,39,28,nv,Nevada,4.0,1,0,observed
88,2023W41,2023-10-14,40,28,nv,Nevada,6.0,1,0,observed
89,2023W42,2023-10-21,41,28,nv,Nevada,7.0,1,0,observed
90,2023W43,2023-10-28,42,28,nv,Nevada,8.0,1,0,observed
91,2023W44,2023-11-04,43,28,nv,Nevada,12.0,1,0,observed
92,2023W45,2023-11-11,44,28,nv,Nevada,22.0,1,0,observed
93,2023W46,2023-11-18,45,28,nv,Nevada,27.0,1,0,observed
94,2023W47,2023-11-25,46,28,nv,Nevada,39.0,1,0,observed
95,2023W48,2023-12-02,47,28,nv,Nevada,45.0,1,0,observed
96,2023W49,2023-12-09,48,28,nv,Nevada,77.0,1,0,observed
97,2023W50,2023-12-16,49,28,nv,Nevada,118.0,1,0,observed
98,2023W51,2023-12-23,50,28,nv,Nevada,158.0,1,0,observed
99,2023W52,2023-12-30,51,28,nv,Nevada,185.0,1,0,observed
100,2024W01,2024-01-06,0,28,nv,Nevada,143.0,1,0,observed
101,2024W02,2024-01-13,1,28,nv,Nevada,145.0,1,0,observed
102,2024W03,2024-01-20,2,28,nv,Nevada,78.0,1,0,observed
103,2024W04,2024-01-27,3,28,nv,Nevada,67.0,1,0,observed
104,2024W05,2024-02-03,4,28,nv,Nevada,58.0,1,0,observed
105,2024W06,2024-02-10,5,28,nv,Nevada,35.0,1,0,observed
106,2024W07,2024-02-17,6,28,nv,Nevada,51.0,1,0,observed
107,2024W08,2024-02-24,7,28,nv,Nevada,43.0,1,0,observed
108,2024W09,2024-03-02,8,28,nv,Nevada,49.0,1,0,observed
109,2024W10,2024-03-09,9,28,nv,Nevada,43.0,1,0,observed
110,2024W11,2024-03-16,10,28,nv,Nevada,30.0,1,0,observed
111,2024W12,2024-03-23,11,28,nv,Nevada,39.0,1,0,observed
112,2024W13,2024-03-30,12,28,nv,Nevada,26.0,1,0,observed
113,2024W14,2024-04-06,13,28,nv,Nevada,35.0,1,0,observed
114,2024W15,2024-04-13,14,28,nv,Nevada,23.0,1,0,observed
115,2024W16,2024-04-20,15,28,nv,Nevada,26.0,1,0,observed
116,2024W17,2024-04-27,16,28,nv,Nevada,21.0,1,0,observed
117,2024W18,2024-05-04,17,28,nv,Nevada,10.0,1,0,observed
118,2024W19,2024-05-11,18,28,nv,Nevada,1.0,1,0,observed
119,2024W20,2024-05-18,19,28,nv,Nevada,2.0,1,0,observed
120,2024W21,2024-05-25,20,28,nv,Nevada,0.0,1,0,observed
121,2024W22,2024-06-01,21,28,nv,Nevada,1.0,1,0,observed
122,2024W23,2024-06-08,22,28,nv,Nevada,0.0,1,0,observed
123,2024W24,2024-06-15,23,28,nv,Nevada,0.0,1,0,observed
124,2024W25,2024-06-22,24,28,nv,Nevada,1.0,1,0,observed
125,2024W26,2024-06-29,25,28,nv,Nevada,1.0,1,0,observed
126,2024W27,2024-07-06,26,28,nv,Nevada,1.0,1,0,observed
127,2024W28,2024-07-13,27,28,nv,Nevada,0.0,1,0,observed
128,2024W29,2024-07-20,28,28,nv,Nevada,0.0,1,0,observed
129,2024W30,2024-07-27,29,28,nv,Nevada,0.0,1,0,observed
130,2024W31,2024-08-03,30,28,nv,Nevada,0.0,1,0,observed
131,2024W32,2024-08-10,31,28,nv,Nevada,0.0,1,0,observed
132,2024W33,2024-08-17,32,28,nv,Nevada,0.0,1,0,observed
133,2024W34,2024-08-24,33,28,nv,Nevada,0.0,1,0,observed
134,2024W35,2024-08-31,34,28,nv,Nevada,0.0,1,0,observed
135,2024W36,2024-09-07,35,28,nv,Nevada,0.0,1,0,observed
136,2024W37,2024-09-14,36,28,nv,Nevada,0.0,1,0,observed
137,2024W38,2024-09-21,37,28,nv,Nevada,0.0,1,0,observed
138,2024W39,2024-09-28,38,28,nv,Nevada,1.0,1,0,observed
139,2024W40,2024-10-05,39,28,nv,Nevada,1.0,1,0,observed
140,2024W41,2024-10-12,40,28,nv,Nevada,0.0,1,0,observed
141,2024W42,2024-10-19,41,28,nv,Nevada,5.0,1,0,observed
142,2024W43,2024-10-26,42,28,nv,Nevada,5.0,1,0,observed
143,2024W44,2024-11-02,43,28,nv,Nevada,11.0,1,0,observed
144,2024W45,2024-11-09,44,28,nv,Nevada,25.0,1,0,observed
145,2024W46,2024-11-16,45,28,nv,Nevada,43.0,1,0,observed
146,2024W47,2024-11-23,46,28,nv,Nevada,49.0,1,0,observed
147,2024W48,2024-11-30,47,28,nv,Nevada,61.0,1,0,observed
148,2024W49,2024-12-07,48,28,nv,Nevada,83.0,1,0,observed
149,2024W50,2024-12-14,49,28,nv,Nevada,114.0,1,0,observed
150,2024W51,2024-12-21,50,28,nv,Nevada,208.0,1,0,observed
151,2024W52,2024-12-28,51,28,nv,Nevada,260.0,1,0,observed
152,2025W01,2025-01-04,0,28,nv,Nevada,387.0,1,0,observed
153,2025W02,2025-01-11,1,28,nv,Nevada,262.0,1,0,observed
154,2025W03,2025-01-18,2,28,nv,Nevada,190.0,1,0,observed
155,2025W04,2025-01-25,3,28,nv,Nevada,198.0,1,0,observed
156,2025W05,2025-02-01,4,28,nv,Nevada,179.0,1,0,observed
157,2025W06,2025-02-08,5,28,nv,Nevada,222.0,1,0,observed
158,2025W07,2025-02-15,6,28,nv,Nevada,148.0,1,0,observed
159,2025W08,2025-02-22,7,28,nv,Nevada,123.0,1,0,observed
160,2025W09,2025-03-01,8,28,nv,Nevada,97.0,1,0,observed
161,2025W10,2025-03-08,9,28,nv,Nevada,79.0,1,0,observed
162,2025W11,2025-03-15,10,28,nv,Nevada,88.0,1,0,observed
163,2025W12,2025-03-22,11,28,nv,Nevada,81.0,1,0,observed
164,2025W13,2025-03-29,12,28,nv,Nevada,70.0,1,0,observed
165,2025W14,2025-04-05,13,28,nv,Nevada,41.0,1,0,observed
166,2025W15,2025-04-12,14,28,nv,Nevada,49.0,1,0,observed
167,2025W16,2025-04-19,15,28,nv,Nevada,41.0,1,0,observed
168,2025W17,2025-04-26,16,28,nv,Nevada,29.0,1,0,observed
169,2025W18,2025-05-03,17,28,nv,Nevada,19.0,1,0,observed
170,2025W19,2025-05-10,18,28,nv,Nevada,21.0,1,0,observed
171,2025W20,2025-05-17,19,28,nv,Nevada,16.0,1,0,observed
172,2025W21,2025-05-24,20,28,nv,Nevada,26.0,1,0,observed
173,2025W22,2025-05-31,21,28,nv,Nevada,15.0,1,0,observed
174,2025W23,2025-06-07,22,28,nv,Nevada,13.0,1,0,observed
175,2025W24,2025-06-14,23,28,nv,Nevada,16.0,1,0,observed
176,2025W25,2025-06-21,24,28,nv,Nevada,12.0,1,0,observed
177,2025W26,2025-06-28,25,28,nv,Nevada,10.0,1,0,observed
178,2025W27,2025-07-05,26,28,nv,Nevada,8.0,1,0,observed
179,2025W28,2025-07-12,27,28,nv,Nevada,4.0,1,0,observed
180,2025W29,2025-07-19,28,28,nv,Nevada,9.0,1,0,observed
181,2025W30,2025-07-26,29,28,nv,Nevada,6.0,1,0,observed
182,2025W31,2025-08-02,30,28,nv,Nevada,14.0,1,0,observed
183,2025W32,2025-08-09,31,28,nv,Nevada,4.0,1,0,observed
184,2025W33,2025-08-16,32,28,nv,Nevada,7.0,1,0,observed
185,2025W34,2025-08-23,33,28,nv,Nevada,3.0,1,0,observed
186,2025W35,2025-08-30,34,28,nv,Nevada,3.0,1,0,observed
187,2025W36,2025-09-06,35,28,nv,Nevada,5.0,1,0,observed
188,2025W37,2025-09-13,36,28,nv,Nevada,8.0,1,0,observed
189,2025W38,2025-09-20,37,28,nv,Nevada,9.0,1,0,observed
190,2025W39,2025-09-27,38,28,nv,Nevada,4.0,1,0,observed
191,2025W40,2025-10-04,39,28,nv,Nevada,5.0,1,0,observed
192,2025W41,2025-10-11,40,28,nv,Nevada,3.0,1,0,observed
193,2025W42,2025-10-18,41,28,nv,Nevada,10.0,1,0,observed
194,2025W43,2025-10-25,42,28,nv,Nevada,10.0,1,0,observed
195,2025W44,2025-11-01,43,28,nv,Nevada,6.0,1,0,observed
196,2025W45,2025-11-08,44,28,nv,Nevada,13.0,1,0,observed
197,2025W46,2025-11-15,45,28,nv,Nevada,18.0,1,0,observed
198,2025W47,2025-11-22,46,28,nv,Nevada,12.0,1,0,observed
199,2025W48,2025-11-29,47,28,nv,Nevada,13.0,1,0,observed
200,2025W49,2025-12-06,48,28,nv,Nevada,32.0,1,0,observed
201,2025W50,2025-12-13,49,28,nv,Nevada,54.0,1,0,observed
202,2025W51,2025-12-20,50,28,nv,Nevada,128.0,1,0,observed
203,2025W52,2025-12-27,51,28,nv,Nevada,273.0,1,0,observed
204,2026W01,2026-01-03,0,28,nv,Nevada,251.0,1,0,observed
205,2026W02,2026-01-10,1,28,nv,Nevada,199.0,1,0,observed
206,2026W03,2026-01-17,2,28,nv,Nevada,129.0,1,0,observed
207,2026W04,2026-01-24,3,28,nv,Nevada,97.0,1,0,observed
208,2026W05,2026-01-31,4,28,nv,Nevada,115.0,1,0,observed
209,2026W06,2026-02-07,5,28,nv,Nevada,104.0,1,0,observed
210,2026W07,2026-02-14,6,28,nv,Nevada,120.0,1,0,observed
211,2026W08,2026-02-21,7,28,nv,Nevada,90.0,1,0,observed
212,2026W09,2026-02-28,8,28,nv,Nevada,68.0,1,0,observed
213,2026W10,2026-03-07,9,28,nv,Nevada,60.0,1,0,observed
214,2026W11,2026-03-14,10,28,nv,Nevada,51.0,1,0,observed
215,2026W12,2026-03-21,11,28,nv,Nevada,48.0,1,0,observed
216,2026W13,2026-03-28,12,28,nv,Nevada,45.0,1,0,observed
217,2026W14,2026-04-04,13,28,nv,Nevada,34.0,1,0,observed
218,2026W15,2026-04-11,14,28,nv,Nevada,21.0,1,0,observed
219,2026W16,2026-04-18,15,28,nv,Nevada,19.0,1,0,observed
0,2022W05,2022-02-05,4,29,nh,New Hampshire,1.0,1,0,observed
1,2022W06,2022-02-12,5,29,nh,New Hampshire,9.0,1,0,observed
2,2022W07,2022-02-19,6,29,nh,New Hampshire,7.0,1,0,observed
3,2022W08,2022-02-26,7,29,nh,New Hampshire,0.0,1,0,observed
4,2022W09,2022-03-05,8,29,nh,New Hampshire,2.0,1,0,observed
5,2022W10,2022-03-12,9,29,nh,New Hampshire,14.0,1,0,observed
6,2022W11,2022-03-19,10,29,nh,New Hampshire,10.0,1,0,observed
7,2022W12,2022-03-26,11,29,nh,New Hampshire,7.0,1,0,observed
8,2022W13,2022-04-02,12,29,nh,New Hampshire,6.0,1,0,observed
9,2022W14,2022-04-09,13,29,nh,New Hampshire,13.0,1,0,observed
10,2022W15,2022-04-16,14,29,nh,New Hampshire,17.0,1,0,observed
11,2022W16,2022-04-23,15,29,nh,New Hampshire,28.0,1,0,observed
12,2022W17,2022-04-30,16,29,nh,New Hampshire,24.0,1,0,observed
13,2022W18,2022-05-07,17,29,nh,New Hampshire,21.0,1,0,observed
14,2022W19,2022-05-14,18,29,nh,New Hampshire,14.0,1,0,observed
15,2022W20,2022-05-21,19,29,nh,New Hampshire,13.0,1,0,observed
16,2022W21,2022-05-28,20,29,nh,New Hampshire,6.0,1,0,observed
17,2022W22,2022-06-04,21,29,nh,New Hampshire,6.0,1,0,observed
18,2022W23,2022-06-11,22,29,nh,New Hampshire,4.0,1,0,observed
19,2022W24,2022-06-18,23,29,nh,New Hampshire,1.0,1,0,observed
20,2022W25,2022-06-25,24,29,nh,New Hampshire,1.0,1,0,observed
21,2022W26,2022-07-02,25,29,nh,New Hampshire,0.0,1,0,observed
22,2022W27,2022-07-09,26,29,nh,New Hampshire,1.0,1,0,observed
23,2022W28,2022-07-16,27,29,nh,New Hampshire,0.0,1,0,observed
24,2022W29,2022-07-23,28,29,nh,New Hampshire,1.0,1,0,observed
25,2022W30,2022-07-30,29,29,nh,New Hampshire,1.0,1,0,observed
26,2022W31,2022-08-06,30,29,nh,New Hampshire,0.0,1,0,observed
27,2022W32,2022-08-13,31,29,nh,New Hampshire,0.0,1,0,observed
28,2022W33,2022-08-20,32,29,nh,New Hampshire,0.0,1,0,observed
29,2022W34,2022-08-27,33,29,nh,New Hampshire,0.0,1,0,observed
30,2022W35,2022-09-03,34,29,nh,New Hampshire,0.0,1,0,observed
31,2022W36,2022-09-10,35,29,nh,New Hampshire,0.0,1,0,observed
32,2022W37,2022-09-17,36,29,nh,New Hampshire,3.0,1,0,observed
33,2022W38,2022-09-24,37,29,nh,New Hampshire,1.0,1,0,observed
34,2022W39,2022-10-01,38,29,nh,New Hampshire,1.0,1,0,observed
35,2022W40,2022-10-08,39,29,nh,New Hampshire,0.0,1,0,observed
36,2022W41,2022-10-15,40,29,nh,New Hampshire,0.0,1,0,observed
37,2022W42,2022-10-22,41,29,nh,New Hampshire,1.0,1,0,observed
38,2022W43,2022-10-29,42,29,nh,New Hampshire,0.0,1,0,observed
39,2022W44,2022-11-05,43,29,nh,New Hampshire,3.0,1,0,observed
40,2022W45,2022-11-12,44,29,nh,New Hampshire,3.0,1,0,observed
41,2022W46,2022-11-19,45,29,nh,New Hampshire,9.0,1,0,observed
42,2022W47,2022-11-26,46,29,nh,New Hampshire,9.0,1,0,observed
43,2022W48,2022-12-03,47,29,nh,New Hampshire,29.0,1,0,observed
44,2022W49,2022-12-10,48,29,nh,New Hampshire,65.0,1,0,observed
45,2022W50,2022-12-17,49,29,nh,New Hampshire,76.0,1,0,observed
46,2022W51,2022-12-24,50,29,nh,New Hampshire,117.0,1,0,observed
47,2022W52,2022-12-31,51,29,nh,New Hampshire,141.0,1,0,observed
48,2023W01,2023-01-07,0,29,nh,New Hampshire,108.0,1,0,observed
49,2023W02,2023-01-14,1,29,nh,New Hampshire,47.0,1,0,observed
50,2023W03,2023-01-21,2,29,nh,New Hampshire,23.0,1,0,observed
51,2023W04,2023-01-28,3,29,nh,New Hampshire,19.0,1,0,observed
52,2023W05,2023-02-04,4,29,nh,New Hampshire,4.0,1,0,observed
53,2023W06,2023-02-11,5,29,nh,New Hampshire,8.0,1,0,observed
54,2023W07,2023-02-18,6,29,nh,New Hampshire,4.0,1,0,observed
55,2023W08,2023-02-25,7,29,nh,New Hampshire,2.0,1,0,observed
56,2023W09,2023-03-04,8,29,nh,New Hampshire,2.0,1,0,observed
57,2023W10,2023-03-11,9,29,nh,New Hampshire,4.0,1,0,observed
58,2023W11,2023-03-18,10,29,nh,New Hampshire,10.0,1,0,observed
59,2023W12,2023-03-25,11,29,nh,New Hampshire,9.0,1,0,observed
60,2023W13,2023-04-01,12,29,nh,New Hampshire,9.0,1,0,observed
61,2023W14,2023-04-08,13,29,nh,New Hampshire,6.0,1,0,observed
62,2023W15,2023-04-15,14,29,nh,New Hampshire,0.0,1,0,observed
63,2023W16,2023-04-22,15,29,nh,New Hampshire,1.0,1,0,observed
64,2023W17,2023-04-29,16,29,nh,New Hampshire,2.0,1,0,observed
65,2023W18,2023-05-06,17,29,nh,New Hampshire,3.0,1,0,observed
66,2023W19,2023-05-13,18,29,nh,New Hampshire,1.0,1,0,observed
67,2023W20,2023-05-20,19,29,nh,New Hampshire,0.0,1,0,observed
68,2023W21,2023-05-27,20,29,nh,New Hampshire,4.0,1,0,observed
69,2023W22,2023-06-03,21,29,nh,New Hampshire,1.0,1,0,observed
70,2023W23,2023-06-10,22,29,nh,New Hampshire,0.0,1,0,observed
71,2023W24,2023-06-17,23,29,nh,New Hampshire,2.0,1,0,observed
72,2023W25,2023-06-24,24,29,nh,New Hampshire,0.0,1,0,observed
73,2023W26,2023-07-01,25,29,nh,New Hampshire,1.0,1,0,observed
74,2023W27,2023-07-08,26,29,nh,New Hampshire,0.0,1,0,observed
75,2023W28,2023-07-15,27,29,nh,New Hampshire,1.0,1,0,observed
76,2023W29,2023-07-22,28,29,nh,New Hampshire,0.0,1,0,observed
77,2023W30,2023-07-29,29,29,nh,New Hampshire,1.0,1,0,observed
78,2023W31,2023-08-05,30,29,nh,New Hampshire,1.0,1,0,observed
79,2023W32,2023-08-12,31,29,nh,New Hampshire,1.0,1,0,observed
80,2023W33,2023-08-19,32,29,nh,New Hampshire,0.0,1,0,observed
81,2023W34,2023-08-26,33,29,nh,New Hampshire,0.0,1,0,observed
82,2023W35,2023-09-02,34,29,nh,New Hampshire,4.0,1,0,observed
83,2023W36,2023-09-09,35,29,nh,New Hampshire,1.0,1,0,observed
84,2023W37,2023-09-16,36,29,nh,New Hampshire,0.0,1,0,observed
85,2023W38,2023-09-23,37,29,nh,New Hampshire,2.0,1,0,observed
86,2023W39,2023-09-30,38,29,nh,New Hampshire,1.0,1,0,observed
87,2023W40,2023-10-07,39,29,nh,New Hampshire,2.0,1,0,observed
88,2023W41,2023-10-14,40,29,nh,New Hampshire,0.0,1,0,observed
89,2023W42,2023-10-21,41,29,nh,New Hampshire,0.0,1,0,observed
90,2023W43,2023-10-28,42,29,nh,New Hampshire,2.0,1,0,observed
91,2023W44,2023-11-04,43,29,nh,New Hampshire,2.0,1,0,observed
92,2023W45,2023-11-11,44,29,nh,New Hampshire,2.0,1,0,observed
93,2023W46,2023-11-18,45,29,nh,New Hampshire,2.0,1,0,observed
94,2023W47,2023-11-25,46,29,nh,New Hampshire,1.0,1,0,observed
95,2023W48,2023-12-02,47,29,nh,New Hampshire,7.0,1,0,observed
96,2023W49,2023-12-09,48,29,nh,New Hampshire,15.0,1,0,observed
97,2023W50,2023-12-16,49,29,nh,New Hampshire,28.0,1,0,observed
98,2023W51,2023-12-23,50,29,nh,New Hampshire,41.0,1,0,observed
99,2023W52,2023-12-30,51,29,nh,New Hampshire,51.0,1,0,observed
100,2024W01,2024-01-06,0,29,nh,New Hampshire,46.0,1,0,observed
101,2024W02,2024-01-13,1,29,nh,New Hampshire,47.0,1,0,observed
102,2024W03,2024-01-20,2,29,nh,New Hampshire,30.0,1,0,observed
103,2024W04,2024-01-27,3,29,nh,New Hampshire,24.0,1,0,observed
104,2024W05,2024-02-03,4,29,nh,New Hampshire,37.0,1,0,observed
105,2024W06,2024-02-10,5,29,nh,New Hampshire,43.0,1,0,observed
106,2024W07,2024-02-17,6,29,nh,New Hampshire,41.0,1,0,observed
107,2024W08,2024-02-24,7,29,nh,New Hampshire,33.0,1,0,observed
108,2024W09,2024-03-02,8,29,nh,New Hampshire,39.0,1,0,observed
109,2024W10,2024-03-09,9,29,nh,New Hampshire,33.0,1,0,observed
110,2024W11,2024-03-16,10,29,nh,New Hampshire,38.0,1,0,observed
111,2024W12,2024-03-23,11,29,nh,New Hampshire,25.0,1,0,observed
112,2024W13,2024-03-30,12,29,nh,New Hampshire,17.0,1,0,observed
113,2024W14,2024-04-06,13,29,nh,New Hampshire,16.0,1,0,observed
114,2024W15,2024-04-13,14,29,nh,New Hampshire,14.0,1,0,observed
115,2024W16,2024-04-20,15,29,nh,New Hampshire,12.0,1,0,observed
116,2024W17,2024-04-27,16,29,nh,New Hampshire,4.0,1,0,observed
117,2024W18,2024-05-04,17,29,nh,New Hampshire,3.0,1,0,observed
118,2024W19,2024-05-11,18,29,nh,New Hampshire,0.0,1,0,observed
119,2024W20,2024-05-18,19,29,nh,New Hampshire,0.0,1,0,observed
120,2024W21,2024-05-25,20,29,nh,New Hampshire,0.0,1,0,observed
121,2024W22,2024-06-01,21,29,nh,New Hampshire,0.0,1,0,observed
122,2024W23,2024-06-08,22,29,nh,New Hampshire,0.0,1,0,observed
123,2024W24,2024-06-15,23,29,nh,New Hampshire,0.0,1,0,observed
124,2024W25,2024-06-22,24,29,nh,New Hampshire,0.0,1,0,observed
125,2024W26,2024-06-29,25,29,nh,New Hampshire,0.0,1,0,observed
126,2024W27,2024-07-06,26,29,nh,New Hampshire,0.0,1,0,observed
127,2024W28,2024-07-13,27,29,nh,New Hampshire,0.0,1,0,observed
128,2024W29,2024-07-20,28,29,nh,New Hampshire,0.0,1,0,observed
129,2024W30,2024-07-27,29,29,nh,New Hampshire,0.0,1,0,observed
130,2024W31,2024-08-03,30,29,nh,New Hampshire,0.0,1,0,observed
131,2024W32,2024-08-10,31,29,nh,New Hampshire,0.0,1,0,observed
132,2024W33,2024-08-17,32,29,nh,New Hampshire,0.0,1,0,observed
133,2024W34,2024-08-24,33,29,nh,New Hampshire,0.0,1,0,observed
134,2024W35,2024-08-31,34,29,nh,New Hampshire,0.0,1,0,observed
135,2024W36,2024-09-07,35,29,nh,New Hampshire,0.0,1,0,observed
136,2024W37,2024-09-14,36,29,nh,New Hampshire,0.0,1,0,observed
137,2024W38,2024-09-21,37,29,nh,New Hampshire,0.0,1,0,observed
138,2024W39,2024-09-28,38,29,nh,New Hampshire,0.0,1,0,observed
139,2024W40,2024-10-05,39,29,nh,New Hampshire,0.0,1,0,observed
140,2024W41,2024-10-12,40,29,nh,New Hampshire,0.0,1,0,observed
141,2024W42,2024-10-19,41,29,nh,New Hampshire,0.0,1,0,observed
142,2024W43,2024-10-26,42,29,nh,New Hampshire,0.0,1,0,observed
143,2024W44,2024-11-02,43,29,nh,New Hampshire,1.0,1,0,observed
144,2024W45,2024-11-09,44,29,nh,New Hampshire,5.0,1,0,observed
145,2024W46,2024-11-16,45,29,nh,New Hampshire,6.0,1,0,observed
146,2024W47,2024-11-23,46,29,nh,New Hampshire,11.0,1,0,observed
147,2024W48,2024-11-30,47,29,nh,New Hampshire,14.0,1,0,observed
148,2024W49,2024-12-07,48,29,nh,New Hampshire,16.0,1,0,observed
149,2024W50,2024-12-14,49,29,nh,New Hampshire,22.0,1,0,observed
150,2024W51,2024-12-21,50,29,nh,New Hampshire,24.0,1,0,observed
151,2024W52,2024-12-28,51,29,nh,New Hampshire,53.0,1,0,observed
152,2025W01,2025-01-04,0,29,nh,New Hampshire,108.0,1,0,observed
153,2025W02,2025-01-11,1,29,nh,New Hampshire,90.0,1,0,observed
154,2025W03,2025-01-18,2,29,nh,New Hampshire,86.0,1,0,observed
155,2025W04,2025-01-25,3,29,nh,New Hampshire,144.0,1,0,observed
156,2025W05,2025-02-01,4,29,nh,New Hampshire,174.0,1,0,observed
157,2025W06,2025-02-08,5,29,nh,New Hampshire,203.0,1,0,observed
158,2025W07,2025-02-15,6,29,nh,New Hampshire,205.0,1,0,observed
159,2025W08,2025-02-22,7,29,nh,New Hampshire,212.0,1,0,observed
160,2025W09,2025-03-01,8,29,nh,New Hampshire,190.0,1,0,observed
161,2025W10,2025-03-08,9,29,nh,New Hampshire,145.0,1,0,observed
162,2025W11,2025-03-15,10,29,nh,New Hampshire,79.0,1,0,observed
163,2025W12,2025-03-22,11,29,nh,New Hampshire,53.0,1,0,observed
164,2025W13,2025-03-29,12,29,nh,New Hampshire,34.0,1,0,observed
165,2025W14,2025-04-05,13,29,nh,New Hampshire,17.0,1,0,observed
166,2025W15,2025-04-12,14,29,nh,New Hampshire,22.0,1,0,observed
167,2025W16,2025-04-19,15,29,nh,New Hampshire,22.0,1,0,observed
168,2025W17,2025-04-26,16,29,nh,New Hampshire,9.0,1,0,observed
169,2025W18,2025-05-03,17,29,nh,New Hampshire,6.0,1,0,observed
170,2025W19,2025-05-10,18,29,nh,New Hampshire,8.0,1,0,observed
171,2025W20,2025-05-17,19,29,nh,New Hampshire,3.0,1,0,observed
172,2025W21,2025-05-24,20,29,nh,New Hampshire,1.0,1,0,observed
173,2025W22,2025-05-31,21,29,nh,New Hampshire,3.0,1,0,observed
174,2025W23,2025-06-07,22,29,nh,New Hampshire,1.0,1,0,observed
175,2025W24,2025-06-14,23,29,nh,New Hampshire,2.0,1,0,observed
176,2025W25,2025-06-21,24,29,nh,New Hampshire,2.0,1,0,observed
177,2025W26,2025-06-28,25,29,nh,New Hampshire,0.0,1,0,observed
178,2025W27,2025-07-05,26,29,nh,New Hampshire,1.0,1,0,observed
179,2025W28,2025-07-12,27,29,nh,New Hampshire,3.0,1,0,observed
180,2025W29,2025-07-19,28,29,nh,New Hampshire,1.0,1,0,observed
181,2025W30,2025-07-26,29,29,nh,New Hampshire,3.0,1,0,observed
182,2025W31,2025-08-02,30,29,nh,New Hampshire,3.0,1,0,observed
183,2025W32,2025-08-09,31,29,nh,New Hampshire,3.0,1,0,observed
184,2025W33,2025-08-16,32,29,nh,New Hampshire,5.0,1,0,observed
185,2025W34,2025-08-23,33,29,nh,New Hampshire,0.0,1,0,observed
186,2025W35,2025-08-30,34,29,nh,New Hampshire,2.0,1,0,observed
187,2025W36,2025-09-06,35,29,nh,New Hampshire,0.0,1,0,observed
188,2025W37,2025-09-13,36,29,nh,New Hampshire,0.0,1,0,observed
189,2025W38,2025-09-20,37,29,nh,New Hampshire,1.0,1,0,observed
190,2025W39,2025-09-27,38,29,nh,New Hampshire,0.0,1,0,observed
191,2025W40,2025-10-04,39,29,nh,New Hampshire,4.0,1,0,observed
192,2025W41,2025-10-11,40,29,nh,New Hampshire,4.0,1,0,observed
193,2025W42,2025-10-18,41,29,nh,New Hampshire,2.0,1,0,observed
194,2025W43,2025-10-25,42,29,nh,New Hampshire,0.0,1,0,observed
195,2025W44,2025-11-01,43,29,nh,New Hampshire,2.0,1,0,observed
196,2025W45,2025-11-08,44,29,nh,New Hampshire,0.0,1,0,observed
197,2025W46,2025-11-15,45,29,nh,New Hampshire,5.0,1,0,observed
198,2025W47,2025-11-22,46,29,nh,New Hampshire,12.0,1,0,observed
199,2025W48,2025-11-29,47,29,nh,New Hampshire,11.0,1,0,observed
200,2025W49,2025-12-06,48,29,nh,New Hampshire,25.0,1,0,observed
201,2025W50,2025-12-13,49,29,nh,New Hampshire,46.0,1,0,observed
202,2025W51,2025-12-20,50,29,nh,New Hampshire,95.0,1,0,observed
203,2025W52,2025-12-27,51,29,nh,New Hampshire,196.0,1,0,observed
204,2026W01,2026-01-03,0,29,nh,New Hampshire,290.0,1,0,observed
205,2026W02,2026-01-10,1,29,nh,New Hampshire,224.0,1,0,observed
206,2026W03,2026-01-17,2,29,nh,New Hampshire,154.0,1,0,observed
207,2026W04,2026-01-24,3,29,nh,New Hampshire,118.0,1,0,observed
208,2026W05,2026-01-31,4,29,nh,New Hampshire,49.0,1,0,observed
209,2026W06,2026-02-07,5,29,nh,New Hampshire,61.0,1,0,observed
210,2026W07,2026-02-14,6,29,nh,New Hampshire,60.0,1,0,observed
211,2026W08,2026-02-21,7,29,nh,New Hampshire,55.0,1,0,observed
212,2026W09,2026-02-28,8,29,nh,New Hampshire,32.0,1,0,observed
213,2026W10,2026-03-07,9,29,nh,New Hampshire,35.0,1,0,observed
214,2026W11,2026-03-14,10,29,nh,New Hampshire,21.0,1,0,observed
215,2026W12,2026-03-21,11,29,nh,New Hampshire,27.0,1,0,observed
216,2026W13,2026-03-28,12,29,nh,New Hampshire,15.0,1,0,observed
217,2026W14,2026-04-04,13,29,nh,New Hampshire,17.0,1,0,observed
218,2026W15,2026-04-11,14,29,nh,New Hampshire,6.0,1,0,observed
219,2026W16,2026-04-18,15,29,nh,New Hampshire,9.0,1,0,observed
0,2022W05,2022-02-05,4,30,nj,New Jersey,18.0,1,0,observed
1,2022W06,2022-02-12,5,30,nj,New Jersey,20.0,1,0,observed
2,2022W07,2022-02-19,6,30,nj,New Jersey,22.0,1,0,observed
3,2022W08,2022-02-26,7,30,nj,New Jersey,28.0,1,0,observed
4,2022W09,2022-03-05,8,30,nj,New Jersey,33.0,1,0,observed
5,2022W10,2022-03-12,9,30,nj,New Jersey,30.0,1,0,observed
6,2022W11,2022-03-19,10,30,nj,New Jersey,41.0,1,0,observed
7,2022W12,2022-03-26,11,30,nj,New Jersey,60.0,1,0,observed
8,2022W13,2022-04-02,12,30,nj,New Jersey,80.0,1,0,observed
9,2022W14,2022-04-09,13,30,nj,New Jersey,136.0,1,0,observed
10,2022W15,2022-04-16,14,30,nj,New Jersey,140.0,1,0,observed
11,2022W16,2022-04-23,15,30,nj,New Jersey,126.0,1,0,observed
12,2022W17,2022-04-30,16,30,nj,New Jersey,125.0,1,0,observed
13,2022W18,2022-05-07,17,30,nj,New Jersey,119.0,1,0,observed
14,2022W19,2022-05-14,18,30,nj,New Jersey,95.0,1,0,observed
15,2022W20,2022-05-21,19,30,nj,New Jersey,87.0,1,0,observed
16,2022W21,2022-05-28,20,30,nj,New Jersey,75.0,1,0,observed
17,2022W22,2022-06-04,21,30,nj,New Jersey,52.0,1,0,observed
18,2022W23,2022-06-11,22,30,nj,New Jersey,42.0,1,0,observed
19,2022W24,2022-06-18,23,30,nj,New Jersey,43.0,1,0,observed
20,2022W25,2022-06-25,24,30,nj,New Jersey,23.0,1,0,observed
21,2022W26,2022-07-02,25,30,nj,New Jersey,11.0,1,0,observed
22,2022W27,2022-07-09,26,30,nj,New Jersey,15.0,1,0,observed
23,2022W28,2022-07-16,27,30,nj,New Jersey,17.0,1,0,observed
24,2022W29,2022-07-23,28,30,nj,New Jersey,8.0,1,0,observed
25,2022W30,2022-07-30,29,30,nj,New Jersey,9.0,1,0,observed
26,2022W31,2022-08-06,30,30,nj,New Jersey,16.0,1,0,observed
27,2022W32,2022-08-13,31,30,nj,New Jersey,9.0,1,0,observed
28,2022W33,2022-08-20,32,30,nj,New Jersey,7.0,1,0,observed
29,2022W34,2022-08-27,33,30,nj,New Jersey,12.0,1,0,observed
30,2022W35,2022-09-03,34,30,nj,New Jersey,8.0,1,0,observed
31,2022W36,2022-09-10,35,30,nj,New Jersey,7.0,1,0,observed
32,2022W37,2022-09-17,36,30,nj,New Jersey,10.0,1,0,observed
33,2022W38,2022-09-24,37,30,nj,New Jersey,15.0,1,0,observed
34,2022W39,2022-10-01,38,30,nj,New Jersey,21.0,1,0,observed
35,2022W40,2022-10-08,39,30,nj,New Jersey,24.0,1,0,observed
36,2022W41,2022-10-15,40,30,nj,New Jersey,32.0,1,0,observed
37,2022W42,2022-10-22,41,30,nj,New Jersey,35.0,1,0,observed
38,2022W43,2022-10-29,42,30,nj,New Jersey,67.0,1,0,observed
39,2022W44,2022-11-05,43,30,nj,New Jersey,166.0,1,0,observed
40,2022W45,2022-11-12,44,30,nj,New Jersey,295.0,1,0,observed
41,2022W46,2022-11-19,45,30,nj,New Jersey,320.0,1,0,observed
42,2022W47,2022-11-26,46,30,nj,New Jersey,513.0,1,0,observed
43,2022W48,2022-12-03,47,30,nj,New Jersey,995.0,1,0,observed
44,2022W49,2022-12-10,48,30,nj,New Jersey,756.0,1,0,observed
45,2022W50,2022-12-17,49,30,nj,New Jersey,606.0,1,0,observed
46,2022W51,2022-12-24,50,30,nj,New Jersey,522.0,1,0,observed
47,2022W52,2022-12-31,51,30,nj,New Jersey,476.0,1,0,observed
48,2023W01,2023-01-07,0,30,nj,New Jersey,343.0,1,0,observed
49,2023W02,2023-01-14,1,30,nj,New Jersey,166.0,1,0,observed
50,2023W03,2023-01-21,2,30,nj,New Jersey,102.0,1,0,observed
51,2023W04,2023-01-28,3,30,nj,New Jersey,79.0,1,0,observed
52,2023W05,2023-02-04,4,30,nj,New Jersey,38.0,1,0,observed
53,2023W06,2023-02-11,5,30,nj,New Jersey,26.0,1,0,observed
54,2023W07,2023-02-18,6,30,nj,New Jersey,53.0,1,0,observed
55,2023W08,2023-02-25,7,30,nj,New Jersey,41.0,1,0,observed
56,2023W09,2023-03-04,8,30,nj,New Jersey,31.0,1,0,observed
57,2023W10,2023-03-11,9,30,nj,New Jersey,22.0,1,0,observed
58,2023W11,2023-03-18,10,30,nj,New Jersey,22.0,1,0,observed
59,2023W12,2023-03-25,11,30,nj,New Jersey,44.0,1,0,observed
60,2023W13,2023-04-01,12,30,nj,New Jersey,39.0,1,0,observed
61,2023W14,2023-04-08,13,30,nj,New Jersey,39.0,1,0,observed
62,2023W15,2023-04-15,14,30,nj,New Jersey,45.0,1,0,observed
63,2023W16,2023-04-22,15,30,nj,New Jersey,35.0,1,0,observed
64,2023W17,2023-04-29,16,30,nj,New Jersey,13.0,1,0,observed
65,2023W18,2023-05-06,17,30,nj,New Jersey,21.0,1,0,observed
66,2023W19,2023-05-13,18,30,nj,New Jersey,21.0,1,0,observed
67,2023W20,2023-05-20,19,30,nj,New Jersey,15.0,1,0,observed
68,2023W21,2023-05-27,20,30,nj,New Jersey,20.0,1,0,observed
69,2023W22,2023-06-03,21,30,nj,New Jersey,25.0,1,0,observed
70,2023W23,2023-06-10,22,30,nj,New Jersey,13.0,1,0,observed
71,2023W24,2023-06-17,23,30,nj,New Jersey,9.0,1,0,observed
72,2023W25,2023-06-24,24,30,nj,New Jersey,12.0,1,0,observed
73,2023W26,2023-07-01,25,30,nj,New Jersey,6.0,1,0,observed
74,2023W27,2023-07-08,26,30,nj,New Jersey,16.0,1,0,observed
75,2023W28,2023-07-15,27,30,nj,New Jersey,7.0,1,0,observed
76,2023W29,2023-07-22,28,30,nj,New Jersey,16.0,1,0,observed
77,2023W30,2023-07-29,29,30,nj,New Jersey,8.0,1,0,observed
78,2023W31,2023-08-05,30,30,nj,New Jersey,15.0,1,0,observed
79,2023W32,2023-08-12,31,30,nj,New Jersey,6.0,1,0,observed
80,2023W33,2023-08-19,32,30,nj,New Jersey,12.0,1,0,observed
81,2023W34,2023-08-26,33,30,nj,New Jersey,16.0,1,0,observed
82,2023W35,2023-09-02,34,30,nj,New Jersey,10.0,1,0,observed
83,2023W36,2023-09-09,35,30,nj,New Jersey,13.0,1,0,observed
84,2023W37,2023-09-16,36,30,nj,New Jersey,10.0,1,0,observed
85,2023W38,2023-09-23,37,30,nj,New Jersey,19.0,1,0,observed
86,2023W39,2023-09-30,38,30,nj,New Jersey,9.0,1,0,observed
87,2023W40,2023-10-07,39,30,nj,New Jersey,17.0,1,0,observed
88,2023W41,2023-10-14,40,30,nj,New Jersey,13.0,1,0,observed
89,2023W42,2023-10-21,41,30,nj,New Jersey,33.0,1,0,observed
90,2023W43,2023-10-28,42,30,nj,New Jersey,44.0,1,0,observed
91,2023W44,2023-11-04,43,30,nj,New Jersey,26.0,1,0,observed
92,2023W45,2023-11-11,44,30,nj,New Jersey,46.0,1,0,observed
93,2023W46,2023-11-18,45,30,nj,New Jersey,33.0,1,0,observed
94,2023W47,2023-11-25,46,30,nj,New Jersey,75.0,1,0,observed
95,2023W48,2023-12-02,47,30,nj,New Jersey,129.0,1,0,observed
96,2023W49,2023-12-09,48,30,nj,New Jersey,160.0,1,0,observed
97,2023W50,2023-12-16,49,30,nj,New Jersey,304.0,1,0,observed
98,2023W51,2023-12-23,50,30,nj,New Jersey,488.0,1,0,observed
99,2023W52,2023-12-30,51,30,nj,New Jersey,729.0,1,0,observed
100,2024W01,2024-01-06,0,30,nj,New Jersey,667.0,1,0,observed
101,2024W02,2024-01-13,1,30,nj,New Jersey,570.0,1,0,observed
102,2024W03,2024-01-20,2,30,nj,New Jersey,441.0,1,0,observed
103,2024W04,2024-01-27,3,30,nj,New Jersey,345.0,1,0,observed
104,2024W05,2024-02-03,4,30,nj,New Jersey,331.0,1,0,observed
105,2024W06,2024-02-10,5,30,nj,New Jersey,323.0,1,0,observed
106,2024W07,2024-02-17,6,30,nj,New Jersey,370.0,1,0,observed
107,2024W08,2024-02-24,7,30,nj,New Jersey,297.0,1,0,observed
108,2024W09,2024-03-02,8,30,nj,New Jersey,343.0,1,0,observed
109,2024W10,2024-03-09,9,30,nj,New Jersey,272.0,1,0,observed
110,2024W11,2024-03-16,10,30,nj,New Jersey,218.0,1,0,observed
111,2024W12,2024-03-23,11,30,nj,New Jersey,180.0,1,0,observed
112,2024W13,2024-03-30,12,30,nj,New Jersey,188.0,1,0,observed
113,2024W14,2024-04-06,13,30,nj,New Jersey,168.0,1,0,observed
114,2024W15,2024-04-13,14,30,nj,New Jersey,130.0,1,0,observed
115,2024W16,2024-04-20,15,30,nj,New Jersey,110.0,1,0,observed
116,2024W17,2024-04-27,16,30,nj,New Jersey,89.0,1,0,observed
117,2024W18,2024-05-04,17,30,nj,New Jersey,81.0,1,0,observed
118,2024W19,2024-05-11,18,30,nj,New Jersey,47.0,1,0,observed
119,2024W20,2024-05-18,19,30,nj,New Jersey,32.0,1,0,observed
120,2024W21,2024-05-25,20,30,nj,New Jersey,37.0,1,0,observed
121,2024W22,2024-06-01,21,30,nj,New Jersey,26.0,1,0,observed
122,2024W23,2024-06-08,22,30,nj,New Jersey,20.0,1,0,observed
123,2024W24,2024-06-15,23,30,nj,New Jersey,25.0,1,0,observed
124,2024W25,2024-06-22,24,30,nj,New Jersey,16.0,1,0,observed
125,2024W26,2024-06-29,25,30,nj,New Jersey,20.0,1,0,observed
126,2024W27,2024-07-06,26,30,nj,New Jersey,21.0,1,0,observed
127,2024W28,2024-07-13,27,30,nj,New Jersey,23.0,1,0,observed
128,2024W29,2024-07-20,28,30,nj,New Jersey,17.0,1,0,observed
129,2024W30,2024-07-27,29,30,nj,New Jersey,17.0,1,0,observed
130,2024W31,2024-08-03,30,30,nj,New Jersey,12.0,1,0,observed
131,2024W32,2024-08-10,31,30,nj,New Jersey,15.0,1,0,observed
132,2024W33,2024-08-17,32,30,nj,New Jersey,10.0,1,0,observed
133,2024W34,2024-08-24,33,30,nj,New Jersey,12.0,1,0,observed
134,2024W35,2024-08-31,34,30,nj,New Jersey,7.0,1,0,observed
135,2024W36,2024-09-07,35,30,nj,New Jersey,12.0,1,0,observed
136,2024W37,2024-09-14,36,30,nj,New Jersey,21.0,1,0,observed
137,2024W38,2024-09-21,37,30,nj,New Jersey,27.0,1,0,observed
138,2024W39,2024-09-28,38,30,nj,New Jersey,8.0,1,0,observed
139,2024W40,2024-10-05,39,30,nj,New Jersey,17.0,1,0,observed
140,2024W41,2024-10-12,40,30,nj,New Jersey,0.0,1,0,observed
141,2024W42,2024-10-19,41,30,nj,New Jersey,0.0,1,0,observed
142,2024W43,2024-10-26,42,30,nj,New Jersey,2.0,1,0,observed
143,2024W44,2024-11-02,43,30,nj,New Jersey,28.0,1,0,observed
144,2024W45,2024-11-09,44,30,nj,New Jersey,30.0,1,0,observed
145,2024W46,2024-11-16,45,30,nj,New Jersey,37.0,1,0,observed
146,2024W47,2024-11-23,46,30,nj,New Jersey,47.0,1,0,observed
147,2024W48,2024-11-30,47,30,nj,New Jersey,67.0,1,0,observed
148,2024W49,2024-12-07,48,30,nj,New Jersey,109.0,1,0,observed
149,2024W50,2024-12-14,49,30,nj,New Jersey,174.0,1,0,observed
150,2024W51,2024-12-21,50,30,nj,New Jersey,335.0,1,0,observed
151,2024W52,2024-12-28,51,30,nj,New Jersey,723.0,1,0,observed
152,2025W01,2025-01-04,0,30,nj,New Jersey,1326.0,1,0,observed
153,2025W02,2025-01-11,1,30,nj,New Jersey,1078.0,1,0,observed
154,2025W03,2025-01-18,2,30,nj,New Jersey,1259.0,1,0,observed
155,2025W04,2025-01-25,3,30,nj,New Jersey,1591.0,1,0,observed
156,2025W05,2025-02-01,4,30,nj,New Jersey,1794.0,1,0,observed
157,2025W06,2025-02-08,5,30,nj,New Jersey,1888.0,1,0,observed
158,2025W07,2025-02-15,6,30,nj,New Jersey,1517.0,1,0,observed
159,2025W08,2025-02-22,7,30,nj,New Jersey,1205.0,1,0,observed
160,2025W09,2025-03-01,8,30,nj,New Jersey,938.0,1,0,observed
161,2025W10,2025-03-08,9,30,nj,New Jersey,630.0,1,0,observed
162,2025W11,2025-03-15,10,30,nj,New Jersey,465.0,1,0,observed
163,2025W12,2025-03-22,11,30,nj,New Jersey,345.0,1,0,observed
164,2025W13,2025-03-29,12,30,nj,New Jersey,282.0,1,0,observed
165,2025W14,2025-04-05,13,30,nj,New Jersey,248.0,1,0,observed
166,2025W15,2025-04-12,14,30,nj,New Jersey,161.0,1,0,observed
167,2025W16,2025-04-19,15,30,nj,New Jersey,137.0,1,0,observed
168,2025W17,2025-04-26,16,30,nj,New Jersey,72.0,1,0,observed
169,2025W18,2025-05-03,17,30,nj,New Jersey,70.0,1,0,observed
170,2025W19,2025-05-10,18,30,nj,New Jersey,40.0,1,0,observed
171,2025W20,2025-05-17,19,30,nj,New Jersey,43.0,1,0,observed
172,2025W21,2025-05-24,20,30,nj,New Jersey,25.0,1,0,observed
173,2025W22,2025-05-31,21,30,nj,New Jersey,30.0,1,0,observed
174,2025W23,2025-06-07,22,30,nj,New Jersey,26.0,1,0,observed
175,2025W24,2025-06-14,23,30,nj,New Jersey,24.0,1,0,observed
176,2025W25,2025-06-21,24,30,nj,New Jersey,20.0,1,0,observed
177,2025W26,2025-06-28,25,30,nj,New Jersey,25.0,1,0,observed
178,2025W27,2025-07-05,26,30,nj,New Jersey,23.0,1,0,observed
179,2025W28,2025-07-12,27,30,nj,New Jersey,18.0,1,0,observed
180,2025W29,2025-07-19,28,30,nj,New Jersey,13.0,1,0,observed
181,2025W30,2025-07-26,29,30,nj,New Jersey,10.0,1,0,observed
182,2025W31,2025-08-02,30,30,nj,New Jersey,7.0,1,0,observed
183,2025W32,2025-08-09,31,30,nj,New Jersey,9.0,1,0,observed
184,2025W33,2025-08-16,32,30,nj,New Jersey,12.0,1,0,observed
185,2025W34,2025-08-23,33,30,nj,New Jersey,11.0,1,0,observed
186,2025W35,2025-08-30,34,30,nj,New Jersey,10.0,1,0,observed
187,2025W36,2025-09-06,35,30,nj,New Jersey,14.0,1,0,observed
188,2025W37,2025-09-13,36,30,nj,New Jersey,10.0,1,0,observed
189,2025W38,2025-09-20,37,30,nj,New Jersey,11.0,1,0,observed
190,2025W39,2025-09-27,38,30,nj,New Jersey,19.0,1,0,observed
191,2025W40,2025-10-04,39,30,nj,New Jersey,16.0,1,0,observed
192,2025W41,2025-10-11,40,30,nj,New Jersey,14.0,1,0,observed
193,2025W42,2025-10-18,41,30,nj,New Jersey,30.0,1,0,observed
194,2025W43,2025-10-25,42,30,nj,New Jersey,28.0,1,0,observed
195,2025W44,2025-11-01,43,30,nj,New Jersey,35.0,1,0,observed
196,2025W45,2025-11-08,44,30,nj,New Jersey,47.0,1,0,observed
197,2025W46,2025-11-15,45,30,nj,New Jersey,56.0,1,0,observed
198,2025W47,2025-11-22,46,30,nj,New Jersey,73.0,1,0,observed
199,2025W48,2025-11-29,47,30,nj,New Jersey,154.0,1,0,observed
200,2025W49,2025-12-06,48,30,nj,New Jersey,277.0,1,0,observed
201,2025W50,2025-12-13,49,30,nj,New Jersey,588.0,1,0,observed
202,2025W51,2025-12-20,50,30,nj,New Jersey,1082.0,1,0,observed
203,2025W52,2025-12-27,51,30,nj,New Jersey,1466.0,1,0,observed
204,2026W01,2026-01-03,0,30,nj,New Jersey,1724.0,1,0,observed
205,2026W02,2026-01-10,1,30,nj,New Jersey,1208.0,1,0,observed
206,2026W03,2026-01-17,2,30,nj,New Jersey,653.0,1,0,observed
207,2026W04,2026-01-24,3,30,nj,New Jersey,399.0,1,0,observed
208,2026W05,2026-01-31,4,30,nj,New Jersey,298.0,1,0,observed
209,2026W06,2026-02-07,5,30,nj,New Jersey,202.0,1,0,observed
210,2026W07,2026-02-14,6,30,nj,New Jersey,193.0,1,0,observed
211,2026W08,2026-02-21,7,30,nj,New Jersey,231.0,1,0,observed
212,2026W09,2026-02-28,8,30,nj,New Jersey,220.0,1,0,observed
213,2026W10,2026-03-07,9,30,nj,New Jersey,173.0,1,0,observed
214,2026W11,2026-03-14,10,30,nj,New Jersey,171.0,1,0,observed
215,2026W12,2026-03-21,11,30,nj,New Jersey,161.0,1,0,observed
216,2026W13,2026-03-28,12,30,nj,New Jersey,63.0,1,0,observed
217,2026W14,2026-04-04,13,30,nj,New Jersey,65.0,1,0,observed
218,2026W15,2026-04-11,14,30,nj,New Jersey,53.0,1,0,observed
219,2026W16,2026-04-18,15,30,nj,New Jersey,29.0,1,0,observed
0,2022W05,2022-02-05,4,31,nm,New Mexico,9.0,1,0,observed
1,2022W06,2022-02-12,5,31,nm,New Mexico,4.0,1,0,observed
2,2022W07,2022-02-19,6,31,nm,New Mexico,5.0,1,0,observed
3,2022W08,2022-02-26,7,31,nm,New Mexico,4.0,1,0,observed
4,2022W09,2022-03-05,8,31,nm,New Mexico,4.0,1,0,observed
5,2022W10,2022-03-12,9,31,nm,New Mexico,6.0,1,0,observed
6,2022W11,2022-03-19,10,31,nm,New Mexico,15.0,1,0,observed
7,2022W12,2022-03-26,11,31,nm,New Mexico,36.0,1,0,observed
8,2022W13,2022-04-02,12,31,nm,New Mexico,39.0,1,0,observed
9,2022W14,2022-04-09,13,31,nm,New Mexico,43.0,1,0,observed
10,2022W15,2022-04-16,14,31,nm,New Mexico,28.0,1,0,observed
11,2022W16,2022-04-23,15,31,nm,New Mexico,41.0,1,0,observed
12,2022W17,2022-04-30,16,31,nm,New Mexico,51.0,1,0,observed
13,2022W18,2022-05-07,17,31,nm,New Mexico,70.0,1,0,observed
14,2022W19,2022-05-14,18,31,nm,New Mexico,37.0,1,0,observed
15,2022W20,2022-05-21,19,31,nm,New Mexico,61.0,1,0,observed
16,2022W21,2022-05-28,20,31,nm,New Mexico,50.0,1,0,observed
17,2022W22,2022-06-04,21,31,nm,New Mexico,53.0,1,0,observed
18,2022W23,2022-06-11,22,31,nm,New Mexico,23.0,1,0,observed
19,2022W24,2022-06-18,23,31,nm,New Mexico,15.0,1,0,observed
20,2022W25,2022-06-25,24,31,nm,New Mexico,6.0,1,0,observed
21,2022W26,2022-07-02,25,31,nm,New Mexico,12.0,1,0,observed
22,2022W27,2022-07-09,26,31,nm,New Mexico,0.0,1,0,observed
23,2022W28,2022-07-16,27,31,nm,New Mexico,5.0,1,0,observed
24,2022W29,2022-07-23,28,31,nm,New Mexico,4.0,1,0,observed
25,2022W30,2022-07-30,29,31,nm,New Mexico,1.0,1,0,observed
26,2022W31,2022-08-06,30,31,nm,New Mexico,1.0,1,0,observed
27,2022W32,2022-08-13,31,31,nm,New Mexico,10.0,1,0,observed
28,2022W33,2022-08-20,32,31,nm,New Mexico,6.0,1,0,observed
29,2022W34,2022-08-27,33,31,nm,New Mexico,6.0,1,0,observed
30,2022W35,2022-09-03,34,31,nm,New Mexico,17.0,1,0,observed
31,2022W36,2022-09-10,35,31,nm,New Mexico,11.0,1,0,observed
32,2022W37,2022-09-17,36,31,nm,New Mexico,4.0,1,0,observed
33,2022W38,2022-09-24,37,31,nm,New Mexico,6.0,1,0,observed
34,2022W39,2022-10-01,38,31,nm,New Mexico,14.0,1,0,observed
35,2022W40,2022-10-08,39,31,nm,New Mexico,25.0,1,0,observed
36,2022W41,2022-10-15,40,31,nm,New Mexico,23.0,1,0,observed
37,2022W42,2022-10-22,41,31,nm,New Mexico,26.0,1,0,observed
38,2022W43,2022-10-29,42,31,nm,New Mexico,53.0,1,0,observed
39,2022W44,2022-11-05,43,31,nm,New Mexico,87.0,1,0,observed
40,2022W45,2022-11-12,44,31,nm,New Mexico,146.0,1,0,observed
41,2022W46,2022-11-19,45,31,nm,New Mexico,162.0,1,0,observed
42,2022W47,2022-11-26,46,31,nm,New Mexico,169.0,1,0,observed
43,2022W48,2022-12-03,47,31,nm,New Mexico,345.0,1,0,observed
44,2022W49,2022-12-10,48,31,nm,New Mexico,407.0,1,0,observed
45,2022W50,2022-12-17,49,31,nm,New Mexico,341.0,1,0,observed
46,2022W51,2022-12-24,50,31,nm,New Mexico,359.0,1,0,observed
47,2022W52,2022-12-31,51,31,nm,New Mexico,285.0,1,0,observed
48,2023W01,2023-01-07,0,31,nm,New Mexico,177.0,1,0,observed
49,2023W02,2023-01-14,1,31,nm,New Mexico,53.0,1,0,observed
50,2023W03,2023-01-21,2,31,nm,New Mexico,29.0,1,0,observed
51,2023W04,2023-01-28,3,31,nm,New Mexico,21.0,1,0,observed
52,2023W05,2023-02-04,4,31,nm,New Mexico,9.0,1,0,observed
53,2023W06,2023-02-11,5,31,nm,New Mexico,8.0,1,0,observed
54,2023W07,2023-02-18,6,31,nm,New Mexico,3.0,1,0,observed
55,2023W08,2023-02-25,7,31,nm,New Mexico,11.0,1,0,observed
56,2023W09,2023-03-04,8,31,nm,New Mexico,16.0,1,0,observed
57,2023W10,2023-03-11,9,31,nm,New Mexico,5.0,1,0,observed
58,2023W11,2023-03-18,10,31,nm,New Mexico,3.0,1,0,observed
59,2023W12,2023-03-25,11,31,nm,New Mexico,3.0,1,0,observed
60,2023W13,2023-04-01,12,31,nm,New Mexico,9.0,1,0,observed
61,2023W14,2023-04-08,13,31,nm,New Mexico,1.0,1,0,observed
62,2023W15,2023-04-15,14,31,nm,New Mexico,4.0,1,0,observed
63,2023W16,2023-04-22,15,31,nm,New Mexico,8.0,1,0,observed
64,2023W17,2023-04-29,16,31,nm,New Mexico,2.0,1,0,observed
65,2023W18,2023-05-06,17,31,nm,New Mexico,1.0,1,0,observed
66,2023W19,2023-05-13,18,31,nm,New Mexico,1.0,1,0,observed
67,2023W20,2023-05-20,19,31,nm,New Mexico,4.0,1,0,observed
68,2023W21,2023-05-27,20,31,nm,New Mexico,3.0,1,0,observed
69,2023W22,2023-06-03,21,31,nm,New Mexico,2.0,1,0,observed
70,2023W23,2023-06-10,22,31,nm,New Mexico,1.0,1,0,observed
71,2023W24,2023-06-17,23,31,nm,New Mexico,1.0,1,0,observed
72,2023W25,2023-06-24,24,31,nm,New Mexico,1.0,1,0,observed
73,2023W26,2023-07-01,25,31,nm,New Mexico,0.0,1,0,observed
74,2023W27,2023-07-08,26,31,nm,New Mexico,1.0,1,0,observed
75,2023W28,2023-07-15,27,31,nm,New Mexico,0.0,1,0,observed
76,2023W29,2023-07-22,28,31,nm,New Mexico,1.0,1,0,observed
77,2023W30,2023-07-29,29,31,nm,New Mexico,0.0,1,0,observed
78,2023W31,2023-08-05,30,31,nm,New Mexico,2.0,1,0,observed
79,2023W32,2023-08-12,31,31,nm,New Mexico,1.0,1,0,observed
80,2023W33,2023-08-19,32,31,nm,New Mexico,2.0,1,0,observed
81,2023W34,2023-08-26,33,31,nm,New Mexico,1.0,1,0,observed
82,2023W35,2023-09-02,34,31,nm,New Mexico,2.0,1,0,observed
83,2023W36,2023-09-09,35,31,nm,New Mexico,4.0,1,0,observed
84,2023W37,2023-09-16,36,31,nm,New Mexico,11.0,1,0,observed
85,2023W38,2023-09-23,37,31,nm,New Mexico,3.0,1,0,observed
86,2023W39,2023-09-30,38,31,nm,New Mexico,5.0,1,0,observed
87,2023W40,2023-10-07,39,31,nm,New Mexico,6.0,1,0,observed
88,2023W41,2023-10-14,40,31,nm,New Mexico,4.0,1,0,observed
89,2023W42,2023-10-21,41,31,nm,New Mexico,2.0,1,0,observed
90,2023W43,2023-10-28,42,31,nm,New Mexico,2.0,1,0,observed
91,2023W44,2023-11-04,43,31,nm,New Mexico,10.0,1,0,observed
92,2023W45,2023-11-11,44,31,nm,New Mexico,9.0,1,0,observed
93,2023W46,2023-11-18,45,31,nm,New Mexico,12.0,1,0,observed
94,2023W47,2023-11-25,46,31,nm,New Mexico,21.0,1,0,observed
95,2023W48,2023-12-02,47,31,nm,New Mexico,42.0,1,0,observed
96,2023W49,2023-12-09,48,31,nm,New Mexico,84.0,1,0,observed
97,2023W50,2023-12-16,49,31,nm,New Mexico,153.0,1,0,observed
98,2023W51,2023-12-23,50,31,nm,New Mexico,227.0,1,0,observed
99,2023W52,2023-12-30,51,31,nm,New Mexico,235.0,1,0,observed
100,2024W01,2024-01-06,0,31,nm,New Mexico,229.0,1,0,observed
101,2024W02,2024-01-13,1,31,nm,New Mexico,149.0,1,0,observed
102,2024W03,2024-01-20,2,31,nm,New Mexico,113.0,1,0,observed
103,2024W04,2024-01-27,3,31,nm,New Mexico,102.0,1,0,observed
104,2024W05,2024-02-03,4,31,nm,New Mexico,76.0,1,0,observed
105,2024W06,2024-02-10,5,31,nm,New Mexico,78.0,1,0,observed
106,2024W07,2024-02-17,6,31,nm,New Mexico,73.0,1,0,observed
107,2024W08,2024-02-24,7,31,nm,New Mexico,59.0,1,0,observed
108,2024W09,2024-03-02,8,31,nm,New Mexico,61.0,1,0,observed
109,2024W10,2024-03-09,9,31,nm,New Mexico,77.0,1,0,observed
110,2024W11,2024-03-16,10,31,nm,New Mexico,45.0,1,0,observed
111,2024W12,2024-03-23,11,31,nm,New Mexico,57.0,1,0,observed
112,2024W13,2024-03-30,12,31,nm,New Mexico,36.0,1,0,observed
113,2024W14,2024-04-06,13,31,nm,New Mexico,41.0,1,0,observed
114,2024W15,2024-04-13,14,31,nm,New Mexico,19.0,1,0,observed
115,2024W16,2024-04-20,15,31,nm,New Mexico,15.0,1,0,observed
116,2024W17,2024-04-27,16,31,nm,New Mexico,20.0,1,0,observed
117,2024W18,2024-05-04,17,31,nm,New Mexico,11.0,1,0,observed
118,2024W19,2024-05-11,18,31,nm,New Mexico,16.0,1,0,observed
119,2024W20,2024-05-18,19,31,nm,New Mexico,13.0,1,0,observed
120,2024W21,2024-05-25,20,31,nm,New Mexico,8.0,1,0,observed
121,2024W22,2024-06-01,21,31,nm,New Mexico,9.0,1,0,observed
122,2024W23,2024-06-08,22,31,nm,New Mexico,5.0,1,0,observed
123,2024W24,2024-06-15,23,31,nm,New Mexico,0.0,1,0,observed
124,2024W25,2024-06-22,24,31,nm,New Mexico,0.0,1,0,observed
125,2024W26,2024-06-29,25,31,nm,New Mexico,0.0,1,0,observed
126,2024W27,2024-07-06,26,31,nm,New Mexico,1.0,1,0,observed
127,2024W28,2024-07-13,27,31,nm,New Mexico,0.0,1,0,observed
128,2024W29,2024-07-20,28,31,nm,New Mexico,0.0,1,0,observed
129,2024W30,2024-07-27,29,31,nm,New Mexico,0.0,1,0,observed
130,2024W31,2024-08-03,30,31,nm,New Mexico,0.0,1,0,observed
131,2024W32,2024-08-10,31,31,nm,New Mexico,0.0,1,0,observed
132,2024W33,2024-08-17,32,31,nm,New Mexico,0.0,1,0,observed
133,2024W34,2024-08-24,33,31,nm,New Mexico,1.0,1,0,observed
134,2024W35,2024-08-31,34,31,nm,New Mexico,1.0,1,0,observed
135,2024W36,2024-09-07,35,31,nm,New Mexico,0.0,1,0,observed
136,2024W37,2024-09-14,36,31,nm,New Mexico,0.0,1,0,observed
137,2024W38,2024-09-21,37,31,nm,New Mexico,0.0,1,0,observed
138,2024W39,2024-09-28,38,31,nm,New Mexico,0.0,1,0,observed
139,2024W40,2024-10-05,39,31,nm,New Mexico,1.0,1,0,observed
140,2024W41,2024-10-12,40,31,nm,New Mexico,2.0,1,0,observed
141,2024W42,2024-10-19,41,31,nm,New Mexico,2.0,1,0,observed
142,2024W43,2024-10-26,42,31,nm,New Mexico,15.0,1,0,observed
143,2024W44,2024-11-02,43,31,nm,New Mexico,2.0,1,0,observed
144,2024W45,2024-11-09,44,31,nm,New Mexico,16.0,1,0,observed
145,2024W46,2024-11-16,45,31,nm,New Mexico,21.0,1,0,observed
146,2024W47,2024-11-23,46,31,nm,New Mexico,29.0,1,0,observed
147,2024W48,2024-11-30,47,31,nm,New Mexico,55.0,1,0,observed
148,2024W49,2024-12-07,48,31,nm,New Mexico,103.0,1,0,observed
149,2024W50,2024-12-14,49,31,nm,New Mexico,108.0,1,0,observed
150,2024W51,2024-12-21,50,31,nm,New Mexico,207.0,1,0,observed
151,2024W52,2024-12-28,51,31,nm,New Mexico,234.0,1,0,observed
152,2025W01,2025-01-04,0,31,nm,New Mexico,320.0,1,0,observed
153,2025W02,2025-01-11,1,31,nm,New Mexico,252.0,1,0,observed
154,2025W03,2025-01-18,2,31,nm,New Mexico,251.0,1,0,observed
155,2025W04,2025-01-25,3,31,nm,New Mexico,196.0,1,0,observed
156,2025W05,2025-02-01,4,31,nm,New Mexico,214.0,1,0,observed
157,2025W06,2025-02-08,5,31,nm,New Mexico,215.0,1,0,observed
158,2025W07,2025-02-15,6,31,nm,New Mexico,248.0,1,0,observed
159,2025W08,2025-02-22,7,31,nm,New Mexico,248.0,1,0,observed
160,2025W09,2025-03-01,8,31,nm,New Mexico,184.0,1,0,observed
161,2025W10,2025-03-08,9,31,nm,New Mexico,178.0,1,0,observed
162,2025W11,2025-03-15,10,31,nm,New Mexico,146.0,1,0,observed
163,2025W12,2025-03-22,11,31,nm,New Mexico,110.0,1,0,observed
164,2025W13,2025-03-29,12,31,nm,New Mexico,90.0,1,0,observed
165,2025W14,2025-04-05,13,31,nm,New Mexico,58.0,1,0,observed
166,2025W15,2025-04-12,14,31,nm,New Mexico,37.0,1,0,observed
167,2025W16,2025-04-19,15,31,nm,New Mexico,31.0,1,0,observed
168,2025W17,2025-04-26,16,31,nm,New Mexico,42.0,1,0,observed
169,2025W18,2025-05-03,17,31,nm,New Mexico,32.0,1,0,observed
170,2025W19,2025-05-10,18,31,nm,New Mexico,25.0,1,0,observed
171,2025W20,2025-05-17,19,31,nm,New Mexico,11.0,1,0,observed
172,2025W21,2025-05-24,20,31,nm,New Mexico,14.0,1,0,observed
173,2025W22,2025-05-31,21,31,nm,New Mexico,7.0,1,0,observed
174,2025W23,2025-06-07,22,31,nm,New Mexico,10.0,1,0,observed
175,2025W24,2025-06-14,23,31,nm,New Mexico,6.0,1,0,observed
176,2025W25,2025-06-21,24,31,nm,New Mexico,8.0,1,0,observed
177,2025W26,2025-06-28,25,31,nm,New Mexico,3.0,1,0,observed
178,2025W27,2025-07-05,26,31,nm,New Mexico,4.0,1,0,observed
179,2025W28,2025-07-12,27,31,nm,New Mexico,3.0,1,0,observed
180,2025W29,2025-07-19,28,31,nm,New Mexico,3.0,1,0,observed
181,2025W30,2025-07-26,29,31,nm,New Mexico,3.0,1,0,observed
182,2025W31,2025-08-02,30,31,nm,New Mexico,1.0,1,0,observed
183,2025W32,2025-08-09,31,31,nm,New Mexico,1.0,1,0,observed
184,2025W33,2025-08-16,32,31,nm,New Mexico,1.0,1,0,observed
185,2025W34,2025-08-23,33,31,nm,New Mexico,2.0,1,0,observed
186,2025W35,2025-08-30,34,31,nm,New Mexico,1.0,1,0,observed
187,2025W36,2025-09-06,35,31,nm,New Mexico,4.0,1,0,observed
188,2025W37,2025-09-13,36,31,nm,New Mexico,1.0,1,0,observed
189,2025W38,2025-09-20,37,31,nm,New Mexico,1.0,1,0,observed
190,2025W39,2025-09-27,38,31,nm,New Mexico,3.0,1,0,observed
191,2025W40,2025-10-04,39,31,nm,New Mexico,0.0,1,0,observed
192,2025W41,2025-10-11,40,31,nm,New Mexico,6.0,1,0,observed
193,2025W42,2025-10-18,41,31,nm,New Mexico,3.0,1,0,observed
194,2025W43,2025-10-25,42,31,nm,New Mexico,5.0,1,0,observed
195,2025W44,2025-11-01,43,31,nm,New Mexico,6.0,1,0,observed
196,2025W45,2025-11-08,44,31,nm,New Mexico,7.0,1,0,observed
197,2025W46,2025-11-15,45,31,nm,New Mexico,14.0,1,0,observed
198,2025W47,2025-11-22,46,31,nm,New Mexico,17.0,1,0,observed
199,2025W48,2025-11-29,47,31,nm,New Mexico,39.0,1,0,observed
200,2025W49,2025-12-06,48,31,nm,New Mexico,35.0,1,0,observed
201,2025W50,2025-12-13,49,31,nm,New Mexico,69.0,1,0,observed
202,2025W51,2025-12-20,50,31,nm,New Mexico,162.0,1,0,observed
203,2025W52,2025-12-27,51,31,nm,New Mexico,386.0,1,0,observed
204,2026W01,2026-01-03,0,31,nm,New Mexico,409.0,1,0,observed
205,2026W02,2026-01-10,1,31,nm,New Mexico,245.0,1,0,observed
206,2026W03,2026-01-17,2,31,nm,New Mexico,145.0,1,0,observed
207,2026W04,2026-01-24,3,31,nm,New Mexico,131.0,1,0,observed
208,2026W05,2026-01-31,4,31,nm,New Mexico,103.0,1,0,observed
209,2026W06,2026-02-07,5,31,nm,New Mexico,160.0,1,0,observed
210,2026W07,2026-02-14,6,31,nm,New Mexico,73.0,1,0,observed
211,2026W08,2026-02-21,7,31,nm,New Mexico,92.0,1,0,observed
212,2026W09,2026-02-28,8,31,nm,New Mexico,92.0,1,0,observed
213,2026W10,2026-03-07,9,31,nm,New Mexico,65.0,1,0,observed
214,2026W11,2026-03-14,10,31,nm,New Mexico,60.0,1,0,observed
215,2026W12,2026-03-21,11,31,nm,New Mexico,48.0,1,0,observed
216,2026W13,2026-03-28,12,31,nm,New Mexico,12.0,1,0,observed
217,2026W14,2026-04-04,13,31,nm,New Mexico,10.0,1,0,observed
218,2026W15,2026-04-11,14,31,nm,New Mexico,9.0,1,0,observed
219,2026W16,2026-04-18,15,31,nm,New Mexico,6.0,1,0,observed
0,2022W05,2022-02-05,4,32,ny,New York,15.0,1,0,observed
1,2022W06,2022-02-12,5,32,ny,New York,23.0,1,0,observed
2,2022W07,2022-02-19,6,32,ny,New York,39.0,1,0,observed
3,2022W08,2022-02-26,7,32,ny,New York,29.0,1,0,observed
4,2022W09,2022-03-05,8,32,ny,New York,57.0,1,0,observed
5,2022W10,2022-03-12,9,32,ny,New York,51.0,1,0,observed
6,2022W11,2022-03-19,10,32,ny,New York,84.0,1,0,observed
7,2022W12,2022-03-26,11,32,ny,New York,85.0,1,0,observed
8,2022W13,2022-04-02,12,32,ny,New York,163.0,1,0,observed
9,2022W14,2022-04-09,13,32,ny,New York,195.0,1,0,observed
10,2022W15,2022-04-16,14,32,ny,New York,226.0,1,0,observed
11,2022W16,2022-04-23,15,32,ny,New York,275.0,1,0,observed
12,2022W17,2022-04-30,16,32,ny,New York,271.0,1,0,observed
13,2022W18,2022-05-07,17,32,ny,New York,231.0,1,0,observed
14,2022W19,2022-05-14,18,32,ny,New York,188.0,1,0,observed
15,2022W20,2022-05-21,19,32,ny,New York,182.0,1,0,observed
16,2022W21,2022-05-28,20,32,ny,New York,155.0,1,0,observed
17,2022W22,2022-06-04,21,32,ny,New York,124.0,1,0,observed
18,2022W23,2022-06-11,22,32,ny,New York,103.0,1,0,observed
19,2022W24,2022-06-18,23,32,ny,New York,92.0,1,0,observed
20,2022W25,2022-06-25,24,32,ny,New York,65.0,1,0,observed
21,2022W26,2022-07-02,25,32,ny,New York,45.0,1,0,observed
22,2022W27,2022-07-09,26,32,ny,New York,36.0,1,0,observed
23,2022W28,2022-07-16,27,32,ny,New York,38.0,1,0,observed
24,2022W29,2022-07-23,28,32,ny,New York,10.0,1,0,observed
25,2022W30,2022-07-30,29,32,ny,New York,17.0,1,0,observed
26,2022W31,2022-08-06,30,32,ny,New York,11.0,1,0,observed
27,2022W32,2022-08-13,31,32,ny,New York,11.0,1,0,observed
28,2022W33,2022-08-20,32,32,ny,New York,16.0,1,0,observed
29,2022W34,2022-08-27,33,32,ny,New York,24.0,1,0,observed
30,2022W35,2022-09-03,34,32,ny,New York,23.0,1,0,observed
31,2022W36,2022-09-10,35,32,ny,New York,15.0,1,0,observed
32,2022W37,2022-09-17,36,32,ny,New York,20.0,1,0,observed
33,2022W38,2022-09-24,37,32,ny,New York,21.0,1,0,observed
34,2022W39,2022-10-01,38,32,ny,New York,28.0,1,0,observed
35,2022W40,2022-10-08,39,32,ny,New York,38.0,1,0,observed
36,2022W41,2022-10-15,40,32,ny,New York,48.0,1,0,observed
37,2022W42,2022-10-22,41,32,ny,New York,41.0,1,0,observed
38,2022W43,2022-10-29,42,32,ny,New York,105.0,1,0,observed
39,2022W44,2022-11-05,43,32,ny,New York,189.0,1,0,observed
40,2022W45,2022-11-12,44,32,ny,New York,268.0,1,0,observed
41,2022W46,2022-11-19,45,32,ny,New York,466.0,1,0,observed
42,2022W47,2022-11-26,46,32,ny,New York,765.0,1,0,observed
43,2022W48,2022-12-03,47,32,ny,New York,1308.0,1,0,observed
44,2022W49,2022-12-10,48,32,ny,New York,1469.0,1,0,observed
45,2022W50,2022-12-17,49,32,ny,New York,1698.0,1,0,observed
46,2022W51,2022-12-24,50,32,ny,New York,1503.0,1,0,observed
47,2022W52,2022-12-31,51,32,ny,New York,1291.0,1,0,observed
48,2023W01,2023-01-07,0,32,ny,New York,944.0,1,0,observed
49,2023W02,2023-01-14,1,32,ny,New York,513.0,1,0,observed
50,2023W03,2023-01-21,2,32,ny,New York,309.0,1,0,observed
51,2023W04,2023-01-28,3,32,ny,New York,236.0,1,0,observed
52,2023W05,2023-02-04,4,32,ny,New York,145.0,1,0,observed
53,2023W06,2023-02-11,5,32,ny,New York,103.0,1,0,observed
54,2023W07,2023-02-18,6,32,ny,New York,85.0,1,0,observed
55,2023W08,2023-02-25,7,32,ny,New York,55.0,1,0,observed
56,2023W09,2023-03-04,8,32,ny,New York,49.0,1,0,observed
57,2023W10,2023-03-11,9,32,ny,New York,55.0,1,0,observed
58,2023W11,2023-03-18,10,32,ny,New York,63.0,1,0,observed
59,2023W12,2023-03-25,11,32,ny,New York,105.0,1,0,observed
60,2023W13,2023-04-01,12,32,ny,New York,74.0,1,0,observed
61,2023W14,2023-04-08,13,32,ny,New York,78.0,1,0,observed
62,2023W15,2023-04-15,14,32,ny,New York,75.0,1,0,observed
63,2023W16,2023-04-22,15,32,ny,New York,47.0,1,0,observed
64,2023W17,2023-04-29,16,32,ny,New York,37.0,1,0,observed
65,2023W18,2023-05-06,17,32,ny,New York,50.0,1,0,observed
66,2023W19,2023-05-13,18,32,ny,New York,54.0,1,0,observed
67,2023W20,2023-05-20,19,32,ny,New York,50.0,1,0,observed
68,2023W21,2023-05-27,20,32,ny,New York,60.0,1,0,observed
69,2023W22,2023-06-03,21,32,ny,New York,46.0,1,0,observed
70,2023W23,2023-06-10,22,32,ny,New York,39.0,1,0,observed
71,2023W24,2023-06-17,23,32,ny,New York,37.0,1,0,observed
72,2023W25,2023-06-24,24,32,ny,New York,36.0,1,0,observed
73,2023W26,2023-07-01,25,32,ny,New York,29.0,1,0,observed
74,2023W27,2023-07-08,26,32,ny,New York,23.0,1,0,observed
75,2023W28,2023-07-15,27,32,ny,New York,17.0,1,0,observed
76,2023W29,2023-07-22,28,32,ny,New York,28.0,1,0,observed
77,2023W30,2023-07-29,29,32,ny,New York,18.0,1,0,observed
78,2023W31,2023-08-05,30,32,ny,New York,30.0,1,0,observed
79,2023W32,2023-08-12,31,32,ny,New York,19.0,1,0,observed
80,2023W33,2023-08-19,32,32,ny,New York,15.0,1,0,observed
81,2023W34,2023-08-26,33,32,ny,New York,20.0,1,0,observed
82,2023W35,2023-09-02,34,32,ny,New York,38.0,1,0,observed
83,2023W36,2023-09-09,35,32,ny,New York,21.0,1,0,observed
84,2023W37,2023-09-16,36,32,ny,New York,12.0,1,0,observed
85,2023W38,2023-09-23,37,32,ny,New York,18.0,1,0,observed
86,2023W39,2023-09-30,38,32,ny,New York,47.0,1,0,observed
87,2023W40,2023-10-07,39,32,ny,New York,37.0,1,0,observed
88,2023W41,2023-10-14,40,32,ny,New York,26.0,1,0,observed
89,2023W42,2023-10-21,41,32,ny,New York,33.0,1,0,observed
90,2023W43,2023-10-28,42,32,ny,New York,47.0,1,0,observed
91,2023W44,2023-11-04,43,32,ny,New York,56.0,1,0,observed
92,2023W45,2023-11-11,44,32,ny,New York,88.0,1,0,observed
93,2023W46,2023-11-18,45,32,ny,New York,123.0,1,0,observed
94,2023W47,2023-11-25,46,32,ny,New York,176.0,1,0,observed
95,2023W48,2023-12-02,47,32,ny,New York,338.0,1,0,observed
96,2023W49,2023-12-09,48,32,ny,New York,501.0,1,0,observed
97,2023W50,2023-12-16,49,32,ny,New York,743.0,1,0,observed
98,2023W51,2023-12-23,50,32,ny,New York,938.0,1,0,observed
99,2023W52,2023-12-30,51,32,ny,New York,1333.0,1,0,observed
100,2024W01,2024-01-06,0,32,ny,New York,1240.0,1,0,observed
101,2024W02,2024-01-13,1,32,ny,New York,1024.0,1,0,observed
102,2024W03,2024-01-20,2,32,ny,New York,851.0,1,0,observed
103,2024W04,2024-01-27,3,32,ny,New York,884.0,1,0,observed
104,2024W05,2024-02-03,4,32,ny,New York,764.0,1,0,observed
105,2024W06,2024-02-10,5,32,ny,New York,765.0,1,0,observed
106,2024W07,2024-02-17,6,32,ny,New York,780.0,1,0,observed
107,2024W08,2024-02-24,7,32,ny,New York,782.0,1,0,observed
108,2024W09,2024-03-02,8,32,ny,New York,764.0,1,0,observed
109,2024W10,2024-03-09,9,32,ny,New York,593.0,1,0,observed
110,2024W11,2024-03-16,10,32,ny,New York,411.0,1,0,observed
111,2024W12,2024-03-23,11,32,ny,New York,355.0,1,0,observed
112,2024W13,2024-03-30,12,32,ny,New York,391.0,1,0,observed
113,2024W14,2024-04-06,13,32,ny,New York,408.0,1,0,observed
114,2024W15,2024-04-13,14,32,ny,New York,365.0,1,0,observed
115,2024W16,2024-04-20,15,32,ny,New York,216.0,1,0,observed
116,2024W17,2024-04-27,16,32,ny,New York,164.0,1,0,observed
117,2024W18,2024-05-04,17,32,ny,New York,132.0,1,0,observed
118,2024W19,2024-05-11,18,32,ny,New York,52.0,1,0,observed
119,2024W20,2024-05-18,19,32,ny,New York,28.0,1,0,observed
120,2024W21,2024-05-25,20,32,ny,New York,20.0,1,0,observed
121,2024W22,2024-06-01,21,32,ny,New York,12.0,1,0,observed
122,2024W23,2024-06-08,22,32,ny,New York,10.0,1,0,observed
123,2024W24,2024-06-15,23,32,ny,New York,10.0,1,0,observed
124,2024W25,2024-06-22,24,32,ny,New York,7.0,1,0,observed
125,2024W26,2024-06-29,25,32,ny,New York,6.0,1,0,observed
126,2024W27,2024-07-06,26,32,ny,New York,4.0,1,0,observed
127,2024W28,2024-07-13,27,32,ny,New York,1.0,1,0,observed
128,2024W29,2024-07-20,28,32,ny,New York,14.0,1,0,observed
129,2024W30,2024-07-27,29,32,ny,New York,1.0,1,0,observed
130,2024W31,2024-08-03,30,32,ny,New York,0.0,1,0,observed
131,2024W32,2024-08-10,31,32,ny,New York,3.0,1,0,observed
132,2024W33,2024-08-17,32,32,ny,New York,1.0,1,0,observed
133,2024W34,2024-08-24,33,32,ny,New York,2.0,1,0,observed
134,2024W35,2024-08-31,34,32,ny,New York,0.0,1,0,observed
135,2024W36,2024-09-07,35,32,ny,New York,0.0,1,0,observed
136,2024W37,2024-09-14,36,32,ny,New York,2.0,1,0,observed
137,2024W38,2024-09-21,37,32,ny,New York,3.0,1,0,observed
138,2024W39,2024-09-28,38,32,ny,New York,5.0,1,0,observed
139,2024W40,2024-10-05,39,32,ny,New York,7.0,1,0,observed
140,2024W41,2024-10-12,40,32,ny,New York,0.0,1,0,observed
141,2024W42,2024-10-19,41,32,ny,New York,5.0,1,0,observed
142,2024W43,2024-10-26,42,32,ny,New York,8.0,1,0,observed
143,2024W44,2024-11-02,43,32,ny,New York,15.0,1,0,observed
144,2024W45,2024-11-09,44,32,ny,New York,55.0,1,0,observed
145,2024W46,2024-11-16,45,32,ny,New York,63.0,1,0,observed
146,2024W47,2024-11-23,46,32,ny,New York,103.0,1,0,observed
147,2024W48,2024-11-30,47,32,ny,New York,145.0,1,0,observed
148,2024W49,2024-12-07,48,32,ny,New York,275.0,1,0,observed
149,2024W50,2024-12-14,49,32,ny,New York,432.0,1,0,observed
150,2024W51,2024-12-21,50,32,ny,New York,736.0,1,0,observed
151,2024W52,2024-12-28,51,32,ny,New York,1528.0,1,0,observed
152,2025W01,2025-01-04,0,32,ny,New York,2594.0,1,0,observed
153,2025W02,2025-01-11,1,32,ny,New York,2249.0,1,0,observed
154,2025W03,2025-01-18,2,32,ny,New York,2617.0,1,0,observed
155,2025W04,2025-01-25,3,32,ny,New York,2931.0,1,0,observed
156,2025W05,2025-02-01,4,32,ny,New York,3128.0,1,0,observed
157,2025W06,2025-02-08,5,32,ny,New York,2942.0,1,0,observed
158,2025W07,2025-02-15,6,32,ny,New York,2492.0,1,0,observed
159,2025W08,2025-02-22,7,32,ny,New York,2035.0,1,0,observed
160,2025W09,2025-03-01,8,32,ny,New York,1630.0,1,0,observed
161,2025W10,2025-03-08,9,32,ny,New York,1278.0,1,0,observed
162,2025W11,2025-03-15,10,32,ny,New York,1107.0,1,0,observed
163,2025W12,2025-03-22,11,32,ny,New York,894.0,1,0,observed
164,2025W13,2025-03-29,12,32,ny,New York,611.0,1,0,observed
165,2025W14,2025-04-05,13,32,ny,New York,508.0,1,0,observed
166,2025W15,2025-04-12,14,32,ny,New York,395.0,1,0,observed
167,2025W16,2025-04-19,15,32,ny,New York,283.0,1,0,observed
168,2025W17,2025-04-26,16,32,ny,New York,209.0,1,0,observed
169,2025W18,2025-05-03,17,32,ny,New York,157.0,1,0,observed
170,2025W19,2025-05-10,18,32,ny,New York,105.0,1,0,observed
171,2025W20,2025-05-17,19,32,ny,New York,63.0,1,0,observed
172,2025W21,2025-05-24,20,32,ny,New York,50.0,1,0,observed
173,2025W22,2025-05-31,21,32,ny,New York,41.0,1,0,observed
174,2025W23,2025-06-07,22,32,ny,New York,27.0,1,0,observed
175,2025W24,2025-06-14,23,32,ny,New York,29.0,1,0,observed
176,2025W25,2025-06-21,24,32,ny,New York,27.0,1,0,observed
177,2025W26,2025-06-28,25,32,ny,New York,22.0,1,0,observed
178,2025W27,2025-07-05,26,32,ny,New York,22.0,1,0,observed
179,2025W28,2025-07-12,27,32,ny,New York,24.0,1,0,observed
180,2025W29,2025-07-19,28,32,ny,New York,19.0,1,0,observed
181,2025W30,2025-07-26,29,32,ny,New York,19.0,1,0,observed
182,2025W31,2025-08-02,30,32,ny,New York,13.0,1,0,observed
183,2025W32,2025-08-09,31,32,ny,New York,12.0,1,0,observed
184,2025W33,2025-08-16,32,32,ny,New York,14.0,1,0,observed
185,2025W34,2025-08-23,33,32,ny,New York,21.0,1,0,observed
186,2025W35,2025-08-30,34,32,ny,New York,17.0,1,0,observed
187,2025W36,2025-09-06,35,32,ny,New York,19.0,1,0,observed
188,2025W37,2025-09-13,36,32,ny,New York,15.0,1,0,observed
189,2025W38,2025-09-20,37,32,ny,New York,9.0,1,0,observed
190,2025W39,2025-09-27,38,32,ny,New York,27.0,1,0,observed
191,2025W40,2025-10-04,39,32,ny,New York,22.0,1,0,observed
192,2025W41,2025-10-11,40,32,ny,New York,23.0,1,0,observed
193,2025W42,2025-10-18,41,32,ny,New York,30.0,1,0,observed
194,2025W43,2025-10-25,42,32,ny,New York,31.0,1,0,observed
195,2025W44,2025-11-01,43,32,ny,New York,59.0,1,0,observed
196,2025W45,2025-11-08,44,32,ny,New York,78.0,1,0,observed
197,2025W46,2025-11-15,45,32,ny,New York,186.0,1,0,observed
198,2025W47,2025-11-22,46,32,ny,New York,355.0,1,0,observed
199,2025W48,2025-11-29,47,32,ny,New York,700.0,1,0,observed
200,2025W49,2025-12-06,48,32,ny,New York,1184.0,1,0,observed
201,2025W50,2025-12-13,49,32,ny,New York,1933.0,1,0,observed
202,2025W51,2025-12-20,50,32,ny,New York,3173.0,1,0,observed
203,2025W52,2025-12-27,51,32,ny,New York,3866.0,1,0,observed
204,2026W01,2026-01-03,0,32,ny,New York,3795.0,1,0,observed
205,2026W02,2026-01-10,1,32,ny,New York,2379.0,1,0,observed
206,2026W03,2026-01-17,2,32,ny,New York,1230.0,1,0,observed
207,2026W04,2026-01-24,3,32,ny,New York,682.0,1,0,observed
208,2026W05,2026-01-31,4,32,ny,New York,403.0,1,0,observed
209,2026W06,2026-02-07,5,32,ny,New York,293.0,1,0,observed
210,2026W07,2026-02-14,6,32,ny,New York,261.0,1,0,observed
211,2026W08,2026-02-21,7,32,ny,New York,322.0,1,0,observed
212,2026W09,2026-02-28,8,32,ny,New York,310.0,1,0,observed
213,2026W10,2026-03-07,9,32,ny,New York,258.0,1,0,observed
214,2026W11,2026-03-14,10,32,ny,New York,268.0,1,0,observed
215,2026W12,2026-03-21,11,32,ny,New York,250.0,1,0,observed
216,2026W13,2026-03-28,12,32,ny,New York,155.0,1,0,observed
217,2026W14,2026-04-04,13,32,ny,New York,177.0,1,0,observed
218,2026W15,2026-04-11,14,32,ny,New York,136.0,1,0,observed
219,2026W16,2026-04-18,15,32,ny,New York,104.0,1,0,observed
0,2022W05,2022-02-05,4,33,nc,North Carolina,48.0,1,0,observed
1,2022W06,2022-02-12,5,33,nc,North Carolina,25.0,1,0,observed
2,2022W07,2022-02-19,6,33,nc,North Carolina,34.0,1,0,observed
3,2022W08,2022-02-26,7,33,nc,North Carolina,33.0,1,0,observed
4,2022W09,2022-03-05,8,33,nc,North Carolina,44.0,1,0,observed
5,2022W10,2022-03-12,9,33,nc,North Carolina,55.0,1,0,observed
6,2022W11,2022-03-19,10,33,nc,North Carolina,14.0,1,0,observed
7,2022W12,2022-03-26,11,33,nc,North Carolina,23.0,1,0,observed
8,2022W13,2022-04-02,12,33,nc,North Carolina,28.0,1,0,observed
9,2022W14,2022-04-09,13,33,nc,North Carolina,35.0,1,0,observed
10,2022W15,2022-04-16,14,33,nc,North Carolina,57.0,1,0,observed
11,2022W16,2022-04-23,15,33,nc,North Carolina,45.0,1,0,observed
12,2022W17,2022-04-30,16,33,nc,North Carolina,63.0,1,0,observed
13,2022W18,2022-05-07,17,33,nc,North Carolina,51.0,1,0,observed
14,2022W19,2022-05-14,18,33,nc,North Carolina,37.0,1,0,observed
15,2022W20,2022-05-21,19,33,nc,North Carolina,45.0,1,0,observed
16,2022W21,2022-05-28,20,33,nc,North Carolina,40.0,1,0,observed
17,2022W22,2022-06-04,21,33,nc,North Carolina,22.0,1,0,observed
18,2022W23,2022-06-11,22,33,nc,North Carolina,43.0,1,0,observed
19,2022W24,2022-06-18,23,33,nc,North Carolina,59.0,1,0,observed
20,2022W25,2022-06-25,24,33,nc,North Carolina,58.0,1,0,observed
21,2022W26,2022-07-02,25,33,nc,North Carolina,38.0,1,0,observed
22,2022W27,2022-07-09,26,33,nc,North Carolina,15.0,1,0,observed
23,2022W28,2022-07-16,27,33,nc,North Carolina,41.0,1,0,observed
24,2022W29,2022-07-23,28,33,nc,North Carolina,38.0,1,0,observed
25,2022W30,2022-07-30,29,33,nc,North Carolina,11.0,1,0,observed
26,2022W31,2022-08-06,30,33,nc,North Carolina,1.0,1,0,observed
27,2022W32,2022-08-13,31,33,nc,North Carolina,9.0,1,0,observed
28,2022W33,2022-08-20,32,33,nc,North Carolina,12.0,1,0,observed
29,2022W34,2022-08-27,33,33,nc,North Carolina,11.0,1,0,observed
30,2022W35,2022-09-03,34,33,nc,North Carolina,6.0,1,0,observed
31,2022W36,2022-09-10,35,33,nc,North Carolina,13.0,1,0,observed
32,2022W37,2022-09-17,36,33,nc,North Carolina,17.0,1,0,observed
33,2022W38,2022-09-24,37,33,nc,North Carolina,11.0,1,0,observed
34,2022W39,2022-10-01,38,33,nc,North Carolina,21.0,1,0,observed
35,2022W40,2022-10-08,39,33,nc,North Carolina,20.0,1,0,observed
36,2022W41,2022-10-15,40,33,nc,North Carolina,34.0,1,0,observed
37,2022W42,2022-10-22,41,33,nc,North Carolina,71.0,1,0,observed
38,2022W43,2022-10-29,42,33,nc,North Carolina,185.0,1,0,observed
39,2022W44,2022-11-05,43,33,nc,North Carolina,283.0,1,0,observed
40,2022W45,2022-11-12,44,33,nc,North Carolina,351.0,1,0,observed
41,2022W46,2022-11-19,45,33,nc,North Carolina,369.0,1,0,observed
42,2022W47,2022-11-26,46,33,nc,North Carolina,430.0,1,0,observed
43,2022W48,2022-12-03,47,33,nc,North Carolina,638.0,1,0,observed
44,2022W49,2022-12-10,48,33,nc,North Carolina,395.0,1,0,observed
45,2022W50,2022-12-17,49,33,nc,North Carolina,319.0,1,0,observed
46,2022W51,2022-12-24,50,33,nc,North Carolina,298.0,1,0,observed
47,2022W52,2022-12-31,51,33,nc,North Carolina,299.0,1,0,observed
48,2023W01,2023-01-07,0,33,nc,North Carolina,222.0,1,0,observed
49,2023W02,2023-01-14,1,33,nc,North Carolina,131.0,1,0,observed
50,2023W03,2023-01-21,2,33,nc,North Carolina,63.0,1,0,observed
51,2023W04,2023-01-28,3,33,nc,North Carolina,41.0,1,0,observed
52,2023W05,2023-02-04,4,33,nc,North Carolina,40.0,1,0,observed
53,2023W06,2023-02-11,5,33,nc,North Carolina,55.0,1,0,observed
54,2023W07,2023-02-18,6,33,nc,North Carolina,46.0,1,0,observed
55,2023W08,2023-02-25,7,33,nc,North Carolina,28.0,1,0,observed
56,2023W09,2023-03-04,8,33,nc,North Carolina,34.0,1,0,observed
57,2023W10,2023-03-11,9,33,nc,North Carolina,25.0,1,0,observed
58,2023W11,2023-03-18,10,33,nc,North Carolina,32.0,1,0,observed
59,2023W12,2023-03-25,11,33,nc,North Carolina,20.0,1,0,observed
60,2023W13,2023-04-01,12,33,nc,North Carolina,12.0,1,0,observed
61,2023W14,2023-04-08,13,33,nc,North Carolina,22.0,1,0,observed
62,2023W15,2023-04-15,14,33,nc,North Carolina,25.0,1,0,observed
63,2023W16,2023-04-22,15,33,nc,North Carolina,13.0,1,0,observed
64,2023W17,2023-04-29,16,33,nc,North Carolina,10.0,1,0,observed
65,2023W18,2023-05-06,17,33,nc,North Carolina,7.0,1,0,observed
66,2023W19,2023-05-13,18,33,nc,North Carolina,16.0,1,0,observed
67,2023W20,2023-05-20,19,33,nc,North Carolina,11.0,1,0,observed
68,2023W21,2023-05-27,20,33,nc,North Carolina,5.0,1,0,observed
69,2023W22,2023-06-03,21,33,nc,North Carolina,14.0,1,0,observed
70,2023W23,2023-06-10,22,33,nc,North Carolina,12.0,1,0,observed
71,2023W24,2023-06-17,23,33,nc,North Carolina,18.0,1,0,observed
72,2023W25,2023-06-24,24,33,nc,North Carolina,16.0,1,0,observed
73,2023W26,2023-07-01,25,33,nc,North Carolina,17.0,1,0,observed
74,2023W27,2023-07-08,26,33,nc,North Carolina,10.0,1,0,observed
75,2023W28,2023-07-15,27,33,nc,North Carolina,13.0,1,0,observed
76,2023W29,2023-07-22,28,33,nc,North Carolina,5.0,1,0,observed
77,2023W30,2023-07-29,29,33,nc,North Carolina,9.0,1,0,observed
78,2023W31,2023-08-05,30,33,nc,North Carolina,8.0,1,0,observed
79,2023W32,2023-08-12,31,33,nc,North Carolina,13.0,1,0,observed
80,2023W33,2023-08-19,32,33,nc,North Carolina,14.0,1,0,observed
81,2023W34,2023-08-26,33,33,nc,North Carolina,8.0,1,0,observed
82,2023W35,2023-09-02,34,33,nc,North Carolina,18.0,1,0,observed
83,2023W36,2023-09-09,35,33,nc,North Carolina,7.0,1,0,observed
84,2023W37,2023-09-16,36,33,nc,North Carolina,11.0,1,0,observed
85,2023W38,2023-09-23,37,33,nc,North Carolina,13.0,1,0,observed
86,2023W39,2023-09-30,38,33,nc,North Carolina,10.0,1,0,observed
87,2023W40,2023-10-07,39,33,nc,North Carolina,36.0,1,0,observed
88,2023W41,2023-10-14,40,33,nc,North Carolina,20.0,1,0,observed
89,2023W42,2023-10-21,41,33,nc,North Carolina,17.0,1,0,observed
90,2023W43,2023-10-28,42,33,nc,North Carolina,20.0,1,0,observed
91,2023W44,2023-11-04,43,33,nc,North Carolina,40.0,1,0,observed
92,2023W45,2023-11-11,44,33,nc,North Carolina,49.0,1,0,observed
93,2023W46,2023-11-18,45,33,nc,North Carolina,88.0,1,0,observed
94,2023W47,2023-11-25,46,33,nc,North Carolina,153.0,1,0,observed
95,2023W48,2023-12-02,47,33,nc,North Carolina,213.0,1,0,observed
96,2023W49,2023-12-09,48,33,nc,North Carolina,312.0,1,0,observed
97,2023W50,2023-12-16,49,33,nc,North Carolina,402.0,1,0,observed
98,2023W51,2023-12-23,50,33,nc,North Carolina,733.0,1,0,observed
99,2023W52,2023-12-30,51,33,nc,North Carolina,1076.0,1,0,observed
100,2024W01,2024-01-06,0,33,nc,North Carolina,779.0,1,0,observed
101,2024W02,2024-01-13,1,33,nc,North Carolina,505.0,1,0,observed
102,2024W03,2024-01-20,2,33,nc,North Carolina,310.0,1,0,observed
103,2024W04,2024-01-27,3,33,nc,North Carolina,308.0,1,0,observed
104,2024W05,2024-02-03,4,33,nc,North Carolina,255.0,1,0,observed
105,2024W06,2024-02-10,5,33,nc,North Carolina,174.0,1,0,observed
106,2024W07,2024-02-17,6,33,nc,North Carolina,179.0,1,0,observed
107,2024W08,2024-02-24,7,33,nc,North Carolina,160.0,1,0,observed
108,2024W09,2024-03-02,8,33,nc,North Carolina,160.0,1,0,observed
109,2024W10,2024-03-09,9,33,nc,North Carolina,132.0,1,0,observed
110,2024W11,2024-03-16,10,33,nc,North Carolina,94.0,1,0,observed
111,2024W12,2024-03-23,11,33,nc,North Carolina,83.0,1,0,observed
112,2024W13,2024-03-30,12,33,nc,North Carolina,88.0,1,0,observed
113,2024W14,2024-04-06,13,33,nc,North Carolina,77.0,1,0,observed
114,2024W15,2024-04-13,14,33,nc,North Carolina,55.0,1,0,observed
115,2024W16,2024-04-20,15,33,nc,North Carolina,23.0,1,0,observed
116,2024W17,2024-04-27,16,33,nc,North Carolina,13.0,1,0,observed
117,2024W18,2024-05-04,17,33,nc,North Carolina,8.0,1,0,observed
118,2024W19,2024-05-11,18,33,nc,North Carolina,0.0,1,0,observed
119,2024W20,2024-05-18,19,33,nc,North Carolina,0.0,1,0,observed
120,2024W21,2024-05-25,20,33,nc,North Carolina,0.0,1,0,observed
121,2024W22,2024-06-01,21,33,nc,North Carolina,0.0,1,0,observed
122,2024W23,2024-06-08,22,33,nc,North Carolina,0.0,1,0,observed
123,2024W24,2024-06-15,23,33,nc,North Carolina,0.0,1,0,observed
124,2024W25,2024-06-22,24,33,nc,North Carolina,0.0,1,0,observed
125,2024W26,2024-06-29,25,33,nc,North Carolina,0.0,1,0,observed
126,2024W27,2024-07-06,26,33,nc,North Carolina,1.0,1,0,observed
127,2024W28,2024-07-13,27,33,nc,North Carolina,0.0,1,0,observed
128,2024W29,2024-07-20,28,33,nc,North Carolina,2.0,1,0,observed
129,2024W30,2024-07-27,29,33,nc,North Carolina,0.0,1,0,observed
130,2024W31,2024-08-03,30,33,nc,North Carolina,0.0,1,0,observed
131,2024W32,2024-08-10,31,33,nc,North Carolina,1.0,1,0,observed
132,2024W33,2024-08-17,32,33,nc,North Carolina,0.0,1,0,observed
133,2024W34,2024-08-24,33,33,nc,North Carolina,0.0,1,0,observed
134,2024W35,2024-08-31,34,33,nc,North Carolina,0.0,1,0,observed
135,2024W36,2024-09-07,35,33,nc,North Carolina,0.0,1,0,observed
136,2024W37,2024-09-14,36,33,nc,North Carolina,0.0,1,0,observed
137,2024W38,2024-09-21,37,33,nc,North Carolina,0.0,1,0,observed
138,2024W39,2024-09-28,38,33,nc,North Carolina,0.0,1,0,observed
139,2024W40,2024-10-05,39,33,nc,North Carolina,0.0,1,0,observed
140,2024W41,2024-10-12,40,33,nc,North Carolina,77.0,1,0,observed
141,2024W42,2024-10-19,41,33,nc,North Carolina,48.0,1,0,observed
142,2024W43,2024-10-26,42,33,nc,North Carolina,47.0,1,0,observed
143,2024W44,2024-11-02,43,33,nc,North Carolina,14.0,1,0,observed
144,2024W45,2024-11-09,44,33,nc,North Carolina,27.0,1,0,observed
145,2024W46,2024-11-16,45,33,nc,North Carolina,38.0,1,0,observed
146,2024W47,2024-11-23,46,33,nc,North Carolina,31.0,1,0,observed
147,2024W48,2024-11-30,47,33,nc,North Carolina,43.0,1,0,observed
148,2024W49,2024-12-07,48,33,nc,North Carolina,65.0,1,0,observed
149,2024W50,2024-12-14,49,33,nc,North Carolina,173.0,1,0,observed
150,2024W51,2024-12-21,50,33,nc,North Carolina,292.0,1,0,observed
151,2024W52,2024-12-28,51,33,nc,North Carolina,611.0,1,0,observed
152,2025W01,2025-01-04,0,33,nc,North Carolina,942.0,1,0,observed
153,2025W02,2025-01-11,1,33,nc,North Carolina,833.0,1,0,observed
154,2025W03,2025-01-18,2,33,nc,North Carolina,1109.0,1,0,observed
155,2025W04,2025-01-25,3,33,nc,North Carolina,1582.0,1,0,observed
156,2025W05,2025-02-01,4,33,nc,North Carolina,2082.0,1,0,observed
157,2025W06,2025-02-08,5,33,nc,North Carolina,2280.0,1,0,observed
158,2025W07,2025-02-15,6,33,nc,North Carolina,1694.0,1,0,observed
159,2025W08,2025-02-22,7,33,nc,North Carolina,1174.0,1,0,observed
160,2025W09,2025-03-01,8,33,nc,North Carolina,918.0,1,0,observed
161,2025W10,2025-03-08,9,33,nc,North Carolina,822.0,1,0,observed
162,2025W11,2025-03-15,10,33,nc,North Carolina,667.0,1,0,observed
163,2025W12,2025-03-22,11,33,nc,North Carolina,434.0,1,0,observed
164,2025W13,2025-03-29,12,33,nc,North Carolina,301.0,1,0,observed
165,2025W14,2025-04-05,13,33,nc,North Carolina,188.0,1,0,observed
166,2025W15,2025-04-12,14,33,nc,North Carolina,98.0,1,0,observed
167,2025W16,2025-04-19,15,33,nc,North Carolina,60.0,1,0,observed
168,2025W17,2025-04-26,16,33,nc,North Carolina,50.0,1,0,observed
169,2025W18,2025-05-03,17,33,nc,North Carolina,39.0,1,0,observed
170,2025W19,2025-05-10,18,33,nc,North Carolina,28.0,1,0,observed
171,2025W20,2025-05-17,19,33,nc,North Carolina,18.0,1,0,observed
172,2025W21,2025-05-24,20,33,nc,North Carolina,19.0,1,0,observed
173,2025W22,2025-05-31,21,33,nc,North Carolina,18.0,1,0,observed
174,2025W23,2025-06-07,22,33,nc,North Carolina,25.0,1,0,observed
175,2025W24,2025-06-14,23,33,nc,North Carolina,18.0,1,0,observed
176,2025W25,2025-06-21,24,33,nc,North Carolina,22.0,1,0,observed
177,2025W26,2025-06-28,25,33,nc,North Carolina,23.0,1,0,observed
178,2025W27,2025-07-05,26,33,nc,North Carolina,15.0,1,0,observed
179,2025W28,2025-07-12,27,33,nc,North Carolina,12.0,1,0,observed
180,2025W29,2025-07-19,28,33,nc,North Carolina,12.0,1,0,observed
181,2025W30,2025-07-26,29,33,nc,North Carolina,14.0,1,0,observed
182,2025W31,2025-08-02,30,33,nc,North Carolina,12.0,1,0,observed
183,2025W32,2025-08-09,31,33,nc,North Carolina,12.0,1,0,observed
184,2025W33,2025-08-16,32,33,nc,North Carolina,11.0,1,0,observed
185,2025W34,2025-08-23,33,33,nc,North Carolina,11.0,1,0,observed
186,2025W35,2025-08-30,34,33,nc,North Carolina,11.0,1,0,observed
187,2025W36,2025-09-06,35,33,nc,North Carolina,11.0,1,0,observed
188,2025W37,2025-09-13,36,33,nc,North Carolina,7.0,1,0,observed
189,2025W38,2025-09-20,37,33,nc,North Carolina,19.0,1,0,observed
190,2025W39,2025-09-27,38,33,nc,North Carolina,19.0,1,0,observed
191,2025W40,2025-10-04,39,33,nc,North Carolina,19.0,1,0,observed
192,2025W41,2025-10-11,40,33,nc,North Carolina,22.0,1,0,observed
193,2025W42,2025-10-18,41,33,nc,North Carolina,23.0,1,0,observed
194,2025W43,2025-10-25,42,33,nc,North Carolina,22.0,1,0,observed
195,2025W44,2025-11-01,43,33,nc,North Carolina,27.0,1,0,observed
196,2025W45,2025-11-08,44,33,nc,North Carolina,43.0,1,0,observed
197,2025W46,2025-11-15,45,33,nc,North Carolina,174.0,1,0,observed
198,2025W47,2025-11-22,46,33,nc,North Carolina,115.0,1,0,observed
199,2025W48,2025-11-29,47,33,nc,North Carolina,159.0,1,0,observed
200,2025W49,2025-12-06,48,33,nc,North Carolina,305.0,1,0,observed
201,2025W50,2025-12-13,49,33,nc,North Carolina,525.0,1,0,observed
202,2025W51,2025-12-20,50,33,nc,North Carolina,1201.0,1,0,observed
203,2025W52,2025-12-27,51,33,nc,North Carolina,2461.0,1,0,observed
204,2026W01,2026-01-03,0,33,nc,North Carolina,2374.0,1,0,observed
205,2026W02,2026-01-10,1,33,nc,North Carolina,1360.0,1,0,observed
206,2026W03,2026-01-17,2,33,nc,North Carolina,617.0,1,0,observed
207,2026W04,2026-01-24,3,33,nc,North Carolina,497.0,1,0,observed
208,2026W05,2026-01-31,4,33,nc,North Carolina,418.0,1,0,observed
209,2026W06,2026-02-07,5,33,nc,North Carolina,369.0,1,0,observed
210,2026W07,2026-02-14,6,33,nc,North Carolina,266.0,1,0,observed
211,2026W08,2026-02-21,7,33,nc,North Carolina,298.0,1,0,observed
212,2026W09,2026-02-28,8,33,nc,North Carolina,233.0,1,0,observed
213,2026W10,2026-03-07,9,33,nc,North Carolina,199.0,1,0,observed
214,2026W11,2026-03-14,10,33,nc,North Carolina,137.0,1,0,observed
215,2026W12,2026-03-21,11,33,nc,North Carolina,82.0,1,0,observed
216,2026W13,2026-03-28,12,33,nc,North Carolina,47.0,1,0,observed
217,2026W14,2026-04-04,13,33,nc,North Carolina,35.0,1,0,observed
218,2026W15,2026-04-11,14,33,nc,North Carolina,26.0,1,0,observed
219,2026W16,2026-04-18,15,33,nc,North Carolina,13.0,1,0,observed
0,2022W05,2022-02-05,4,34,nd,North Dakota,18.0,1,0,observed
1,2022W06,2022-02-12,5,34,nd,North Dakota,7.0,1,0,observed
2,2022W07,2022-02-19,6,34,nd,North Dakota,8.0,1,0,observed
3,2022W08,2022-02-26,7,34,nd,North Dakota,0.0,1,0,observed
4,2022W09,2022-03-05,8,34,nd,North Dakota,3.0,1,0,observed
5,2022W10,2022-03-12,9,34,nd,North Dakota,7.0,1,0,observed
6,2022W11,2022-03-19,10,34,nd,North Dakota,5.0,1,0,observed
7,2022W12,2022-03-26,11,34,nd,North Dakota,9.0,1,0,observed
8,2022W13,2022-04-02,12,34,nd,North Dakota,4.0,1,0,observed
9,2022W14,2022-04-09,13,34,nd,North Dakota,4.0,1,0,observed
10,2022W15,2022-04-16,14,34,nd,North Dakota,7.0,1,0,observed
11,2022W16,2022-04-23,15,34,nd,North Dakota,7.0,1,0,observed
12,2022W17,2022-04-30,16,34,nd,North Dakota,3.0,1,0,observed
13,2022W18,2022-05-07,17,34,nd,North Dakota,1.0,1,0,observed
14,2022W19,2022-05-14,18,34,nd,North Dakota,1.0,1,0,observed
15,2022W20,2022-05-21,19,34,nd,North Dakota,1.0,1,0,observed
16,2022W21,2022-05-28,20,34,nd,North Dakota,0.0,1,0,observed
17,2022W22,2022-06-04,21,34,nd,North Dakota,4.0,1,0,observed
18,2022W23,2022-06-11,22,34,nd,North Dakota,2.0,1,0,observed
19,2022W24,2022-06-18,23,34,nd,North Dakota,0.0,1,0,observed
20,2022W25,2022-06-25,24,34,nd,North Dakota,0.0,1,0,observed
21,2022W26,2022-07-02,25,34,nd,North Dakota,0.0,1,0,observed
22,2022W27,2022-07-09,26,34,nd,North Dakota,0.0,1,0,observed
23,2022W28,2022-07-16,27,34,nd,North Dakota,1.0,1,0,observed
24,2022W29,2022-07-23,28,34,nd,North Dakota,2.0,1,0,observed
25,2022W30,2022-07-30,29,34,nd,North Dakota,0.0,1,0,observed
26,2022W31,2022-08-06,30,34,nd,North Dakota,1.0,1,0,observed
27,2022W32,2022-08-13,31,34,nd,North Dakota,3.0,1,0,observed
28,2022W33,2022-08-20,32,34,nd,North Dakota,0.0,1,0,observed
29,2022W34,2022-08-27,33,34,nd,North Dakota,0.0,1,0,observed
30,2022W35,2022-09-03,34,34,nd,North Dakota,1.0,1,0,observed
31,2022W36,2022-09-10,35,34,nd,North Dakota,0.0,1,0,observed
32,2022W37,2022-09-17,36,34,nd,North Dakota,0.0,1,0,observed
33,2022W38,2022-09-24,37,34,nd,North Dakota,1.0,1,0,observed
34,2022W39,2022-10-01,38,34,nd,North Dakota,0.0,1,0,observed
35,2022W40,2022-10-08,39,34,nd,North Dakota,0.0,1,0,observed
36,2022W41,2022-10-15,40,34,nd,North Dakota,1.0,1,0,observed
37,2022W42,2022-10-22,41,34,nd,North Dakota,2.0,1,0,observed
38,2022W43,2022-10-29,42,34,nd,North Dakota,2.0,1,0,observed
39,2022W44,2022-11-05,43,34,nd,North Dakota,6.0,1,0,observed
40,2022W45,2022-11-12,44,34,nd,North Dakota,10.0,1,0,observed
41,2022W46,2022-11-19,45,34,nd,North Dakota,13.0,1,0,observed
42,2022W47,2022-11-26,46,34,nd,North Dakota,22.0,1,0,observed
43,2022W48,2022-12-03,47,34,nd,North Dakota,49.0,1,0,observed
44,2022W49,2022-12-10,48,34,nd,North Dakota,34.0,1,0,observed
45,2022W50,2022-12-17,49,34,nd,North Dakota,66.0,1,0,observed
46,2022W51,2022-12-24,50,34,nd,North Dakota,72.0,1,0,observed
47,2022W52,2022-12-31,51,34,nd,North Dakota,82.0,1,0,observed
48,2023W01,2023-01-07,0,34,nd,North Dakota,72.0,1,0,observed
49,2023W02,2023-01-14,1,34,nd,North Dakota,52.0,1,0,observed
50,2023W03,2023-01-21,2,34,nd,North Dakota,28.0,1,0,observed
51,2023W04,2023-01-28,3,34,nd,North Dakota,24.0,1,0,observed
52,2023W05,2023-02-04,4,34,nd,North Dakota,9.0,1,0,observed
53,2023W06,2023-02-11,5,34,nd,North Dakota,16.0,1,0,observed
54,2023W07,2023-02-18,6,34,nd,North Dakota,10.0,1,0,observed
55,2023W08,2023-02-25,7,34,nd,North Dakota,9.0,1,0,observed
56,2023W09,2023-03-04,8,34,nd,North Dakota,5.0,1,0,observed
57,2023W10,2023-03-11,9,34,nd,North Dakota,5.0,1,0,observed
58,2023W11,2023-03-18,10,34,nd,North Dakota,11.0,1,0,observed
59,2023W12,2023-03-25,11,34,nd,North Dakota,0.0,1,0,observed
60,2023W13,2023-04-01,12,34,nd,North Dakota,0.0,1,0,observed
61,2023W14,2023-04-08,13,34,nd,North Dakota,7.0,1,0,observed
62,2023W15,2023-04-15,14,34,nd,North Dakota,5.0,1,0,observed
63,2023W16,2023-04-22,15,34,nd,North Dakota,3.0,1,0,observed
64,2023W17,2023-04-29,16,34,nd,North Dakota,5.0,1,0,observed
65,2023W18,2023-05-06,17,34,nd,North Dakota,7.0,1,0,observed
66,2023W19,2023-05-13,18,34,nd,North Dakota,2.0,1,0,observed
67,2023W20,2023-05-20,19,34,nd,North Dakota,13.0,1,0,observed
68,2023W21,2023-05-27,20,34,nd,North Dakota,3.0,1,0,observed
69,2023W22,2023-06-03,21,34,nd,North Dakota,1.0,1,0,observed
70,2023W23,2023-06-10,22,34,nd,North Dakota,3.0,1,0,observed
71,2023W24,2023-06-17,23,34,nd,North Dakota,2.0,1,0,observed
72,2023W25,2023-06-24,24,34,nd,North Dakota,1.0,1,0,observed
73,2023W26,2023-07-01,25,34,nd,North Dakota,1.0,1,0,observed
74,2023W27,2023-07-08,26,34,nd,North Dakota,2.0,1,0,observed
75,2023W28,2023-07-15,27,34,nd,North Dakota,1.0,1,0,observed
76,2023W29,2023-07-22,28,34,nd,North Dakota,1.0,1,0,observed
77,2023W30,2023-07-29,29,34,nd,North Dakota,1.0,1,0,observed
78,2023W31,2023-08-05,30,34,nd,North Dakota,0.0,1,0,observed
79,2023W32,2023-08-12,31,34,nd,North Dakota,5.0,1,0,observed
80,2023W33,2023-08-19,32,34,nd,North Dakota,0.0,1,0,observed
81,2023W34,2023-08-26,33,34,nd,North Dakota,1.0,1,0,observed
82,2023W35,2023-09-02,34,34,nd,North Dakota,0.0,1,0,observed
83,2023W36,2023-09-09,35,34,nd,North Dakota,0.0,1,0,observed
84,2023W37,2023-09-16,36,34,nd,North Dakota,0.0,1,0,observed
85,2023W38,2023-09-23,37,34,nd,North Dakota,1.0,1,0,observed
86,2023W39,2023-09-30,38,34,nd,North Dakota,3.0,1,0,observed
87,2023W40,2023-10-07,39,34,nd,North Dakota,0.0,1,0,observed
88,2023W41,2023-10-14,40,34,nd,North Dakota,1.0,1,0,observed
89,2023W42,2023-10-21,41,34,nd,North Dakota,1.0,1,0,observed
90,2023W43,2023-10-28,42,34,nd,North Dakota,1.0,1,0,observed
91,2023W44,2023-11-04,43,34,nd,North Dakota,0.0,1,0,observed
92,2023W45,2023-11-11,44,34,nd,North Dakota,2.0,1,0,observed
93,2023W46,2023-11-18,45,34,nd,North Dakota,7.0,1,0,observed
94,2023W47,2023-11-25,46,34,nd,North Dakota,4.0,1,0,observed
95,2023W48,2023-12-02,47,34,nd,North Dakota,17.0,1,0,observed
96,2023W49,2023-12-09,48,34,nd,North Dakota,11.0,1,0,observed
97,2023W50,2023-12-16,49,34,nd,North Dakota,16.0,1,0,observed
98,2023W51,2023-12-23,50,34,nd,North Dakota,26.0,1,0,observed
99,2023W52,2023-12-30,51,34,nd,North Dakota,51.0,1,0,observed
100,2024W01,2024-01-06,0,34,nd,North Dakota,52.0,1,0,observed
101,2024W02,2024-01-13,1,34,nd,North Dakota,32.0,1,0,observed
102,2024W03,2024-01-20,2,34,nd,North Dakota,41.0,1,0,observed
103,2024W04,2024-01-27,3,34,nd,North Dakota,48.0,1,0,observed
104,2024W05,2024-02-03,4,34,nd,North Dakota,40.0,1,0,observed
105,2024W06,2024-02-10,5,34,nd,North Dakota,31.0,1,0,observed
106,2024W07,2024-02-17,6,34,nd,North Dakota,29.0,1,0,observed
107,2024W08,2024-02-24,7,34,nd,North Dakota,25.0,1,0,observed
108,2024W09,2024-03-02,8,34,nd,North Dakota,22.0,1,0,observed
109,2024W10,2024-03-09,9,34,nd,North Dakota,21.0,1,0,observed
110,2024W11,2024-03-16,10,34,nd,North Dakota,29.0,1,0,observed
111,2024W12,2024-03-23,11,34,nd,North Dakota,20.0,1,0,observed
112,2024W13,2024-03-30,12,34,nd,North Dakota,31.0,1,0,observed
113,2024W14,2024-04-06,13,34,nd,North Dakota,19.0,1,0,observed
114,2024W15,2024-04-13,14,34,nd,North Dakota,18.0,1,0,observed
115,2024W16,2024-04-20,15,34,nd,North Dakota,15.0,1,0,observed
116,2024W17,2024-04-27,16,34,nd,North Dakota,7.0,1,0,observed
117,2024W18,2024-05-04,17,34,nd,North Dakota,4.0,1,0,observed
118,2024W19,2024-05-11,18,34,nd,North Dakota,0.0,1,0,observed
119,2024W20,2024-05-18,19,34,nd,North Dakota,1.0,1,0,observed
120,2024W21,2024-05-25,20,34,nd,North Dakota,0.0,1,0,observed
121,2024W22,2024-06-01,21,34,nd,North Dakota,0.0,1,0,observed
122,2024W23,2024-06-08,22,34,nd,North Dakota,0.0,1,0,observed
123,2024W24,2024-06-15,23,34,nd,North Dakota,0.0,1,0,observed
124,2024W25,2024-06-22,24,34,nd,North Dakota,1.0,1,0,observed
125,2024W26,2024-06-29,25,34,nd,North Dakota,0.0,1,0,observed
126,2024W27,2024-07-06,26,34,nd,North Dakota,0.0,1,0,observed
127,2024W28,2024-07-13,27,34,nd,North Dakota,0.0,1,0,observed
128,2024W29,2024-07-20,28,34,nd,North Dakota,0.0,1,0,observed
129,2024W30,2024-07-27,29,34,nd,North Dakota,1.0,1,0,observed
130,2024W31,2024-08-03,30,34,nd,North Dakota,0.0,1,0,observed
131,2024W32,2024-08-10,31,34,nd,North Dakota,0.0,1,0,observed
132,2024W33,2024-08-17,32,34,nd,North Dakota,0.0,1,0,observed
133,2024W34,2024-08-24,33,34,nd,North Dakota,0.0,1,0,observed
134,2024W35,2024-08-31,34,34,nd,North Dakota,0.0,1,0,observed
135,2024W36,2024-09-07,35,34,nd,North Dakota,0.0,1,0,observed
136,2024W37,2024-09-14,36,34,nd,North Dakota,0.0,1,0,observed
137,2024W38,2024-09-21,37,34,nd,North Dakota,0.0,1,0,observed
138,2024W39,2024-09-28,38,34,nd,North Dakota,1.0,1,0,observed
139,2024W40,2024-10-05,39,34,nd,North Dakota,0.0,1,0,observed
140,2024W41,2024-10-12,40,34,nd,North Dakota,1.0,1,0,observed
141,2024W42,2024-10-19,41,34,nd,North Dakota,0.0,1,0,observed
142,2024W43,2024-10-26,42,34,nd,North Dakota,0.0,1,0,observed
143,2024W44,2024-11-02,43,34,nd,North Dakota,2.0,1,0,observed
144,2024W45,2024-11-09,44,34,nd,North Dakota,0.0,1,0,observed
145,2024W46,2024-11-16,45,34,nd,North Dakota,1.0,1,0,observed
146,2024W47,2024-11-23,46,34,nd,North Dakota,3.0,1,0,observed
147,2024W48,2024-11-30,47,34,nd,North Dakota,1.0,1,0,observed
148,2024W49,2024-12-07,48,34,nd,North Dakota,2.0,1,0,observed
149,2024W50,2024-12-14,49,34,nd,North Dakota,5.0,1,0,observed
150,2024W51,2024-12-21,50,34,nd,North Dakota,8.0,1,0,observed
151,2024W52,2024-12-28,51,34,nd,North Dakota,22.0,1,0,observed
152,2025W01,2025-01-04,0,34,nd,North Dakota,56.0,1,0,observed
153,2025W02,2025-01-11,1,34,nd,North Dakota,38.0,1,0,observed
154,2025W03,2025-01-18,2,34,nd,North Dakota,61.0,1,0,observed
155,2025W04,2025-01-25,3,34,nd,North Dakota,89.0,1,0,observed
156,2025W05,2025-02-01,4,34,nd,North Dakota,104.0,1,0,observed
157,2025W06,2025-02-08,5,34,nd,North Dakota,127.0,1,0,observed
158,2025W07,2025-02-15,6,34,nd,North Dakota,85.0,1,0,observed
159,2025W08,2025-02-22,7,34,nd,North Dakota,65.0,1,0,observed
160,2025W09,2025-03-01,8,34,nd,North Dakota,47.0,1,0,observed
161,2025W10,2025-03-08,9,34,nd,North Dakota,32.0,1,0,observed
162,2025W11,2025-03-15,10,34,nd,North Dakota,36.0,1,0,observed
163,2025W12,2025-03-22,11,34,nd,North Dakota,24.0,1,0,observed
164,2025W13,2025-03-29,12,34,nd,North Dakota,25.0,1,0,observed
165,2025W14,2025-04-05,13,34,nd,North Dakota,14.0,1,0,observed
166,2025W15,2025-04-12,14,34,nd,North Dakota,12.0,1,0,observed
167,2025W16,2025-04-19,15,34,nd,North Dakota,14.0,1,0,observed
168,2025W17,2025-04-26,16,34,nd,North Dakota,11.0,1,0,observed
169,2025W18,2025-05-03,17,34,nd,North Dakota,9.0,1,0,observed
170,2025W19,2025-05-10,18,34,nd,North Dakota,5.0,1,0,observed
171,2025W20,2025-05-17,19,34,nd,North Dakota,7.0,1,0,observed
172,2025W21,2025-05-24,20,34,nd,North Dakota,3.0,1,0,observed
173,2025W22,2025-05-31,21,34,nd,North Dakota,1.0,1,0,observed
174,2025W23,2025-06-07,22,34,nd,North Dakota,5.0,1,0,observed
175,2025W24,2025-06-14,23,34,nd,North Dakota,4.0,1,0,observed
176,2025W25,2025-06-21,24,34,nd,North Dakota,3.0,1,0,observed
177,2025W26,2025-06-28,25,34,nd,North Dakota,1.0,1,0,observed
178,2025W27,2025-07-05,26,34,nd,North Dakota,4.0,1,0,observed
179,2025W28,2025-07-12,27,34,nd,North Dakota,0.0,1,0,observed
180,2025W29,2025-07-19,28,34,nd,North Dakota,1.0,1,0,observed
181,2025W30,2025-07-26,29,34,nd,North Dakota,0.0,1,0,observed
182,2025W31,2025-08-02,30,34,nd,North Dakota,2.0,1,0,observed
183,2025W32,2025-08-09,31,34,nd,North Dakota,4.0,1,0,observed
184,2025W33,2025-08-16,32,34,nd,North Dakota,3.0,1,0,observed
185,2025W34,2025-08-23,33,34,nd,North Dakota,0.0,1,0,observed
186,2025W35,2025-08-30,34,34,nd,North Dakota,1.0,1,0,observed
187,2025W36,2025-09-06,35,34,nd,North Dakota,2.0,1,0,observed
188,2025W37,2025-09-13,36,34,nd,North Dakota,4.0,1,0,observed
189,2025W38,2025-09-20,37,34,nd,North Dakota,2.0,1,0,observed
190,2025W39,2025-09-27,38,34,nd,North Dakota,0.0,1,0,observed
191,2025W40,2025-10-04,39,34,nd,North Dakota,3.0,1,0,observed
192,2025W41,2025-10-11,40,34,nd,North Dakota,3.0,1,0,observed
193,2025W42,2025-10-18,41,34,nd,North Dakota,1.0,1,0,observed
194,2025W43,2025-10-25,42,34,nd,North Dakota,2.0,1,0,observed
195,2025W44,2025-11-01,43,34,nd,North Dakota,2.0,1,0,observed
196,2025W45,2025-11-08,44,34,nd,North Dakota,5.0,1,0,observed
197,2025W46,2025-11-15,45,34,nd,North Dakota,1.0,1,0,observed
198,2025W47,2025-11-22,46,34,nd,North Dakota,2.0,1,0,observed
199,2025W48,2025-11-29,47,34,nd,North Dakota,10.0,1,0,observed
200,2025W49,2025-12-06,48,34,nd,North Dakota,9.0,1,0,observed
201,2025W50,2025-12-13,49,34,nd,North Dakota,22.0,1,0,observed
202,2025W51,2025-12-20,50,34,nd,North Dakota,55.0,1,0,observed
203,2025W52,2025-12-27,51,34,nd,North Dakota,104.0,1,0,observed
204,2026W01,2026-01-03,0,34,nd,North Dakota,159.0,1,0,observed
205,2026W02,2026-01-10,1,34,nd,North Dakota,103.0,1,0,observed
206,2026W03,2026-01-17,2,34,nd,North Dakota,95.0,1,0,observed
207,2026W04,2026-01-24,3,34,nd,North Dakota,72.0,1,0,observed
208,2026W05,2026-01-31,4,34,nd,North Dakota,61.0,1,0,observed
209,2026W06,2026-02-07,5,34,nd,North Dakota,42.0,1,0,observed
210,2026W07,2026-02-14,6,34,nd,North Dakota,30.0,1,0,observed
211,2026W08,2026-02-21,7,34,nd,North Dakota,22.0,1,0,observed
212,2026W09,2026-02-28,8,34,nd,North Dakota,18.0,1,0,observed
213,2026W10,2026-03-07,9,34,nd,North Dakota,27.0,1,0,observed
214,2026W11,2026-03-14,10,34,nd,North Dakota,22.0,1,0,observed
215,2026W12,2026-03-21,11,34,nd,North Dakota,24.0,1,0,observed
216,2026W13,2026-03-28,12,34,nd,North Dakota,15.0,1,0,observed
217,2026W14,2026-04-04,13,34,nd,North Dakota,10.0,1,0,observed
218,2026W15,2026-04-11,14,34,nd,North Dakota,11.0,1,0,observed
219,2026W16,2026-04-18,15,34,nd,North Dakota,8.0,1,0,observed
0,2022W05,2022-02-05,4,35,oh,Ohio,20.0,1,0,observed
1,2022W06,2022-02-12,5,35,oh,Ohio,26.0,1,0,observed
2,2022W07,2022-02-19,6,35,oh,Ohio,33.0,1,0,observed
3,2022W08,2022-02-26,7,35,oh,Ohio,32.0,1,0,observed
4,2022W09,2022-03-05,8,35,oh,Ohio,53.0,1,0,observed
5,2022W10,2022-03-12,9,35,oh,Ohio,75.0,1,0,observed
6,2022W11,2022-03-19,10,35,oh,Ohio,94.0,1,0,observed
7,2022W12,2022-03-26,11,35,oh,Ohio,104.0,1,0,observed
8,2022W13,2022-04-02,12,35,oh,Ohio,97.0,1,0,observed
9,2022W14,2022-04-09,13,35,oh,Ohio,127.0,1,0,observed
10,2022W15,2022-04-16,14,35,oh,Ohio,133.0,1,0,observed
11,2022W16,2022-04-23,15,35,oh,Ohio,115.0,1,0,observed
12,2022W17,2022-04-30,16,35,oh,Ohio,104.0,1,0,observed
13,2022W18,2022-05-07,17,35,oh,Ohio,99.0,1,0,observed
14,2022W19,2022-05-14,18,35,oh,Ohio,79.0,1,0,observed
15,2022W20,2022-05-21,19,35,oh,Ohio,66.0,1,0,observed
16,2022W21,2022-05-28,20,35,oh,Ohio,45.0,1,0,observed
17,2022W22,2022-06-04,21,35,oh,Ohio,37.0,1,0,observed
18,2022W23,2022-06-11,22,35,oh,Ohio,21.0,1,0,observed
19,2022W24,2022-06-18,23,35,oh,Ohio,20.0,1,0,observed
20,2022W25,2022-06-25,24,35,oh,Ohio,12.0,1,0,observed
21,2022W26,2022-07-02,25,35,oh,Ohio,11.0,1,0,observed
22,2022W27,2022-07-09,26,35,oh,Ohio,6.0,1,0,observed
23,2022W28,2022-07-16,27,35,oh,Ohio,5.0,1,0,observed
24,2022W29,2022-07-23,28,35,oh,Ohio,11.0,1,0,observed
25,2022W30,2022-07-30,29,35,oh,Ohio,7.0,1,0,observed
26,2022W31,2022-08-06,30,35,oh,Ohio,4.0,1,0,observed
27,2022W32,2022-08-13,31,35,oh,Ohio,1.0,1,0,observed
28,2022W33,2022-08-20,32,35,oh,Ohio,10.0,1,0,observed
29,2022W34,2022-08-27,33,35,oh,Ohio,10.0,1,0,observed
30,2022W35,2022-09-03,34,35,oh,Ohio,13.0,1,0,observed
31,2022W36,2022-09-10,35,35,oh,Ohio,16.0,1,0,observed
32,2022W37,2022-09-17,36,35,oh,Ohio,7.0,1,0,observed
33,2022W38,2022-09-24,37,35,oh,Ohio,11.0,1,0,observed
34,2022W39,2022-10-01,38,35,oh,Ohio,15.0,1,0,observed
35,2022W40,2022-10-08,39,35,oh,Ohio,17.0,1,0,observed
36,2022W41,2022-10-15,40,35,oh,Ohio,32.0,1,0,observed
37,2022W42,2022-10-22,41,35,oh,Ohio,33.0,1,0,observed
38,2022W43,2022-10-29,42,35,oh,Ohio,105.0,1,0,observed
39,2022W44,2022-11-05,43,35,oh,Ohio,196.0,1,0,observed
40,2022W45,2022-11-12,44,35,oh,Ohio,257.0,1,0,observed
41,2022W46,2022-11-19,45,35,oh,Ohio,311.0,1,0,observed
42,2022W47,2022-11-26,46,35,oh,Ohio,560.0,1,0,observed
43,2022W48,2022-12-03,47,35,oh,Ohio,954.0,1,0,observed
44,2022W49,2022-12-10,48,35,oh,Ohio,957.0,1,0,observed
45,2022W50,2022-12-17,49,35,oh,Ohio,972.0,1,0,observed
46,2022W51,2022-12-24,50,35,oh,Ohio,799.0,1,0,observed
47,2022W52,2022-12-31,51,35,oh,Ohio,706.0,1,0,observed
48,2023W01,2023-01-07,0,35,oh,Ohio,489.0,1,0,observed
49,2023W02,2023-01-14,1,35,oh,Ohio,194.0,1,0,observed
50,2023W03,2023-01-21,2,35,oh,Ohio,122.0,1,0,observed
51,2023W04,2023-01-28,3,35,oh,Ohio,72.0,1,0,observed
52,2023W05,2023-02-04,4,35,oh,Ohio,58.0,1,0,observed
53,2023W06,2023-02-11,5,35,oh,Ohio,49.0,1,0,observed
54,2023W07,2023-02-18,6,35,oh,Ohio,47.0,1,0,observed
55,2023W08,2023-02-25,7,35,oh,Ohio,24.0,1,0,observed
56,2023W09,2023-03-04,8,35,oh,Ohio,23.0,1,0,observed
57,2023W10,2023-03-11,9,35,oh,Ohio,26.0,1,0,observed
58,2023W11,2023-03-18,10,35,oh,Ohio,34.0,1,0,observed
59,2023W12,2023-03-25,11,35,oh,Ohio,29.0,1,0,observed
60,2023W13,2023-04-01,12,35,oh,Ohio,33.0,1,0,observed
61,2023W14,2023-04-08,13,35,oh,Ohio,12.0,1,0,observed
62,2023W15,2023-04-15,14,35,oh,Ohio,25.0,1,0,observed
63,2023W16,2023-04-22,15,35,oh,Ohio,18.0,1,0,observed
64,2023W17,2023-04-29,16,35,oh,Ohio,19.0,1,0,observed
65,2023W18,2023-05-06,17,35,oh,Ohio,17.0,1,0,observed
66,2023W19,2023-05-13,18,35,oh,Ohio,17.0,1,0,observed
67,2023W20,2023-05-20,19,35,oh,Ohio,218.0,1,0,observed
68,2023W21,2023-05-27,20,35,oh,Ohio,14.0,1,0,observed
69,2023W22,2023-06-03,21,35,oh,Ohio,10.0,1,0,observed
70,2023W23,2023-06-10,22,35,oh,Ohio,11.0,1,0,observed
71,2023W24,2023-06-17,23,35,oh,Ohio,11.0,1,0,observed
72,2023W25,2023-06-24,24,35,oh,Ohio,14.0,1,0,observed
73,2023W26,2023-07-01,25,35,oh,Ohio,37.0,1,0,observed
74,2023W27,2023-07-08,26,35,oh,Ohio,37.0,1,0,observed
75,2023W28,2023-07-15,27,35,oh,Ohio,40.0,1,0,observed
76,2023W29,2023-07-22,28,35,oh,Ohio,33.0,1,0,observed
77,2023W30,2023-07-29,29,35,oh,Ohio,117.0,1,0,observed
78,2023W31,2023-08-05,30,35,oh,Ohio,9.0,1,0,observed
79,2023W32,2023-08-12,31,35,oh,Ohio,10.0,1,0,observed
80,2023W33,2023-08-19,32,35,oh,Ohio,8.0,1,0,observed
81,2023W34,2023-08-26,33,35,oh,Ohio,16.0,1,0,observed
82,2023W35,2023-09-02,34,35,oh,Ohio,13.0,1,0,observed
83,2023W36,2023-09-09,35,35,oh,Ohio,15.0,1,0,observed
84,2023W37,2023-09-16,36,35,oh,Ohio,9.0,1,0,observed
85,2023W38,2023-09-23,37,35,oh,Ohio,9.0,1,0,observed
86,2023W39,2023-09-30,38,35,oh,Ohio,16.0,1,0,observed
87,2023W40,2023-10-07,39,35,oh,Ohio,18.0,1,0,observed
88,2023W41,2023-10-14,40,35,oh,Ohio,21.0,1,0,observed
89,2023W42,2023-10-21,41,35,oh,Ohio,21.0,1,0,observed
90,2023W43,2023-10-28,42,35,oh,Ohio,17.0,1,0,observed
91,2023W44,2023-11-04,43,35,oh,Ohio,21.0,1,0,observed
92,2023W45,2023-11-11,44,35,oh,Ohio,26.0,1,0,observed
93,2023W46,2023-11-18,45,35,oh,Ohio,56.0,1,0,observed
94,2023W47,2023-11-25,46,35,oh,Ohio,75.0,1,0,observed
95,2023W48,2023-12-02,47,35,oh,Ohio,134.0,1,0,observed
96,2023W49,2023-12-09,48,35,oh,Ohio,160.0,1,0,observed
97,2023W50,2023-12-16,49,35,oh,Ohio,239.0,1,0,observed
98,2023W51,2023-12-23,50,35,oh,Ohio,438.0,1,0,observed
99,2023W52,2023-12-30,51,35,oh,Ohio,638.0,1,0,observed
100,2024W01,2024-01-06,0,35,oh,Ohio,562.0,1,0,observed
101,2024W02,2024-01-13,1,35,oh,Ohio,542.0,1,0,observed
102,2024W03,2024-01-20,2,35,oh,Ohio,505.0,1,0,observed
103,2024W04,2024-01-27,3,35,oh,Ohio,590.0,1,0,observed
104,2024W05,2024-02-03,4,35,oh,Ohio,590.0,1,0,observed
105,2024W06,2024-02-10,5,35,oh,Ohio,602.0,1,0,observed
106,2024W07,2024-02-17,6,35,oh,Ohio,609.0,1,0,observed
107,2024W08,2024-02-24,7,35,oh,Ohio,655.0,1,0,observed
108,2024W09,2024-03-02,8,35,oh,Ohio,637.0,1,0,observed
109,2024W10,2024-03-09,9,35,oh,Ohio,622.0,1,0,observed
110,2024W11,2024-03-16,10,35,oh,Ohio,357.0,1,0,observed
111,2024W12,2024-03-23,11,35,oh,Ohio,299.0,1,0,observed
112,2024W13,2024-03-30,12,35,oh,Ohio,242.0,1,0,observed
113,2024W14,2024-04-06,13,35,oh,Ohio,264.0,1,0,observed
114,2024W15,2024-04-13,14,35,oh,Ohio,193.0,1,0,observed
115,2024W16,2024-04-20,15,35,oh,Ohio,110.0,1,0,observed
116,2024W17,2024-04-27,16,35,oh,Ohio,78.0,1,0,observed
117,2024W18,2024-05-04,17,35,oh,Ohio,46.0,1,0,observed
118,2024W19,2024-05-11,18,35,oh,Ohio,9.0,1,0,observed
119,2024W20,2024-05-18,19,35,oh,Ohio,12.0,1,0,observed
120,2024W21,2024-05-25,20,35,oh,Ohio,11.0,1,0,observed
121,2024W22,2024-06-01,21,35,oh,Ohio,5.0,1,0,observed
122,2024W23,2024-06-08,22,35,oh,Ohio,3.0,1,0,observed
123,2024W24,2024-06-15,23,35,oh,Ohio,2.0,1,0,observed
124,2024W25,2024-06-22,24,35,oh,Ohio,6.0,1,0,observed
125,2024W26,2024-06-29,25,35,oh,Ohio,2.0,1,0,observed
126,2024W27,2024-07-06,26,35,oh,Ohio,6.0,1,0,observed
127,2024W28,2024-07-13,27,35,oh,Ohio,2.0,1,0,observed
128,2024W29,2024-07-20,28,35,oh,Ohio,3.0,1,0,observed
129,2024W30,2024-07-27,29,35,oh,Ohio,2.0,1,0,observed
130,2024W31,2024-08-03,30,35,oh,Ohio,2.0,1,0,observed
131,2024W32,2024-08-10,31,35,oh,Ohio,4.0,1,0,observed
132,2024W33,2024-08-17,32,35,oh,Ohio,5.0,1,0,observed
133,2024W34,2024-08-24,33,35,oh,Ohio,3.0,1,0,observed
134,2024W35,2024-08-31,34,35,oh,Ohio,1.0,1,0,observed
135,2024W36,2024-09-07,35,35,oh,Ohio,2.0,1,0,observed
136,2024W37,2024-09-14,36,35,oh,Ohio,4.0,1,0,observed
137,2024W38,2024-09-21,37,35,oh,Ohio,3.0,1,0,observed
138,2024W39,2024-09-28,38,35,oh,Ohio,1.0,1,0,observed
139,2024W40,2024-10-05,39,35,oh,Ohio,0.0,1,0,observed
140,2024W41,2024-10-12,40,35,oh,Ohio,1.0,1,0,observed
141,2024W42,2024-10-19,41,35,oh,Ohio,10.0,1,0,observed
142,2024W43,2024-10-26,42,35,oh,Ohio,229.0,1,0,observed
143,2024W44,2024-11-02,43,35,oh,Ohio,17.0,1,0,observed
144,2024W45,2024-11-09,44,35,oh,Ohio,24.0,1,0,observed
145,2024W46,2024-11-16,45,35,oh,Ohio,40.0,1,0,observed
146,2024W47,2024-11-23,46,35,oh,Ohio,40.0,1,0,observed
147,2024W48,2024-11-30,47,35,oh,Ohio,55.0,1,0,observed
148,2024W49,2024-12-07,48,35,oh,Ohio,93.0,1,0,observed
149,2024W50,2024-12-14,49,35,oh,Ohio,152.0,1,0,observed
150,2024W51,2024-12-21,50,35,oh,Ohio,308.0,1,0,observed
151,2024W52,2024-12-28,51,35,oh,Ohio,725.0,1,0,observed
152,2025W01,2025-01-04,0,35,oh,Ohio,1302.0,1,0,observed
153,2025W02,2025-01-11,1,35,oh,Ohio,1044.0,1,0,observed
154,2025W03,2025-01-18,2,35,oh,Ohio,1148.0,1,0,observed
155,2025W04,2025-01-25,3,35,oh,Ohio,1735.0,1,0,observed
156,2025W05,2025-02-01,4,35,oh,Ohio,2523.0,1,0,observed
157,2025W06,2025-02-08,5,35,oh,Ohio,3269.0,1,0,observed
158,2025W07,2025-02-15,6,35,oh,Ohio,3705.0,1,0,observed
159,2025W08,2025-02-22,7,35,oh,Ohio,3266.0,1,0,observed
160,2025W09,2025-03-01,8,35,oh,Ohio,2611.0,1,0,observed
161,2025W10,2025-03-08,9,35,oh,Ohio,1905.0,1,0,observed
162,2025W11,2025-03-15,10,35,oh,Ohio,1361.0,1,0,observed
163,2025W12,2025-03-22,11,35,oh,Ohio,797.0,1,0,observed
164,2025W13,2025-03-29,12,35,oh,Ohio,453.0,1,0,observed
165,2025W14,2025-04-05,13,35,oh,Ohio,274.0,1,0,observed
166,2025W15,2025-04-12,14,35,oh,Ohio,169.0,1,0,observed
167,2025W16,2025-04-19,15,35,oh,Ohio,107.0,1,0,observed
168,2025W17,2025-04-26,16,35,oh,Ohio,87.0,1,0,observed
169,2025W18,2025-05-03,17,35,oh,Ohio,47.0,1,0,observed
170,2025W19,2025-05-10,18,35,oh,Ohio,33.0,1,0,observed
171,2025W20,2025-05-17,19,35,oh,Ohio,25.0,1,0,observed
172,2025W21,2025-05-24,20,35,oh,Ohio,20.0,1,0,observed
173,2025W22,2025-05-31,21,35,oh,Ohio,19.0,1,0,observed
174,2025W23,2025-06-07,22,35,oh,Ohio,21.0,1,0,observed
175,2025W24,2025-06-14,23,35,oh,Ohio,15.0,1,0,observed
176,2025W25,2025-06-21,24,35,oh,Ohio,17.0,1,0,observed
177,2025W26,2025-06-28,25,35,oh,Ohio,14.0,1,0,observed
178,2025W27,2025-07-05,26,35,oh,Ohio,18.0,1,0,observed
179,2025W28,2025-07-12,27,35,oh,Ohio,11.0,1,0,observed
180,2025W29,2025-07-19,28,35,oh,Ohio,15.0,1,0,observed
181,2025W30,2025-07-26,29,35,oh,Ohio,19.0,1,0,observed
182,2025W31,2025-08-02,30,35,oh,Ohio,16.0,1,0,observed
183,2025W32,2025-08-09,31,35,oh,Ohio,3.0,1,0,observed
184,2025W33,2025-08-16,32,35,oh,Ohio,5.0,1,0,observed
185,2025W34,2025-08-23,33,35,oh,Ohio,10.0,1,0,observed
186,2025W35,2025-08-30,34,35,oh,Ohio,10.0,1,0,observed
187,2025W36,2025-09-06,35,35,oh,Ohio,6.0,1,0,observed
188,2025W37,2025-09-13,36,35,oh,Ohio,16.0,1,0,observed
189,2025W38,2025-09-20,37,35,oh,Ohio,14.0,1,0,observed
190,2025W39,2025-09-27,38,35,oh,Ohio,13.0,1,0,observed
191,2025W40,2025-10-04,39,35,oh,Ohio,17.0,1,0,observed
192,2025W41,2025-10-11,40,35,oh,Ohio,13.0,1,0,observed
193,2025W42,2025-10-18,41,35,oh,Ohio,13.0,1,0,observed
194,2025W43,2025-10-25,42,35,oh,Ohio,15.0,1,0,observed
195,2025W44,2025-11-01,43,35,oh,Ohio,22.0,1,0,observed
196,2025W45,2025-11-08,44,35,oh,Ohio,42.0,1,0,observed
197,2025W46,2025-11-15,45,35,oh,Ohio,48.0,1,0,observed
198,2025W47,2025-11-22,46,35,oh,Ohio,90.0,1,0,observed
199,2025W48,2025-11-29,47,35,oh,Ohio,125.0,1,0,observed
200,2025W49,2025-12-06,48,35,oh,Ohio,176.0,1,0,observed
201,2025W50,2025-12-13,49,35,oh,Ohio,329.0,1,0,observed
202,2025W51,2025-12-20,50,35,oh,Ohio,745.0,1,0,observed
203,2025W52,2025-12-27,51,35,oh,Ohio,1610.0,1,0,observed
204,2026W01,2026-01-03,0,35,oh,Ohio,1958.0,1,0,observed
205,2026W02,2026-01-10,1,35,oh,Ohio,1377.0,1,0,observed
206,2026W03,2026-01-17,2,35,oh,Ohio,858.0,1,0,observed
207,2026W04,2026-01-24,3,35,oh,Ohio,724.0,1,0,observed
208,2026W05,2026-01-31,4,35,oh,Ohio,610.0,1,0,observed
209,2026W06,2026-02-07,5,35,oh,Ohio,514.0,1,0,observed
210,2026W07,2026-02-14,6,35,oh,Ohio,528.0,1,0,observed
211,2026W08,2026-02-21,7,35,oh,Ohio,663.0,1,0,observed
212,2026W09,2026-02-28,8,35,oh,Ohio,522.0,1,0,observed
213,2026W10,2026-03-07,9,35,oh,Ohio,459.0,1,0,observed
214,2026W11,2026-03-14,10,35,oh,Ohio,417.0,1,0,observed
215,2026W12,2026-03-21,11,35,oh,Ohio,257.0,1,0,observed
216,2026W13,2026-03-28,12,35,oh,Ohio,60.0,1,0,observed
217,2026W14,2026-04-04,13,35,oh,Ohio,35.0,1,0,observed
218,2026W15,2026-04-11,14,35,oh,Ohio,42.0,1,0,observed
219,2026W16,2026-04-18,15,35,oh,Ohio,27.0,1,0,observed
0,2022W05,2022-02-05,4,36,ok,Oklahoma,49.0,1,0,observed
1,2022W06,2022-02-12,5,36,ok,Oklahoma,68.0,1,0,observed
2,2022W07,2022-02-19,6,36,ok,Oklahoma,74.0,1,0,observed
3,2022W08,2022-02-26,7,36,ok,Oklahoma,75.0,1,0,observed
4,2022W09,2022-03-05,8,36,ok,Oklahoma,82.0,1,0,observed
5,2022W10,2022-03-12,9,36,ok,Oklahoma,116.0,1,0,observed
6,2022W11,2022-03-19,10,36,ok,Oklahoma,161.0,1,0,observed
7,2022W12,2022-03-26,11,36,ok,Oklahoma,156.0,1,0,observed
8,2022W13,2022-04-02,12,36,ok,Oklahoma,165.0,1,0,observed
9,2022W14,2022-04-09,13,36,ok,Oklahoma,118.0,1,0,observed
10,2022W15,2022-04-16,14,36,ok,Oklahoma,100.0,1,0,observed
11,2022W16,2022-04-23,15,36,ok,Oklahoma,76.0,1,0,observed
12,2022W17,2022-04-30,16,36,ok,Oklahoma,45.0,1,0,observed
13,2022W18,2022-05-07,17,36,ok,Oklahoma,34.0,1,0,observed
14,2022W19,2022-05-14,18,36,ok,Oklahoma,47.0,1,0,observed
15,2022W20,2022-05-21,19,36,ok,Oklahoma,29.0,1,0,observed
16,2022W21,2022-05-28,20,36,ok,Oklahoma,39.0,1,0,observed
17,2022W22,2022-06-04,21,36,ok,Oklahoma,33.0,1,0,observed
18,2022W23,2022-06-11,22,36,ok,Oklahoma,26.0,1,0,observed
19,2022W24,2022-06-18,23,36,ok,Oklahoma,28.0,1,0,observed
20,2022W25,2022-06-25,24,36,ok,Oklahoma,28.0,1,0,observed
21,2022W26,2022-07-02,25,36,ok,Oklahoma,25.0,1,0,observed
22,2022W27,2022-07-09,26,36,ok,Oklahoma,26.0,1,0,observed
23,2022W28,2022-07-16,27,36,ok,Oklahoma,24.0,1,0,observed
24,2022W29,2022-07-23,28,36,ok,Oklahoma,5.0,1,0,observed
25,2022W30,2022-07-30,29,36,ok,Oklahoma,6.0,1,0,observed
26,2022W31,2022-08-06,30,36,ok,Oklahoma,22.0,1,0,observed
27,2022W32,2022-08-13,31,36,ok,Oklahoma,11.0,1,0,observed
28,2022W33,2022-08-20,32,36,ok,Oklahoma,4.0,1,0,observed
29,2022W34,2022-08-27,33,36,ok,Oklahoma,8.0,1,0,observed
30,2022W35,2022-09-03,34,36,ok,Oklahoma,7.0,1,0,observed
31,2022W36,2022-09-10,35,36,ok,Oklahoma,11.0,1,0,observed
32,2022W37,2022-09-17,36,36,ok,Oklahoma,12.0,1,0,observed
33,2022W38,2022-09-24,37,36,ok,Oklahoma,6.0,1,0,observed
34,2022W39,2022-10-01,38,36,ok,Oklahoma,8.0,1,0,observed
35,2022W40,2022-10-08,39,36,ok,Oklahoma,6.0,1,0,observed
36,2022W41,2022-10-15,40,36,ok,Oklahoma,14.0,1,0,observed
37,2022W42,2022-10-22,41,36,ok,Oklahoma,30.0,1,0,observed
38,2022W43,2022-10-29,42,36,ok,Oklahoma,57.0,1,0,observed
39,2022W44,2022-11-05,43,36,ok,Oklahoma,47.0,1,0,observed
40,2022W45,2022-11-12,44,36,ok,Oklahoma,74.0,1,0,observed
41,2022W46,2022-11-19,45,36,ok,Oklahoma,149.0,1,0,observed
42,2022W47,2022-11-26,46,36,ok,Oklahoma,341.0,1,0,observed
43,2022W48,2022-12-03,47,36,ok,Oklahoma,771.0,1,0,observed
44,2022W49,2022-12-10,48,36,ok,Oklahoma,807.0,1,0,observed
45,2022W50,2022-12-17,49,36,ok,Oklahoma,764.0,1,0,observed
46,2022W51,2022-12-24,50,36,ok,Oklahoma,679.0,1,0,observed
47,2022W52,2022-12-31,51,36,ok,Oklahoma,708.0,1,0,observed
48,2023W01,2023-01-07,0,36,ok,Oklahoma,502.0,1,0,observed
49,2023W02,2023-01-14,1,36,ok,Oklahoma,273.0,1,0,observed
50,2023W03,2023-01-21,2,36,ok,Oklahoma,168.0,1,0,observed
51,2023W04,2023-01-28,3,36,ok,Oklahoma,94.0,1,0,observed
52,2023W05,2023-02-04,4,36,ok,Oklahoma,86.0,1,0,observed
53,2023W06,2023-02-11,5,36,ok,Oklahoma,54.0,1,0,observed
54,2023W07,2023-02-18,6,36,ok,Oklahoma,45.0,1,0,observed
55,2023W08,2023-02-25,7,36,ok,Oklahoma,33.0,1,0,observed
56,2023W09,2023-03-04,8,36,ok,Oklahoma,32.0,1,0,observed
57,2023W10,2023-03-11,9,36,ok,Oklahoma,19.0,1,0,observed
58,2023W11,2023-03-18,10,36,ok,Oklahoma,29.0,1,0,observed
59,2023W12,2023-03-25,11,36,ok,Oklahoma,23.0,1,0,observed
60,2023W13,2023-04-01,12,36,ok,Oklahoma,20.0,1,0,observed
61,2023W14,2023-04-08,13,36,ok,Oklahoma,23.0,1,0,observed
62,2023W15,2023-04-15,14,36,ok,Oklahoma,19.0,1,0,observed
63,2023W16,2023-04-22,15,36,ok,Oklahoma,15.0,1,0,observed
64,2023W17,2023-04-29,16,36,ok,Oklahoma,21.0,1,0,observed
65,2023W18,2023-05-06,17,36,ok,Oklahoma,10.0,1,0,observed
66,2023W19,2023-05-13,18,36,ok,Oklahoma,15.0,1,0,observed
67,2023W20,2023-05-20,19,36,ok,Oklahoma,23.0,1,0,observed
68,2023W21,2023-05-27,20,36,ok,Oklahoma,20.0,1,0,observed
69,2023W22,2023-06-03,21,36,ok,Oklahoma,12.0,1,0,observed
70,2023W23,2023-06-10,22,36,ok,Oklahoma,10.0,1,0,observed
71,2023W24,2023-06-17,23,36,ok,Oklahoma,15.0,1,0,observed
72,2023W25,2023-06-24,24,36,ok,Oklahoma,9.0,1,0,observed
73,2023W26,2023-07-01,25,36,ok,Oklahoma,13.0,1,0,observed
74,2023W27,2023-07-08,26,36,ok,Oklahoma,12.0,1,0,observed
75,2023W28,2023-07-15,27,36,ok,Oklahoma,8.0,1,0,observed
76,2023W29,2023-07-22,28,36,ok,Oklahoma,13.0,1,0,observed
77,2023W30,2023-07-29,29,36,ok,Oklahoma,14.0,1,0,observed
78,2023W31,2023-08-05,30,36,ok,Oklahoma,6.0,1,0,observed
79,2023W32,2023-08-12,31,36,ok,Oklahoma,11.0,1,0,observed
80,2023W33,2023-08-19,32,36,ok,Oklahoma,21.0,1,0,observed
81,2023W34,2023-08-26,33,36,ok,Oklahoma,13.0,1,0,observed
82,2023W35,2023-09-02,34,36,ok,Oklahoma,16.0,1,0,observed
83,2023W36,2023-09-09,35,36,ok,Oklahoma,16.0,1,0,observed
84,2023W37,2023-09-16,36,36,ok,Oklahoma,16.0,1,0,observed
85,2023W38,2023-09-23,37,36,ok,Oklahoma,17.0,1,0,observed
86,2023W39,2023-09-30,38,36,ok,Oklahoma,26.0,1,0,observed
87,2023W40,2023-10-07,39,36,ok,Oklahoma,15.0,1,0,observed
88,2023W41,2023-10-14,40,36,ok,Oklahoma,39.0,1,0,observed
89,2023W42,2023-10-21,41,36,ok,Oklahoma,22.0,1,0,observed
90,2023W43,2023-10-28,42,36,ok,Oklahoma,10.0,1,0,observed
91,2023W44,2023-11-04,43,36,ok,Oklahoma,18.0,1,0,observed
92,2023W45,2023-11-11,44,36,ok,Oklahoma,34.0,1,0,observed
93,2023W46,2023-11-18,45,36,ok,Oklahoma,37.0,1,0,observed
94,2023W47,2023-11-25,46,36,ok,Oklahoma,34.0,1,0,observed
95,2023W48,2023-12-02,47,36,ok,Oklahoma,71.0,1,0,observed
96,2023W49,2023-12-09,48,36,ok,Oklahoma,59.0,1,0,observed
97,2023W50,2023-12-16,49,36,ok,Oklahoma,85.0,1,0,observed
98,2023W51,2023-12-23,50,36,ok,Oklahoma,153.0,1,0,observed
99,2023W52,2023-12-30,51,36,ok,Oklahoma,135.0,1,0,observed
100,2024W01,2024-01-06,0,36,ok,Oklahoma,172.0,1,0,observed
101,2024W02,2024-01-13,1,36,ok,Oklahoma,209.0,1,0,observed
102,2024W03,2024-01-20,2,36,ok,Oklahoma,252.0,1,0,observed
103,2024W04,2024-01-27,3,36,ok,Oklahoma,346.0,1,0,observed
104,2024W05,2024-02-03,4,36,ok,Oklahoma,419.0,1,0,observed
105,2024W06,2024-02-10,5,36,ok,Oklahoma,463.0,1,0,observed
106,2024W07,2024-02-17,6,36,ok,Oklahoma,387.0,1,0,observed
107,2024W08,2024-02-24,7,36,ok,Oklahoma,169.0,1,0,observed
108,2024W09,2024-03-02,8,36,ok,Oklahoma,177.0,1,0,observed
109,2024W10,2024-03-09,9,36,ok,Oklahoma,180.0,1,0,observed
110,2024W11,2024-03-16,10,36,ok,Oklahoma,139.0,1,0,observed
111,2024W12,2024-03-23,11,36,ok,Oklahoma,93.0,1,0,observed
112,2024W13,2024-03-30,12,36,ok,Oklahoma,91.0,1,0,observed
113,2024W14,2024-04-06,13,36,ok,Oklahoma,63.0,1,0,observed
114,2024W15,2024-04-13,14,36,ok,Oklahoma,35.0,1,0,observed
115,2024W16,2024-04-20,15,36,ok,Oklahoma,30.0,1,0,observed
116,2024W17,2024-04-27,16,36,ok,Oklahoma,36.0,1,0,observed
117,2024W18,2024-05-04,17,36,ok,Oklahoma,16.0,1,0,observed
118,2024W19,2024-05-11,18,36,ok,Oklahoma,9.0,1,0,observed
119,2024W20,2024-05-18,19,36,ok,Oklahoma,5.0,1,0,observed
120,2024W21,2024-05-25,20,36,ok,Oklahoma,6.0,1,0,observed
121,2024W22,2024-06-01,21,36,ok,Oklahoma,2.0,1,0,observed
122,2024W23,2024-06-08,22,36,ok,Oklahoma,1.0,1,0,observed
123,2024W24,2024-06-15,23,36,ok,Oklahoma,1.0,1,0,observed
124,2024W25,2024-06-22,24,36,ok,Oklahoma,1.0,1,0,observed
125,2024W26,2024-06-29,25,36,ok,Oklahoma,0.0,1,0,observed
126,2024W27,2024-07-06,26,36,ok,Oklahoma,2.0,1,0,observed
127,2024W28,2024-07-13,27,36,ok,Oklahoma,0.0,1,0,observed
128,2024W29,2024-07-20,28,36,ok,Oklahoma,6.0,1,0,observed
129,2024W30,2024-07-27,29,36,ok,Oklahoma,0.0,1,0,observed
130,2024W31,2024-08-03,30,36,ok,Oklahoma,1.0,1,0,observed
131,2024W32,2024-08-10,31,36,ok,Oklahoma,1.0,1,0,observed
132,2024W33,2024-08-17,32,36,ok,Oklahoma,0.0,1,0,observed
133,2024W34,2024-08-24,33,36,ok,Oklahoma,0.0,1,0,observed
134,2024W35,2024-08-31,34,36,ok,Oklahoma,1.0,1,0,observed
135,2024W36,2024-09-07,35,36,ok,Oklahoma,0.0,1,0,observed
136,2024W37,2024-09-14,36,36,ok,Oklahoma,1.0,1,0,observed
137,2024W38,2024-09-21,37,36,ok,Oklahoma,5.0,1,0,observed
138,2024W39,2024-09-28,38,36,ok,Oklahoma,5.0,1,0,observed
139,2024W40,2024-10-05,39,36,ok,Oklahoma,0.0,1,0,observed
140,2024W41,2024-10-12,40,36,ok,Oklahoma,0.0,1,0,observed
141,2024W42,2024-10-19,41,36,ok,Oklahoma,0.0,1,0,observed
142,2024W43,2024-10-26,42,36,ok,Oklahoma,4.0,1,0,observed
143,2024W44,2024-11-02,43,36,ok,Oklahoma,3.0,1,0,observed
144,2024W45,2024-11-09,44,36,ok,Oklahoma,13.0,1,0,observed
145,2024W46,2024-11-16,45,36,ok,Oklahoma,13.0,1,0,observed
146,2024W47,2024-11-23,46,36,ok,Oklahoma,14.0,1,0,observed
147,2024W48,2024-11-30,47,36,ok,Oklahoma,40.0,1,0,observed
148,2024W49,2024-12-07,48,36,ok,Oklahoma,40.0,1,0,observed
149,2024W50,2024-12-14,49,36,ok,Oklahoma,56.0,1,0,observed
150,2024W51,2024-12-21,50,36,ok,Oklahoma,106.0,1,0,observed
151,2024W52,2024-12-28,51,36,ok,Oklahoma,282.0,1,0,observed
152,2025W01,2025-01-04,0,36,ok,Oklahoma,404.0,1,0,observed
153,2025W02,2025-01-11,1,36,ok,Oklahoma,285.0,1,0,observed
154,2025W03,2025-01-18,2,36,ok,Oklahoma,439.0,1,0,observed
155,2025W04,2025-01-25,3,36,ok,Oklahoma,692.0,1,0,observed
156,2025W05,2025-02-01,4,36,ok,Oklahoma,1114.0,1,0,observed
157,2025W06,2025-02-08,5,36,ok,Oklahoma,1076.0,1,0,observed
158,2025W07,2025-02-15,6,36,ok,Oklahoma,787.0,1,0,observed
159,2025W08,2025-02-22,7,36,ok,Oklahoma,500.0,1,0,observed
160,2025W09,2025-03-01,8,36,ok,Oklahoma,334.0,1,0,observed
161,2025W10,2025-03-08,9,36,ok,Oklahoma,236.0,1,0,observed
162,2025W11,2025-03-15,10,36,ok,Oklahoma,143.0,1,0,observed
163,2025W12,2025-03-22,11,36,ok,Oklahoma,86.0,1,0,observed
164,2025W13,2025-03-29,12,36,ok,Oklahoma,75.0,1,0,observed
165,2025W14,2025-04-05,13,36,ok,Oklahoma,40.0,1,0,observed
166,2025W15,2025-04-12,14,36,ok,Oklahoma,20.0,1,0,observed
167,2025W16,2025-04-19,15,36,ok,Oklahoma,21.0,1,0,observed
168,2025W17,2025-04-26,16,36,ok,Oklahoma,17.0,1,0,observed
169,2025W18,2025-05-03,17,36,ok,Oklahoma,16.0,1,0,observed
170,2025W19,2025-05-10,18,36,ok,Oklahoma,13.0,1,0,observed
171,2025W20,2025-05-17,19,36,ok,Oklahoma,19.0,1,0,observed
172,2025W21,2025-05-24,20,36,ok,Oklahoma,13.0,1,0,observed
173,2025W22,2025-05-31,21,36,ok,Oklahoma,8.0,1,0,observed
174,2025W23,2025-06-07,22,36,ok,Oklahoma,12.0,1,0,observed
175,2025W24,2025-06-14,23,36,ok,Oklahoma,12.0,1,0,observed
176,2025W25,2025-06-21,24,36,ok,Oklahoma,11.0,1,0,observed
177,2025W26,2025-06-28,25,36,ok,Oklahoma,14.0,1,0,observed
178,2025W27,2025-07-05,26,36,ok,Oklahoma,8.0,1,0,observed
179,2025W28,2025-07-12,27,36,ok,Oklahoma,2.0,1,0,observed
180,2025W29,2025-07-19,28,36,ok,Oklahoma,4.0,1,0,observed
181,2025W30,2025-07-26,29,36,ok,Oklahoma,10.0,1,0,observed
182,2025W31,2025-08-02,30,36,ok,Oklahoma,5.0,1,0,observed
183,2025W32,2025-08-09,31,36,ok,Oklahoma,7.0,1,0,observed
184,2025W33,2025-08-16,32,36,ok,Oklahoma,5.0,1,0,observed
185,2025W34,2025-08-23,33,36,ok,Oklahoma,11.0,1,0,observed
186,2025W35,2025-08-30,34,36,ok,Oklahoma,4.0,1,0,observed
187,2025W36,2025-09-06,35,36,ok,Oklahoma,13.0,1,0,observed
188,2025W37,2025-09-13,36,36,ok,Oklahoma,9.0,1,0,observed
189,2025W38,2025-09-20,37,36,ok,Oklahoma,8.0,1,0,observed
190,2025W39,2025-09-27,38,36,ok,Oklahoma,9.0,1,0,observed
191,2025W40,2025-10-04,39,36,ok,Oklahoma,18.0,1,0,observed
192,2025W41,2025-10-11,40,36,ok,Oklahoma,8.0,1,0,observed
193,2025W42,2025-10-18,41,36,ok,Oklahoma,7.0,1,0,observed
194,2025W43,2025-10-25,42,36,ok,Oklahoma,18.0,1,0,observed
195,2025W44,2025-11-01,43,36,ok,Oklahoma,13.0,1,0,observed
196,2025W45,2025-11-08,44,36,ok,Oklahoma,18.0,1,0,observed
197,2025W46,2025-11-15,45,36,ok,Oklahoma,10.0,1,0,observed
198,2025W47,2025-11-22,46,36,ok,Oklahoma,15.0,1,0,observed
199,2025W48,2025-11-29,47,36,ok,Oklahoma,21.0,1,0,observed
200,2025W49,2025-12-06,48,36,ok,Oklahoma,25.0,1,0,observed
201,2025W50,2025-12-13,49,36,ok,Oklahoma,53.0,1,0,observed
202,2025W51,2025-12-20,50,36,ok,Oklahoma,87.0,1,0,observed
203,2025W52,2025-12-27,51,36,ok,Oklahoma,231.0,1,0,observed
204,2026W01,2026-01-03,0,36,ok,Oklahoma,244.0,1,0,observed
205,2026W02,2026-01-10,1,36,ok,Oklahoma,169.0,1,0,observed
206,2026W03,2026-01-17,2,36,ok,Oklahoma,168.0,1,0,observed
207,2026W04,2026-01-24,3,36,ok,Oklahoma,166.0,1,0,observed
208,2026W05,2026-01-31,4,36,ok,Oklahoma,239.0,1,0,observed
209,2026W06,2026-02-07,5,36,ok,Oklahoma,238.0,1,0,observed
210,2026W07,2026-02-14,6,36,ok,Oklahoma,310.0,1,0,observed
211,2026W08,2026-02-21,7,36,ok,Oklahoma,254.0,1,0,observed
212,2026W09,2026-02-28,8,36,ok,Oklahoma,183.0,1,0,observed
213,2026W10,2026-03-07,9,36,ok,Oklahoma,155.0,1,0,observed
214,2026W11,2026-03-14,10,36,ok,Oklahoma,116.0,1,0,observed
215,2026W12,2026-03-21,11,36,ok,Oklahoma,67.0,1,0,observed
216,2026W13,2026-03-28,12,36,ok,Oklahoma,23.0,1,0,observed
217,2026W14,2026-04-04,13,36,ok,Oklahoma,45.0,1,0,observed
218,2026W15,2026-04-11,14,36,ok,Oklahoma,6.0,1,0,observed
219,2026W16,2026-04-18,15,36,ok,Oklahoma,4.0,1,0,observed
0,2022W05,2022-02-05,4,37,or,Oregon,1.0,1,0,observed
1,2022W06,2022-02-12,5,37,or,Oregon,2.0,1,0,observed
2,2022W07,2022-02-19,6,37,or,Oregon,5.0,1,0,observed
3,2022W08,2022-02-26,7,37,or,Oregon,4.0,1,0,observed
4,2022W09,2022-03-05,8,37,or,Oregon,2.0,1,0,observed
5,2022W10,2022-03-12,9,37,or,Oregon,7.0,1,0,observed
6,2022W11,2022-03-19,10,37,or,Oregon,18.0,1,0,observed
7,2022W12,2022-03-26,11,37,or,Oregon,24.0,1,0,observed
8,2022W13,2022-04-02,12,37,or,Oregon,10.0,1,0,observed
9,2022W14,2022-04-09,13,37,or,Oregon,14.0,1,0,observed
10,2022W15,2022-04-16,14,37,or,Oregon,14.0,1,0,observed
11,2022W16,2022-04-23,15,37,or,Oregon,27.0,1,0,observed
12,2022W17,2022-04-30,16,37,or,Oregon,23.0,1,0,observed
13,2022W18,2022-05-07,17,37,or,Oregon,27.0,1,0,observed
14,2022W19,2022-05-14,18,37,or,Oregon,26.0,1,0,observed
15,2022W20,2022-05-21,19,37,or,Oregon,36.0,1,0,observed
16,2022W21,2022-05-28,20,37,or,Oregon,33.0,1,0,observed
17,2022W22,2022-06-04,21,37,or,Oregon,28.0,1,0,observed
18,2022W23,2022-06-11,22,37,or,Oregon,18.0,1,0,observed
19,2022W24,2022-06-18,23,37,or,Oregon,12.0,1,0,observed
20,2022W25,2022-06-25,24,37,or,Oregon,8.0,1,0,observed
21,2022W26,2022-07-02,25,37,or,Oregon,3.0,1,0,observed
22,2022W27,2022-07-09,26,37,or,Oregon,0.0,1,0,observed
23,2022W28,2022-07-16,27,37,or,Oregon,7.0,1,0,observed
24,2022W29,2022-07-23,28,37,or,Oregon,1.0,1,0,observed
25,2022W30,2022-07-30,29,37,or,Oregon,1.0,1,0,observed
26,2022W31,2022-08-06,30,37,or,Oregon,1.0,1,0,observed
27,2022W32,2022-08-13,31,37,or,Oregon,2.0,1,0,observed
28,2022W33,2022-08-20,32,37,or,Oregon,0.0,1,0,observed
29,2022W34,2022-08-27,33,37,or,Oregon,0.0,1,0,observed
30,2022W35,2022-09-03,34,37,or,Oregon,0.0,1,0,observed
31,2022W36,2022-09-10,35,37,or,Oregon,1.0,1,0,observed
32,2022W37,2022-09-17,36,37,or,Oregon,0.0,1,0,observed
33,2022W38,2022-09-24,37,37,or,Oregon,2.0,1,0,observed
34,2022W39,2022-10-01,38,37,or,Oregon,1.0,1,0,observed
35,2022W40,2022-10-08,39,37,or,Oregon,0.0,1,0,observed
36,2022W41,2022-10-15,40,37,or,Oregon,3.0,1,0,observed
37,2022W42,2022-10-22,41,37,or,Oregon,6.0,1,0,observed
38,2022W43,2022-10-29,42,37,or,Oregon,5.0,1,0,observed
39,2022W44,2022-11-05,43,37,or,Oregon,32.0,1,0,observed
40,2022W45,2022-11-12,44,37,or,Oregon,51.0,1,0,observed
41,2022W46,2022-11-19,45,37,or,Oregon,113.0,1,0,observed
42,2022W47,2022-11-26,46,37,or,Oregon,376.0,1,0,observed
43,2022W48,2022-12-03,47,37,or,Oregon,542.0,1,0,observed
44,2022W49,2022-12-10,48,37,or,Oregon,650.0,1,0,observed
45,2022W50,2022-12-17,49,37,or,Oregon,686.0,1,0,observed
46,2022W51,2022-12-24,50,37,or,Oregon,451.0,1,0,observed
47,2022W52,2022-12-31,51,37,or,Oregon,361.0,1,0,observed
48,2023W01,2023-01-07,0,37,or,Oregon,152.0,1,0,observed
49,2023W02,2023-01-14,1,37,or,Oregon,65.0,1,0,observed
50,2023W03,2023-01-21,2,37,or,Oregon,32.0,1,0,observed
51,2023W04,2023-01-28,3,37,or,Oregon,11.0,1,0,observed
52,2023W05,2023-02-04,4,37,or,Oregon,10.0,1,0,observed
53,2023W06,2023-02-11,5,37,or,Oregon,7.0,1,0,observed
54,2023W07,2023-02-18,6,37,or,Oregon,4.0,1,0,observed
55,2023W08,2023-02-25,7,37,or,Oregon,6.0,1,0,observed
56,2023W09,2023-03-04,8,37,or,Oregon,5.0,1,0,observed
57,2023W10,2023-03-11,9,37,or,Oregon,6.0,1,0,observed
58,2023W11,2023-03-18,10,37,or,Oregon,9.0,1,0,observed
59,2023W12,2023-03-25,11,37,or,Oregon,3.0,1,0,observed
60,2023W13,2023-04-01,12,37,or,Oregon,4.0,1,0,observed
61,2023W14,2023-04-08,13,37,or,Oregon,5.0,1,0,observed
62,2023W15,2023-04-15,14,37,or,Oregon,3.0,1,0,observed
63,2023W16,2023-04-22,15,37,or,Oregon,1.0,1,0,observed
64,2023W17,2023-04-29,16,37,or,Oregon,5.0,1,0,observed
65,2023W18,2023-05-06,17,37,or,Oregon,2.0,1,0,observed
66,2023W19,2023-05-13,18,37,or,Oregon,0.0,1,0,observed
67,2023W20,2023-05-20,19,37,or,Oregon,2.0,1,0,observed
68,2023W21,2023-05-27,20,37,or,Oregon,3.0,1,0,observed
69,2023W22,2023-06-03,21,37,or,Oregon,3.0,1,0,observed
70,2023W23,2023-06-10,22,37,or,Oregon,6.0,1,0,observed
71,2023W24,2023-06-17,23,37,or,Oregon,2.0,1,0,observed
72,2023W25,2023-06-24,24,37,or,Oregon,5.0,1,0,observed
73,2023W26,2023-07-01,25,37,or,Oregon,1.0,1,0,observed
74,2023W27,2023-07-08,26,37,or,Oregon,2.0,1,0,observed
75,2023W28,2023-07-15,27,37,or,Oregon,5.0,1,0,observed
76,2023W29,2023-07-22,28,37,or,Oregon,3.0,1,0,observed
77,2023W30,2023-07-29,29,37,or,Oregon,2.0,1,0,observed
78,2023W31,2023-08-05,30,37,or,Oregon,3.0,1,0,observed
79,2023W32,2023-08-12,31,37,or,Oregon,4.0,1,0,observed
80,2023W33,2023-08-19,32,37,or,Oregon,3.0,1,0,observed
81,2023W34,2023-08-26,33,37,or,Oregon,4.0,1,0,observed
82,2023W35,2023-09-02,34,37,or,Oregon,2.0,1,0,observed
83,2023W36,2023-09-09,35,37,or,Oregon,3.0,1,0,observed
84,2023W37,2023-09-16,36,37,or,Oregon,6.0,1,0,observed
85,2023W38,2023-09-23,37,37,or,Oregon,6.0,1,0,observed
86,2023W39,2023-09-30,38,37,or,Oregon,6.0,1,0,observed
87,2023W40,2023-10-07,39,37,or,Oregon,6.0,1,0,observed
88,2023W41,2023-10-14,40,37,or,Oregon,6.0,1,0,observed
89,2023W42,2023-10-21,41,37,or,Oregon,8.0,1,0,observed
90,2023W43,2023-10-28,42,37,or,Oregon,14.0,1,0,observed
91,2023W44,2023-11-04,43,37,or,Oregon,6.0,1,0,observed
92,2023W45,2023-11-11,44,37,or,Oregon,11.0,1,0,observed
93,2023W46,2023-11-18,45,37,or,Oregon,17.0,1,0,observed
94,2023W47,2023-11-25,46,37,or,Oregon,11.0,1,0,observed
95,2023W48,2023-12-02,47,37,or,Oregon,17.0,1,0,observed
96,2023W49,2023-12-09,48,37,or,Oregon,43.0,1,0,observed
97,2023W50,2023-12-16,49,37,or,Oregon,45.0,1,0,observed
98,2023W51,2023-12-23,50,37,or,Oregon,103.0,1,0,observed
99,2023W52,2023-12-30,51,37,or,Oregon,147.0,1,0,observed
100,2024W01,2024-01-06,0,37,or,Oregon,142.0,1,0,observed
101,2024W02,2024-01-13,1,37,or,Oregon,115.0,1,0,observed
102,2024W03,2024-01-20,2,37,or,Oregon,85.0,1,0,observed
103,2024W04,2024-01-27,3,37,or,Oregon,98.0,1,0,observed
104,2024W05,2024-02-03,4,37,or,Oregon,84.0,1,0,observed
105,2024W06,2024-02-10,5,37,or,Oregon,87.0,1,0,observed
106,2024W07,2024-02-17,6,37,or,Oregon,65.0,1,0,observed
107,2024W08,2024-02-24,7,37,or,Oregon,89.0,1,0,observed
108,2024W09,2024-03-02,8,37,or,Oregon,76.0,1,0,observed
109,2024W10,2024-03-09,9,37,or,Oregon,79.0,1,0,observed
110,2024W11,2024-03-16,10,37,or,Oregon,68.0,1,0,observed
111,2024W12,2024-03-23,11,37,or,Oregon,97.0,1,0,observed
112,2024W13,2024-03-30,12,37,or,Oregon,64.0,1,0,observed
113,2024W14,2024-04-06,13,37,or,Oregon,51.0,1,0,observed
114,2024W15,2024-04-13,14,37,or,Oregon,33.0,1,0,observed
115,2024W16,2024-04-20,15,37,or,Oregon,32.0,1,0,observed
116,2024W17,2024-04-27,16,37,or,Oregon,30.0,1,0,observed
117,2024W18,2024-05-04,17,37,or,Oregon,17.0,1,0,observed
118,2024W19,2024-05-11,18,37,or,Oregon,18.0,1,0,observed
119,2024W20,2024-05-18,19,37,or,Oregon,21.0,1,0,observed
120,2024W21,2024-05-25,20,37,or,Oregon,14.0,1,0,observed
121,2024W22,2024-06-01,21,37,or,Oregon,17.0,1,0,observed
122,2024W23,2024-06-08,22,37,or,Oregon,16.0,1,0,observed
123,2024W24,2024-06-15,23,37,or,Oregon,6.0,1,0,observed
124,2024W25,2024-06-22,24,37,or,Oregon,14.0,1,0,observed
125,2024W26,2024-06-29,25,37,or,Oregon,2.0,1,0,observed
126,2024W27,2024-07-06,26,37,or,Oregon,5.0,1,0,observed
127,2024W28,2024-07-13,27,37,or,Oregon,5.0,1,0,observed
128,2024W29,2024-07-20,28,37,or,Oregon,3.0,1,0,observed
129,2024W30,2024-07-27,29,37,or,Oregon,1.0,1,0,observed
130,2024W31,2024-08-03,30,37,or,Oregon,0.0,1,0,observed
131,2024W32,2024-08-10,31,37,or,Oregon,2.0,1,0,observed
132,2024W33,2024-08-17,32,37,or,Oregon,0.0,1,0,observed
133,2024W34,2024-08-24,33,37,or,Oregon,2.0,1,0,observed
134,2024W35,2024-08-31,34,37,or,Oregon,2.0,1,0,observed
135,2024W36,2024-09-07,35,37,or,Oregon,4.0,1,0,observed
136,2024W37,2024-09-14,36,37,or,Oregon,3.0,1,0,observed
137,2024W38,2024-09-21,37,37,or,Oregon,2.0,1,0,observed
138,2024W39,2024-09-28,38,37,or,Oregon,1.0,1,0,observed
139,2024W40,2024-10-05,39,37,or,Oregon,0.0,1,0,observed
140,2024W41,2024-10-12,40,37,or,Oregon,6.0,1,0,observed
141,2024W42,2024-10-19,41,37,or,Oregon,4.0,1,0,observed
142,2024W43,2024-10-26,42,37,or,Oregon,7.0,1,0,observed
143,2024W44,2024-11-02,43,37,or,Oregon,7.0,1,0,observed
144,2024W45,2024-11-09,44,37,or,Oregon,25.0,1,0,observed
145,2024W46,2024-11-16,45,37,or,Oregon,36.0,1,0,observed
146,2024W47,2024-11-23,46,37,or,Oregon,63.0,1,0,observed
147,2024W48,2024-11-30,47,37,or,Oregon,83.0,1,0,observed
148,2024W49,2024-12-07,48,37,or,Oregon,119.0,1,0,observed
149,2024W50,2024-12-14,49,37,or,Oregon,242.0,1,0,observed
150,2024W51,2024-12-21,50,37,or,Oregon,392.0,1,0,observed
151,2024W52,2024-12-28,51,37,or,Oregon,558.0,1,0,observed
152,2025W01,2025-01-04,0,37,or,Oregon,539.0,1,0,observed
153,2025W02,2025-01-11,1,37,or,Oregon,321.0,1,0,observed
154,2025W03,2025-01-18,2,37,or,Oregon,290.0,1,0,observed
155,2025W04,2025-01-25,3,37,or,Oregon,277.0,1,0,observed
156,2025W05,2025-02-01,4,37,or,Oregon,500.0,1,0,observed
157,2025W06,2025-02-08,5,37,or,Oregon,566.0,1,0,observed
158,2025W07,2025-02-15,6,37,or,Oregon,502.0,1,0,observed
159,2025W08,2025-02-22,7,37,or,Oregon,486.0,1,0,observed
160,2025W09,2025-03-01,8,37,or,Oregon,323.0,1,0,observed
161,2025W10,2025-03-08,9,37,or,Oregon,208.0,1,0,observed
162,2025W11,2025-03-15,10,37,or,Oregon,184.0,1,0,observed
163,2025W12,2025-03-22,11,37,or,Oregon,126.0,1,0,observed
164,2025W13,2025-03-29,12,37,or,Oregon,95.0,1,0,observed
165,2025W14,2025-04-05,13,37,or,Oregon,85.0,1,0,observed
166,2025W15,2025-04-12,14,37,or,Oregon,50.0,1,0,observed
167,2025W16,2025-04-19,15,37,or,Oregon,43.0,1,0,observed
168,2025W17,2025-04-26,16,37,or,Oregon,33.0,1,0,observed
169,2025W18,2025-05-03,17,37,or,Oregon,36.0,1,0,observed
170,2025W19,2025-05-10,18,37,or,Oregon,27.0,1,0,observed
171,2025W20,2025-05-17,19,37,or,Oregon,19.0,1,0,observed
172,2025W21,2025-05-24,20,37,or,Oregon,20.0,1,0,observed
173,2025W22,2025-05-31,21,37,or,Oregon,14.0,1,0,observed
174,2025W23,2025-06-07,22,37,or,Oregon,16.0,1,0,observed
175,2025W24,2025-06-14,23,37,or,Oregon,17.0,1,0,observed
176,2025W25,2025-06-21,24,37,or,Oregon,11.0,1,0,observed
177,2025W26,2025-06-28,25,37,or,Oregon,12.0,1,0,observed
178,2025W27,2025-07-05,26,37,or,Oregon,13.0,1,0,observed
179,2025W28,2025-07-12,27,37,or,Oregon,7.0,1,0,observed
180,2025W29,2025-07-19,28,37,or,Oregon,7.0,1,0,observed
181,2025W30,2025-07-26,29,37,or,Oregon,9.0,1,0,observed
182,2025W31,2025-08-02,30,37,or,Oregon,4.0,1,0,observed
183,2025W32,2025-08-09,31,37,or,Oregon,4.0,1,0,observed
184,2025W33,2025-08-16,32,37,or,Oregon,2.0,1,0,observed
185,2025W34,2025-08-23,33,37,or,Oregon,5.0,1,0,observed
186,2025W35,2025-08-30,34,37,or,Oregon,0.0,1,0,observed
187,2025W36,2025-09-06,35,37,or,Oregon,3.0,1,0,observed
188,2025W37,2025-09-13,36,37,or,Oregon,3.0,1,0,observed
189,2025W38,2025-09-20,37,37,or,Oregon,1.0,1,0,observed
190,2025W39,2025-09-27,38,37,or,Oregon,3.0,1,0,observed
191,2025W40,2025-10-04,39,37,or,Oregon,3.0,1,0,observed
192,2025W41,2025-10-11,40,37,or,Oregon,5.0,1,0,observed
193,2025W42,2025-10-18,41,37,or,Oregon,5.0,1,0,observed
194,2025W43,2025-10-25,42,37,or,Oregon,6.0,1,0,observed
195,2025W44,2025-11-01,43,37,or,Oregon,4.0,1,0,observed
196,2025W45,2025-11-08,44,37,or,Oregon,9.0,1,0,observed
197,2025W46,2025-11-15,45,37,or,Oregon,12.0,1,0,observed
198,2025W47,2025-11-22,46,37,or,Oregon,20.0,1,0,observed
199,2025W48,2025-11-29,47,37,or,Oregon,29.0,1,0,observed
200,2025W49,2025-12-06,48,37,or,Oregon,41.0,1,0,observed
201,2025W50,2025-12-13,49,37,or,Oregon,40.0,1,0,observed
202,2025W51,2025-12-20,50,37,or,Oregon,57.0,1,0,observed
203,2025W52,2025-12-27,51,37,or,Oregon,137.0,1,0,observed
204,2026W01,2026-01-03,0,37,or,Oregon,198.0,1,0,observed
205,2026W02,2026-01-10,1,37,or,Oregon,170.0,1,0,observed
206,2026W03,2026-01-17,2,37,or,Oregon,203.0,1,0,observed
207,2026W04,2026-01-24,3,37,or,Oregon,245.0,1,0,observed
208,2026W05,2026-01-31,4,37,or,Oregon,432.0,1,0,observed
209,2026W06,2026-02-07,5,37,or,Oregon,573.0,1,0,observed
210,2026W07,2026-02-14,6,37,or,Oregon,400.0,1,0,observed
211,2026W08,2026-02-21,7,37,or,Oregon,309.0,1,0,observed
212,2026W09,2026-02-28,8,37,or,Oregon,197.0,1,0,observed
213,2026W10,2026-03-07,9,37,or,Oregon,147.0,1,0,observed
214,2026W11,2026-03-14,10,37,or,Oregon,102.0,1,0,observed
215,2026W12,2026-03-21,11,37,or,Oregon,42.0,1,0,observed
216,2026W13,2026-03-28,12,37,or,Oregon,22.0,1,0,observed
217,2026W14,2026-04-04,13,37,or,Oregon,11.0,1,0,observed
218,2026W15,2026-04-11,14,37,or,Oregon,4.0,1,0,observed
219,2026W16,2026-04-18,15,37,or,Oregon,9.0,1,0,observed
0,2022W05,2022-02-05,4,38,pa,Pennsylvania,34.0,1,0,observed
1,2022W06,2022-02-12,5,38,pa,Pennsylvania,50.0,1,0,observed
2,2022W07,2022-02-19,6,38,pa,Pennsylvania,88.0,1,0,observed
3,2022W08,2022-02-26,7,38,pa,Pennsylvania,77.0,1,0,observed
4,2022W09,2022-03-05,8,38,pa,Pennsylvania,68.0,1,0,observed
5,2022W10,2022-03-12,9,38,pa,Pennsylvania,79.0,1,0,observed
6,2022W11,2022-03-19,10,38,pa,Pennsylvania,101.0,1,0,observed
7,2022W12,2022-03-26,11,38,pa,Pennsylvania,108.0,1,0,observed
8,2022W13,2022-04-02,12,38,pa,Pennsylvania,140.0,1,0,observed
9,2022W14,2022-04-09,13,38,pa,Pennsylvania,183.0,1,0,observed
10,2022W15,2022-04-16,14,38,pa,Pennsylvania,189.0,1,0,observed
11,2022W16,2022-04-23,15,38,pa,Pennsylvania,200.0,1,0,observed
12,2022W17,2022-04-30,16,38,pa,Pennsylvania,160.0,1,0,observed
13,2022W18,2022-05-07,17,38,pa,Pennsylvania,149.0,1,0,observed
14,2022W19,2022-05-14,18,38,pa,Pennsylvania,179.0,1,0,observed
15,2022W20,2022-05-21,19,38,pa,Pennsylvania,158.0,1,0,observed
16,2022W21,2022-05-28,20,38,pa,Pennsylvania,83.0,1,0,observed
17,2022W22,2022-06-04,21,38,pa,Pennsylvania,64.0,1,0,observed
18,2022W23,2022-06-11,22,38,pa,Pennsylvania,49.0,1,0,observed
19,2022W24,2022-06-18,23,38,pa,Pennsylvania,40.0,1,0,observed
20,2022W25,2022-06-25,24,38,pa,Pennsylvania,35.0,1,0,observed
21,2022W26,2022-07-02,25,38,pa,Pennsylvania,35.0,1,0,observed
22,2022W27,2022-07-09,26,38,pa,Pennsylvania,32.0,1,0,observed
23,2022W28,2022-07-16,27,38,pa,Pennsylvania,20.0,1,0,observed
24,2022W29,2022-07-23,28,38,pa,Pennsylvania,28.0,1,0,observed
25,2022W30,2022-07-30,29,38,pa,Pennsylvania,24.0,1,0,observed
26,2022W31,2022-08-06,30,38,pa,Pennsylvania,23.0,1,0,observed
27,2022W32,2022-08-13,31,38,pa,Pennsylvania,27.0,1,0,observed
28,2022W33,2022-08-20,32,38,pa,Pennsylvania,38.0,1,0,observed
29,2022W34,2022-08-27,33,38,pa,Pennsylvania,23.0,1,0,observed
30,2022W35,2022-09-03,34,38,pa,Pennsylvania,29.0,1,0,observed
31,2022W36,2022-09-10,35,38,pa,Pennsylvania,37.0,1,0,observed
32,2022W37,2022-09-17,36,38,pa,Pennsylvania,32.0,1,0,observed
33,2022W38,2022-09-24,37,38,pa,Pennsylvania,34.0,1,0,observed
34,2022W39,2022-10-01,38,38,pa,Pennsylvania,45.0,1,0,observed
35,2022W40,2022-10-08,39,38,pa,Pennsylvania,58.0,1,0,observed
36,2022W41,2022-10-15,40,38,pa,Pennsylvania,77.0,1,0,observed
37,2022W42,2022-10-22,41,38,pa,Pennsylvania,90.0,1,0,observed
38,2022W43,2022-10-29,42,38,pa,Pennsylvania,166.0,1,0,observed
39,2022W44,2022-11-05,43,38,pa,Pennsylvania,228.0,1,0,observed
40,2022W45,2022-11-12,44,38,pa,Pennsylvania,343.0,1,0,observed
41,2022W46,2022-11-19,45,38,pa,Pennsylvania,399.0,1,0,observed
42,2022W47,2022-11-26,46,38,pa,Pennsylvania,700.0,1,0,observed
43,2022W48,2022-12-03,47,38,pa,Pennsylvania,1296.0,1,0,observed
44,2022W49,2022-12-10,48,38,pa,Pennsylvania,1184.0,1,0,observed
45,2022W50,2022-12-17,49,38,pa,Pennsylvania,1042.0,1,0,observed
46,2022W51,2022-12-24,50,38,pa,Pennsylvania,1045.0,1,0,observed
47,2022W52,2022-12-31,51,38,pa,Pennsylvania,1099.0,1,0,observed
48,2023W01,2023-01-07,0,38,pa,Pennsylvania,809.0,1,0,observed
49,2023W02,2023-01-14,1,38,pa,Pennsylvania,450.0,1,0,observed
50,2023W03,2023-01-21,2,38,pa,Pennsylvania,302.0,1,0,observed
51,2023W04,2023-01-28,3,38,pa,Pennsylvania,235.0,1,0,observed
52,2023W05,2023-02-04,4,38,pa,Pennsylvania,190.0,1,0,observed
53,2023W06,2023-02-11,5,38,pa,Pennsylvania,180.0,1,0,observed
54,2023W07,2023-02-18,6,38,pa,Pennsylvania,193.0,1,0,observed
55,2023W08,2023-02-25,7,38,pa,Pennsylvania,168.0,1,0,observed
56,2023W09,2023-03-04,8,38,pa,Pennsylvania,169.0,1,0,observed
57,2023W10,2023-03-11,9,38,pa,Pennsylvania,174.0,1,0,observed
58,2023W11,2023-03-18,10,38,pa,Pennsylvania,153.0,1,0,observed
59,2023W12,2023-03-25,11,38,pa,Pennsylvania,154.0,1,0,observed
60,2023W13,2023-04-01,12,38,pa,Pennsylvania,103.0,1,0,observed
61,2023W14,2023-04-08,13,38,pa,Pennsylvania,65.0,1,0,observed
62,2023W15,2023-04-15,14,38,pa,Pennsylvania,66.0,1,0,observed
63,2023W16,2023-04-22,15,38,pa,Pennsylvania,82.0,1,0,observed
64,2023W17,2023-04-29,16,38,pa,Pennsylvania,80.0,1,0,observed
65,2023W18,2023-05-06,17,38,pa,Pennsylvania,46.0,1,0,observed
66,2023W19,2023-05-13,18,38,pa,Pennsylvania,62.0,1,0,observed
67,2023W20,2023-05-20,19,38,pa,Pennsylvania,54.0,1,0,observed
68,2023W21,2023-05-27,20,38,pa,Pennsylvania,57.0,1,0,observed
69,2023W22,2023-06-03,21,38,pa,Pennsylvania,66.0,1,0,observed
70,2023W23,2023-06-10,22,38,pa,Pennsylvania,60.0,1,0,observed
71,2023W24,2023-06-17,23,38,pa,Pennsylvania,56.0,1,0,observed
72,2023W25,2023-06-24,24,38,pa,Pennsylvania,49.0,1,0,observed
73,2023W26,2023-07-01,25,38,pa,Pennsylvania,47.0,1,0,observed
74,2023W27,2023-07-08,26,38,pa,Pennsylvania,46.0,1,0,observed
75,2023W28,2023-07-15,27,38,pa,Pennsylvania,41.0,1,0,observed
76,2023W29,2023-07-22,28,38,pa,Pennsylvania,37.0,1,0,observed
77,2023W30,2023-07-29,29,38,pa,Pennsylvania,36.0,1,0,observed
78,2023W31,2023-08-05,30,38,pa,Pennsylvania,51.0,1,0,observed
79,2023W32,2023-08-12,31,38,pa,Pennsylvania,37.0,1,0,observed
80,2023W33,2023-08-19,32,38,pa,Pennsylvania,37.0,1,0,observed
81,2023W34,2023-08-26,33,38,pa,Pennsylvania,56.0,1,0,observed
82,2023W35,2023-09-02,34,38,pa,Pennsylvania,41.0,1,0,observed
83,2023W36,2023-09-09,35,38,pa,Pennsylvania,43.0,1,0,observed
84,2023W37,2023-09-16,36,38,pa,Pennsylvania,47.0,1,0,observed
85,2023W38,2023-09-23,37,38,pa,Pennsylvania,46.0,1,0,observed
86,2023W39,2023-09-30,38,38,pa,Pennsylvania,58.0,1,0,observed
87,2023W40,2023-10-07,39,38,pa,Pennsylvania,41.0,1,0,observed
88,2023W41,2023-10-14,40,38,pa,Pennsylvania,40.0,1,0,observed
89,2023W42,2023-10-21,41,38,pa,Pennsylvania,38.0,1,0,observed
90,2023W43,2023-10-28,42,38,pa,Pennsylvania,49.0,1,0,observed
91,2023W44,2023-11-04,43,38,pa,Pennsylvania,30.0,1,0,observed
92,2023W45,2023-11-11,44,38,pa,Pennsylvania,81.0,1,0,observed
93,2023W46,2023-11-18,45,38,pa,Pennsylvania,89.0,1,0,observed
94,2023W47,2023-11-25,46,38,pa,Pennsylvania,118.0,1,0,observed
95,2023W48,2023-12-02,47,38,pa,Pennsylvania,211.0,1,0,observed
96,2023W49,2023-12-09,48,38,pa,Pennsylvania,267.0,1,0,observed
97,2023W50,2023-12-16,49,38,pa,Pennsylvania,390.0,1,0,observed
98,2023W51,2023-12-23,50,38,pa,Pennsylvania,702.0,1,0,observed
99,2023W52,2023-12-30,51,38,pa,Pennsylvania,932.0,1,0,observed
100,2024W01,2024-01-06,0,38,pa,Pennsylvania,758.0,1,0,observed
101,2024W02,2024-01-13,1,38,pa,Pennsylvania,577.0,1,0,observed
102,2024W03,2024-01-20,2,38,pa,Pennsylvania,454.0,1,0,observed
103,2024W04,2024-01-27,3,38,pa,Pennsylvania,401.0,1,0,observed
104,2024W05,2024-02-03,4,38,pa,Pennsylvania,443.0,1,0,observed
105,2024W06,2024-02-10,5,38,pa,Pennsylvania,425.0,1,0,observed
106,2024W07,2024-02-17,6,38,pa,Pennsylvania,493.0,1,0,observed
107,2024W08,2024-02-24,7,38,pa,Pennsylvania,493.0,1,0,observed
108,2024W09,2024-03-02,8,38,pa,Pennsylvania,540.0,1,0,observed
109,2024W10,2024-03-09,9,38,pa,Pennsylvania,511.0,1,0,observed
110,2024W11,2024-03-16,10,38,pa,Pennsylvania,367.0,1,0,observed
111,2024W12,2024-03-23,11,38,pa,Pennsylvania,339.0,1,0,observed
112,2024W13,2024-03-30,12,38,pa,Pennsylvania,266.0,1,0,observed
113,2024W14,2024-04-06,13,38,pa,Pennsylvania,256.0,1,0,observed
114,2024W15,2024-04-13,14,38,pa,Pennsylvania,195.0,1,0,observed
115,2024W16,2024-04-20,15,38,pa,Pennsylvania,144.0,1,0,observed
116,2024W17,2024-04-27,16,38,pa,Pennsylvania,112.0,1,0,observed
117,2024W18,2024-05-04,17,38,pa,Pennsylvania,95.0,1,0,observed
118,2024W19,2024-05-11,18,38,pa,Pennsylvania,84.0,1,0,observed
119,2024W20,2024-05-18,19,38,pa,Pennsylvania,92.0,1,0,observed
120,2024W21,2024-05-25,20,38,pa,Pennsylvania,85.0,1,0,observed
121,2024W22,2024-06-01,21,38,pa,Pennsylvania,79.0,1,0,observed
122,2024W23,2024-06-08,22,38,pa,Pennsylvania,59.0,1,0,observed
123,2024W24,2024-06-15,23,38,pa,Pennsylvania,80.0,1,0,observed
124,2024W25,2024-06-22,24,38,pa,Pennsylvania,51.0,1,0,observed
125,2024W26,2024-06-29,25,38,pa,Pennsylvania,47.0,1,0,observed
126,2024W27,2024-07-06,26,38,pa,Pennsylvania,46.0,1,0,observed
127,2024W28,2024-07-13,27,38,pa,Pennsylvania,58.0,1,0,observed
128,2024W29,2024-07-20,28,38,pa,Pennsylvania,50.0,1,0,observed
129,2024W30,2024-07-27,29,38,pa,Pennsylvania,59.0,1,0,observed
130,2024W31,2024-08-03,30,38,pa,Pennsylvania,55.0,1,0,observed
131,2024W32,2024-08-10,31,38,pa,Pennsylvania,44.0,1,0,observed
132,2024W33,2024-08-17,32,38,pa,Pennsylvania,53.0,1,0,observed
133,2024W34,2024-08-24,33,38,pa,Pennsylvania,55.0,1,0,observed
134,2024W35,2024-08-31,34,38,pa,Pennsylvania,63.0,1,0,observed
135,2024W36,2024-09-07,35,38,pa,Pennsylvania,43.0,1,0,observed
136,2024W37,2024-09-14,36,38,pa,Pennsylvania,54.0,1,0,observed
137,2024W38,2024-09-21,37,38,pa,Pennsylvania,83.0,1,0,observed
138,2024W39,2024-09-28,38,38,pa,Pennsylvania,45.0,1,0,observed
139,2024W40,2024-10-05,39,38,pa,Pennsylvania,61.0,1,0,observed
140,2024W41,2024-10-12,40,38,pa,Pennsylvania,26.0,1,0,observed
141,2024W42,2024-10-19,41,38,pa,Pennsylvania,6.0,1,0,observed
142,2024W43,2024-10-26,42,38,pa,Pennsylvania,63.0,1,0,observed
143,2024W44,2024-11-02,43,38,pa,Pennsylvania,104.0,1,0,observed
144,2024W45,2024-11-09,44,38,pa,Pennsylvania,142.0,1,0,observed
145,2024W46,2024-11-16,45,38,pa,Pennsylvania,111.0,1,0,observed
146,2024W47,2024-11-23,46,38,pa,Pennsylvania,134.0,1,0,observed
147,2024W48,2024-11-30,47,38,pa,Pennsylvania,116.0,1,0,observed
148,2024W49,2024-12-07,48,38,pa,Pennsylvania,208.0,1,0,observed
149,2024W50,2024-12-14,49,38,pa,Pennsylvania,349.0,1,0,observed
150,2024W51,2024-12-21,50,38,pa,Pennsylvania,630.0,1,0,observed
151,2024W52,2024-12-28,51,38,pa,Pennsylvania,1208.0,1,0,observed
152,2025W01,2025-01-04,0,38,pa,Pennsylvania,2031.0,1,0,observed
153,2025W02,2025-01-11,1,38,pa,Pennsylvania,2059.0,1,0,observed
154,2025W03,2025-01-18,2,38,pa,Pennsylvania,2480.0,1,0,observed
155,2025W04,2025-01-25,3,38,pa,Pennsylvania,3179.0,1,0,observed
156,2025W05,2025-02-01,4,38,pa,Pennsylvania,3852.0,1,0,observed
157,2025W06,2025-02-08,5,38,pa,Pennsylvania,4357.0,1,0,observed
158,2025W07,2025-02-15,6,38,pa,Pennsylvania,4569.0,1,0,observed
159,2025W08,2025-02-22,7,38,pa,Pennsylvania,3747.0,1,0,observed
160,2025W09,2025-03-01,8,38,pa,Pennsylvania,3135.0,1,0,observed
161,2025W10,2025-03-08,9,38,pa,Pennsylvania,2428.0,1,0,observed
162,2025W11,2025-03-15,10,38,pa,Pennsylvania,1646.0,1,0,observed
163,2025W12,2025-03-22,11,38,pa,Pennsylvania,1346.0,1,0,observed
164,2025W13,2025-03-29,12,38,pa,Pennsylvania,958.0,1,0,observed
165,2025W14,2025-04-05,13,38,pa,Pennsylvania,671.0,1,0,observed
166,2025W15,2025-04-12,14,38,pa,Pennsylvania,479.0,1,0,observed
167,2025W16,2025-04-19,15,38,pa,Pennsylvania,417.0,1,0,observed
168,2025W17,2025-04-26,16,38,pa,Pennsylvania,474.0,1,0,observed
169,2025W18,2025-05-03,17,38,pa,Pennsylvania,256.0,1,0,observed
170,2025W19,2025-05-10,18,38,pa,Pennsylvania,262.0,1,0,observed
171,2025W20,2025-05-17,19,38,pa,Pennsylvania,173.0,1,0,observed
172,2025W21,2025-05-24,20,38,pa,Pennsylvania,172.0,1,0,observed
173,2025W22,2025-05-31,21,38,pa,Pennsylvania,187.0,1,0,observed
174,2025W23,2025-06-07,22,38,pa,Pennsylvania,162.0,1,0,observed
175,2025W24,2025-06-14,23,38,pa,Pennsylvania,156.0,1,0,observed
176,2025W25,2025-06-21,24,38,pa,Pennsylvania,153.0,1,0,observed
177,2025W26,2025-06-28,25,38,pa,Pennsylvania,144.0,1,0,observed
178,2025W27,2025-07-05,26,38,pa,Pennsylvania,104.0,1,0,observed
179,2025W28,2025-07-12,27,38,pa,Pennsylvania,127.0,1,0,observed
180,2025W29,2025-07-19,28,38,pa,Pennsylvania,106.0,1,0,observed
181,2025W30,2025-07-26,29,38,pa,Pennsylvania,119.0,1,0,observed
182,2025W31,2025-08-02,30,38,pa,Pennsylvania,92.0,1,0,observed
183,2025W32,2025-08-09,31,38,pa,Pennsylvania,92.0,1,0,observed
184,2025W33,2025-08-16,32,38,pa,Pennsylvania,105.0,1,0,observed
185,2025W34,2025-08-23,33,38,pa,Pennsylvania,100.0,1,0,observed
186,2025W35,2025-08-30,34,38,pa,Pennsylvania,93.0,1,0,observed
187,2025W36,2025-09-06,35,38,pa,Pennsylvania,90.0,1,0,observed
188,2025W37,2025-09-13,36,38,pa,Pennsylvania,120.0,1,0,observed
189,2025W38,2025-09-20,37,38,pa,Pennsylvania,121.0,1,0,observed
190,2025W39,2025-09-27,38,38,pa,Pennsylvania,119.0,1,0,observed
191,2025W40,2025-10-04,39,38,pa,Pennsylvania,112.0,1,0,observed
192,2025W41,2025-10-11,40,38,pa,Pennsylvania,119.0,1,0,observed
193,2025W42,2025-10-18,41,38,pa,Pennsylvania,104.0,1,0,observed
194,2025W43,2025-10-25,42,38,pa,Pennsylvania,132.0,1,0,observed
195,2025W44,2025-11-01,43,38,pa,Pennsylvania,117.0,1,0,observed
196,2025W45,2025-11-08,44,38,pa,Pennsylvania,113.0,1,0,observed
197,2025W46,2025-11-15,45,38,pa,Pennsylvania,157.0,1,0,observed
198,2025W47,2025-11-22,46,38,pa,Pennsylvania,221.0,1,0,observed
199,2025W48,2025-11-29,47,38,pa,Pennsylvania,349.0,1,0,observed
200,2025W49,2025-12-06,48,38,pa,Pennsylvania,513.0,1,0,observed
201,2025W50,2025-12-13,49,38,pa,Pennsylvania,707.0,1,0,observed
202,2025W51,2025-12-20,50,38,pa,Pennsylvania,1256.0,1,0,observed
203,2025W52,2025-12-27,51,38,pa,Pennsylvania,2377.0,1,0,observed
204,2026W01,2026-01-03,0,38,pa,Pennsylvania,3327.0,1,0,observed
205,2026W02,2026-01-10,1,38,pa,Pennsylvania,2245.0,1,0,observed
206,2026W03,2026-01-17,2,38,pa,Pennsylvania,1867.0,1,0,observed
207,2026W04,2026-01-24,3,38,pa,Pennsylvania,1232.0,1,0,observed
208,2026W05,2026-01-31,4,38,pa,Pennsylvania,1039.0,1,0,observed
209,2026W06,2026-02-07,5,38,pa,Pennsylvania,842.0,1,0,observed
210,2026W07,2026-02-14,6,38,pa,Pennsylvania,784.0,1,0,observed
211,2026W08,2026-02-21,7,38,pa,Pennsylvania,774.0,1,0,observed
212,2026W09,2026-02-28,8,38,pa,Pennsylvania,804.0,1,0,observed
213,2026W10,2026-03-07,9,38,pa,Pennsylvania,853.0,1,0,observed
214,2026W11,2026-03-14,10,38,pa,Pennsylvania,891.0,1,0,observed
215,2026W12,2026-03-21,11,38,pa,Pennsylvania,682.0,1,0,observed
216,2026W13,2026-03-28,12,38,pa,Pennsylvania,375.0,1,0,observed
217,2026W14,2026-04-04,13,38,pa,Pennsylvania,366.0,1,0,observed
218,2026W15,2026-04-11,14,38,pa,Pennsylvania,229.0,1,0,observed
219,2026W16,2026-04-18,15,38,pa,Pennsylvania,182.0,1,0,observed
0,2022W05,2022-02-05,4,39,ri,Rhode Island,0.0,1,0,observed
1,2022W06,2022-02-12,5,39,ri,Rhode Island,0.0,1,0,observed
2,2022W07,2022-02-19,6,39,ri,Rhode Island,1.0,1,0,observed
3,2022W08,2022-02-26,7,39,ri,Rhode Island,0.0,1,0,observed
4,2022W09,2022-03-05,8,39,ri,Rhode Island,2.0,1,0,observed
5,2022W10,2022-03-12,9,39,ri,Rhode Island,0.0,1,0,observed
6,2022W11,2022-03-19,10,39,ri,Rhode Island,1.0,1,0,observed
7,2022W12,2022-03-26,11,39,ri,Rhode Island,1.0,1,0,observed
8,2022W13,2022-04-02,12,39,ri,Rhode Island,3.0,1,0,observed
9,2022W14,2022-04-09,13,39,ri,Rhode Island,5.0,1,0,observed
10,2022W15,2022-04-16,14,39,ri,Rhode Island,9.0,1,0,observed
11,2022W16,2022-04-23,15,39,ri,Rhode Island,10.0,1,0,observed
12,2022W17,2022-04-30,16,39,ri,Rhode Island,5.0,1,0,observed
13,2022W18,2022-05-07,17,39,ri,Rhode Island,6.0,1,0,observed
14,2022W19,2022-05-14,18,39,ri,Rhode Island,8.0,1,0,observed
15,2022W20,2022-05-21,19,39,ri,Rhode Island,6.0,1,0,observed
16,2022W21,2022-05-28,20,39,ri,Rhode Island,7.0,1,0,observed
17,2022W22,2022-06-04,21,39,ri,Rhode Island,6.0,1,0,observed
18,2022W23,2022-06-11,22,39,ri,Rhode Island,1.0,1,0,observed
19,2022W24,2022-06-18,23,39,ri,Rhode Island,2.0,1,0,observed
20,2022W25,2022-06-25,24,39,ri,Rhode Island,1.0,1,0,observed
21,2022W26,2022-07-02,25,39,ri,Rhode Island,0.0,1,0,observed
22,2022W27,2022-07-09,26,39,ri,Rhode Island,9.0,1,0,observed
23,2022W28,2022-07-16,27,39,ri,Rhode Island,1.0,1,0,observed
24,2022W29,2022-07-23,28,39,ri,Rhode Island,0.0,1,0,observed
25,2022W30,2022-07-30,29,39,ri,Rhode Island,0.0,1,0,observed
26,2022W31,2022-08-06,30,39,ri,Rhode Island,0.0,1,0,observed
27,2022W32,2022-08-13,31,39,ri,Rhode Island,0.0,1,0,observed
28,2022W33,2022-08-20,32,39,ri,Rhode Island,0.0,1,0,observed
29,2022W34,2022-08-27,33,39,ri,Rhode Island,0.0,1,0,observed
30,2022W35,2022-09-03,34,39,ri,Rhode Island,0.0,1,0,observed
31,2022W36,2022-09-10,35,39,ri,Rhode Island,0.0,1,0,observed
32,2022W37,2022-09-17,36,39,ri,Rhode Island,0.0,1,0,observed
33,2022W38,2022-09-24,37,39,ri,Rhode Island,0.0,1,0,observed
34,2022W39,2022-10-01,38,39,ri,Rhode Island,1.0,1,0,observed
35,2022W40,2022-10-08,39,39,ri,Rhode Island,1.0,1,0,observed
36,2022W41,2022-10-15,40,39,ri,Rhode Island,0.0,1,0,observed
37,2022W42,2022-10-22,41,39,ri,Rhode Island,2.0,1,0,observed
38,2022W43,2022-10-29,42,39,ri,Rhode Island,0.0,1,0,observed
39,2022W44,2022-11-05,43,39,ri,Rhode Island,3.0,1,0,observed
40,2022W45,2022-11-12,44,39,ri,Rhode Island,6.0,1,0,observed
41,2022W46,2022-11-19,45,39,ri,Rhode Island,3.0,1,0,observed
42,2022W47,2022-11-26,46,39,ri,Rhode Island,14.0,1,0,observed
43,2022W48,2022-12-03,47,39,ri,Rhode Island,22.0,1,0,observed
44,2022W49,2022-12-10,48,39,ri,Rhode Island,54.0,1,0,observed
45,2022W50,2022-12-17,49,39,ri,Rhode Island,41.0,1,0,observed
46,2022W51,2022-12-24,50,39,ri,Rhode Island,57.0,1,0,observed
47,2022W52,2022-12-31,51,39,ri,Rhode Island,49.0,1,0,observed
48,2023W01,2023-01-07,0,39,ri,Rhode Island,36.0,1,0,observed
49,2023W02,2023-01-14,1,39,ri,Rhode Island,9.0,1,0,observed
50,2023W03,2023-01-21,2,39,ri,Rhode Island,16.0,1,0,observed
51,2023W04,2023-01-28,3,39,ri,Rhode Island,10.0,1,0,observed
52,2023W05,2023-02-04,4,39,ri,Rhode Island,4.0,1,0,observed
53,2023W06,2023-02-11,5,39,ri,Rhode Island,1.0,1,0,observed
54,2023W07,2023-02-18,6,39,ri,Rhode Island,2.0,1,0,observed
55,2023W08,2023-02-25,7,39,ri,Rhode Island,2.0,1,0,observed
56,2023W09,2023-03-04,8,39,ri,Rhode Island,1.0,1,0,observed
57,2023W10,2023-03-11,9,39,ri,Rhode Island,0.0,1,0,observed
58,2023W11,2023-03-18,10,39,ri,Rhode Island,1.0,1,0,observed
59,2023W12,2023-03-25,11,39,ri,Rhode Island,2.0,1,0,observed
60,2023W13,2023-04-01,12,39,ri,Rhode Island,0.0,1,0,observed
61,2023W14,2023-04-08,13,39,ri,Rhode Island,0.0,1,0,observed
62,2023W15,2023-04-15,14,39,ri,Rhode Island,1.0,1,0,observed
63,2023W16,2023-04-22,15,39,ri,Rhode Island,1.0,1,0,observed
64,2023W17,2023-04-29,16,39,ri,Rhode Island,1.0,1,0,observed
65,2023W18,2023-05-06,17,39,ri,Rhode Island,0.0,1,0,observed
66,2023W19,2023-05-13,18,39,ri,Rhode Island,4.0,1,0,observed
67,2023W20,2023-05-20,19,39,ri,Rhode Island,0.0,1,0,observed
68,2023W21,2023-05-27,20,39,ri,Rhode Island,3.0,1,0,observed
69,2023W22,2023-06-03,21,39,ri,Rhode Island,1.0,1,0,observed
70,2023W23,2023-06-10,22,39,ri,Rhode Island,1.0,1,0,observed
71,2023W24,2023-06-17,23,39,ri,Rhode Island,2.0,1,0,observed
72,2023W25,2023-06-24,24,39,ri,Rhode Island,0.0,1,0,observed
73,2023W26,2023-07-01,25,39,ri,Rhode Island,1.0,1,0,observed
74,2023W27,2023-07-08,26,39,ri,Rhode Island,2.0,1,0,observed
75,2023W28,2023-07-15,27,39,ri,Rhode Island,0.0,1,0,observed
76,2023W29,2023-07-22,28,39,ri,Rhode Island,0.0,1,0,observed
77,2023W30,2023-07-29,29,39,ri,Rhode Island,0.0,1,0,observed
78,2023W31,2023-08-05,30,39,ri,Rhode Island,0.0,1,0,observed
79,2023W32,2023-08-12,31,39,ri,Rhode Island,0.0,1,0,observed
80,2023W33,2023-08-19,32,39,ri,Rhode Island,0.0,1,0,observed
81,2023W34,2023-08-26,33,39,ri,Rhode Island,0.0,1,0,observed
82,2023W35,2023-09-02,34,39,ri,Rhode Island,0.0,1,0,observed
83,2023W36,2023-09-09,35,39,ri,Rhode Island,0.0,1,0,observed
84,2023W37,2023-09-16,36,39,ri,Rhode Island,2.0,1,0,observed
85,2023W38,2023-09-23,37,39,ri,Rhode Island,1.0,1,0,observed
86,2023W39,2023-09-30,38,39,ri,Rhode Island,0.0,1,0,observed
87,2023W40,2023-10-07,39,39,ri,Rhode Island,1.0,1,0,observed
88,2023W41,2023-10-14,40,39,ri,Rhode Island,1.0,1,0,observed
89,2023W42,2023-10-21,41,39,ri,Rhode Island,0.0,1,0,observed
90,2023W43,2023-10-28,42,39,ri,Rhode Island,1.0,1,0,observed
91,2023W44,2023-11-04,43,39,ri,Rhode Island,0.0,1,0,observed
92,2023W45,2023-11-11,44,39,ri,Rhode Island,2.0,1,0,observed
93,2023W46,2023-11-18,45,39,ri,Rhode Island,0.0,1,0,observed
94,2023W47,2023-11-25,46,39,ri,Rhode Island,3.0,1,0,observed
95,2023W48,2023-12-02,47,39,ri,Rhode Island,6.0,1,0,observed
96,2023W49,2023-12-09,48,39,ri,Rhode Island,6.0,1,0,observed
97,2023W50,2023-12-16,49,39,ri,Rhode Island,24.0,1,0,observed
98,2023W51,2023-12-23,50,39,ri,Rhode Island,16.0,1,0,observed
99,2023W52,2023-12-30,51,39,ri,Rhode Island,46.0,1,0,observed
100,2024W01,2024-01-06,0,39,ri,Rhode Island,48.0,1,0,observed
101,2024W02,2024-01-13,1,39,ri,Rhode Island,34.0,1,0,observed
102,2024W03,2024-01-20,2,39,ri,Rhode Island,34.0,1,0,observed
103,2024W04,2024-01-27,3,39,ri,Rhode Island,24.0,1,0,observed
104,2024W05,2024-02-03,4,39,ri,Rhode Island,17.0,1,0,observed
105,2024W06,2024-02-10,5,39,ri,Rhode Island,21.0,1,0,observed
106,2024W07,2024-02-17,6,39,ri,Rhode Island,29.0,1,0,observed
107,2024W08,2024-02-24,7,39,ri,Rhode Island,34.0,1,0,observed
108,2024W09,2024-03-02,8,39,ri,Rhode Island,27.0,1,0,observed
109,2024W10,2024-03-09,9,39,ri,Rhode Island,23.0,1,0,observed
110,2024W11,2024-03-16,10,39,ri,Rhode Island,21.0,1,0,observed
111,2024W12,2024-03-23,11,39,ri,Rhode Island,13.0,1,0,observed
112,2024W13,2024-03-30,12,39,ri,Rhode Island,14.0,1,0,observed
113,2024W14,2024-04-06,13,39,ri,Rhode Island,16.0,1,0,observed
114,2024W15,2024-04-13,14,39,ri,Rhode Island,14.0,1,0,observed
115,2024W16,2024-04-20,15,39,ri,Rhode Island,11.0,1,0,observed
116,2024W17,2024-04-27,16,39,ri,Rhode Island,7.0,1,0,observed
117,2024W18,2024-05-04,17,39,ri,Rhode Island,3.0,1,0,observed
118,2024W19,2024-05-11,18,39,ri,Rhode Island,4.0,1,0,observed
119,2024W20,2024-05-18,19,39,ri,Rhode Island,1.0,1,0,observed
120,2024W21,2024-05-25,20,39,ri,Rhode Island,1.0,1,0,observed
121,2024W22,2024-06-01,21,39,ri,Rhode Island,1.0,1,0,observed
122,2024W23,2024-06-08,22,39,ri,Rhode Island,0.0,1,0,observed
123,2024W24,2024-06-15,23,39,ri,Rhode Island,0.0,1,0,observed
124,2024W25,2024-06-22,24,39,ri,Rhode Island,0.0,1,0,observed
125,2024W26,2024-06-29,25,39,ri,Rhode Island,0.0,1,0,observed
126,2024W27,2024-07-06,26,39,ri,Rhode Island,1.0,1,0,observed
127,2024W28,2024-07-13,27,39,ri,Rhode Island,0.0,1,0,observed
128,2024W29,2024-07-20,28,39,ri,Rhode Island,0.0,1,0,observed
129,2024W30,2024-07-27,29,39,ri,Rhode Island,0.0,1,0,observed
130,2024W31,2024-08-03,30,39,ri,Rhode Island,0.0,1,0,observed
131,2024W32,2024-08-10,31,39,ri,Rhode Island,0.0,1,0,observed
132,2024W33,2024-08-17,32,39,ri,Rhode Island,0.0,1,0,observed
133,2024W34,2024-08-24,33,39,ri,Rhode Island,0.0,1,0,observed
134,2024W35,2024-08-31,34,39,ri,Rhode Island,0.0,1,0,observed
135,2024W36,2024-09-07,35,39,ri,Rhode Island,0.0,1,0,observed
136,2024W37,2024-09-14,36,39,ri,Rhode Island,0.0,1,0,observed
137,2024W38,2024-09-21,37,39,ri,Rhode Island,0.0,1,0,observed
138,2024W39,2024-09-28,38,39,ri,Rhode Island,0.0,1,0,observed
139,2024W40,2024-10-05,39,39,ri,Rhode Island,0.0,1,0,observed
140,2024W41,2024-10-12,40,39,ri,Rhode Island,0.0,1,0,observed
141,2024W42,2024-10-19,41,39,ri,Rhode Island,0.0,1,0,observed
142,2024W43,2024-10-26,42,39,ri,Rhode Island,0.0,1,0,observed
143,2024W44,2024-11-02,43,39,ri,Rhode Island,2.0,1,0,observed
144,2024W45,2024-11-09,44,39,ri,Rhode Island,3.0,1,0,observed
145,2024W46,2024-11-16,45,39,ri,Rhode Island,0.0,1,0,observed
146,2024W47,2024-11-23,46,39,ri,Rhode Island,2.0,1,0,observed
147,2024W48,2024-11-30,47,39,ri,Rhode Island,6.0,1,0,observed
148,2024W49,2024-12-07,48,39,ri,Rhode Island,10.0,1,0,observed
149,2024W50,2024-12-14,49,39,ri,Rhode Island,28.0,1,0,observed
150,2024W51,2024-12-21,50,39,ri,Rhode Island,29.0,1,0,observed
151,2024W52,2024-12-28,51,39,ri,Rhode Island,65.0,1,0,observed
152,2025W01,2025-01-04,0,39,ri,Rhode Island,93.0,1,0,observed
153,2025W02,2025-01-11,1,39,ri,Rhode Island,69.0,1,0,observed
154,2025W03,2025-01-18,2,39,ri,Rhode Island,107.0,1,0,observed
155,2025W04,2025-01-25,3,39,ri,Rhode Island,114.0,1,0,observed
156,2025W05,2025-02-01,4,39,ri,Rhode Island,173.0,1,0,observed
157,2025W06,2025-02-08,5,39,ri,Rhode Island,202.0,1,0,observed
158,2025W07,2025-02-15,6,39,ri,Rhode Island,180.0,1,0,observed
159,2025W08,2025-02-22,7,39,ri,Rhode Island,160.0,1,0,observed
160,2025W09,2025-03-01,8,39,ri,Rhode Island,107.0,1,0,observed
161,2025W10,2025-03-08,9,39,ri,Rhode Island,79.0,1,0,observed
162,2025W11,2025-03-15,10,39,ri,Rhode Island,68.0,1,0,observed
163,2025W12,2025-03-22,11,39,ri,Rhode Island,43.0,1,0,observed
164,2025W13,2025-03-29,12,39,ri,Rhode Island,26.0,1,0,observed
165,2025W14,2025-04-05,13,39,ri,Rhode Island,25.0,1,0,observed
166,2025W15,2025-04-12,14,39,ri,Rhode Island,22.0,1,0,observed
167,2025W16,2025-04-19,15,39,ri,Rhode Island,17.0,1,0,observed
168,2025W17,2025-04-26,16,39,ri,Rhode Island,4.0,1,0,observed
169,2025W18,2025-05-03,17,39,ri,Rhode Island,8.0,1,0,observed
170,2025W19,2025-05-10,18,39,ri,Rhode Island,3.0,1,0,observed
171,2025W20,2025-05-17,19,39,ri,Rhode Island,2.0,1,0,observed
172,2025W21,2025-05-24,20,39,ri,Rhode Island,2.0,1,0,observed
173,2025W22,2025-05-31,21,39,ri,Rhode Island,2.0,1,0,observed
174,2025W23,2025-06-07,22,39,ri,Rhode Island,3.0,1,0,observed
175,2025W24,2025-06-14,23,39,ri,Rhode Island,0.0,1,0,observed
176,2025W25,2025-06-21,24,39,ri,Rhode Island,0.0,1,0,observed
177,2025W26,2025-06-28,25,39,ri,Rhode Island,0.0,1,0,observed
178,2025W27,2025-07-05,26,39,ri,Rhode Island,0.0,1,0,observed
179,2025W28,2025-07-12,27,39,ri,Rhode Island,1.0,1,0,observed
180,2025W29,2025-07-19,28,39,ri,Rhode Island,0.0,1,0,observed
181,2025W30,2025-07-26,29,39,ri,Rhode Island,0.0,1,0,observed
182,2025W31,2025-08-02,30,39,ri,Rhode Island,1.0,1,0,observed
183,2025W32,2025-08-09,31,39,ri,Rhode Island,2.0,1,0,observed
184,2025W33,2025-08-16,32,39,ri,Rhode Island,1.0,1,0,observed
185,2025W34,2025-08-23,33,39,ri,Rhode Island,1.0,1,0,observed
186,2025W35,2025-08-30,34,39,ri,Rhode Island,0.0,1,0,observed
187,2025W36,2025-09-06,35,39,ri,Rhode Island,0.0,1,0,observed
188,2025W37,2025-09-13,36,39,ri,Rhode Island,0.0,1,0,observed
189,2025W38,2025-09-20,37,39,ri,Rhode Island,3.0,1,0,observed
190,2025W39,2025-09-27,38,39,ri,Rhode Island,4.0,1,0,observed
191,2025W40,2025-10-04,39,39,ri,Rhode Island,3.0,1,0,observed
192,2025W41,2025-10-11,40,39,ri,Rhode Island,7.0,1,0,observed
193,2025W42,2025-10-18,41,39,ri,Rhode Island,6.0,1,0,observed
194,2025W43,2025-10-25,42,39,ri,Rhode Island,3.0,1,0,observed
195,2025W44,2025-11-01,43,39,ri,Rhode Island,10.0,1,0,observed
196,2025W45,2025-11-08,44,39,ri,Rhode Island,9.0,1,0,observed
197,2025W46,2025-11-15,45,39,ri,Rhode Island,10.0,1,0,observed
198,2025W47,2025-11-22,46,39,ri,Rhode Island,11.0,1,0,observed
199,2025W48,2025-11-29,47,39,ri,Rhode Island,19.0,1,0,observed
200,2025W49,2025-12-06,48,39,ri,Rhode Island,38.0,1,0,observed
201,2025W50,2025-12-13,49,39,ri,Rhode Island,84.0,1,0,observed
202,2025W51,2025-12-20,50,39,ri,Rhode Island,141.0,1,0,observed
203,2025W52,2025-12-27,51,39,ri,Rhode Island,197.0,1,0,observed
204,2026W01,2026-01-03,0,39,ri,Rhode Island,285.0,1,0,observed
205,2026W02,2026-01-10,1,39,ri,Rhode Island,159.0,1,0,observed
206,2026W03,2026-01-17,2,39,ri,Rhode Island,83.0,1,0,observed
207,2026W04,2026-01-24,3,39,ri,Rhode Island,61.0,1,0,observed
208,2026W05,2026-01-31,4,39,ri,Rhode Island,30.0,1,0,observed
209,2026W06,2026-02-07,5,39,ri,Rhode Island,24.0,1,0,observed
210,2026W07,2026-02-14,6,39,ri,Rhode Island,14.0,1,0,observed
211,2026W08,2026-02-21,7,39,ri,Rhode Island,19.0,1,0,observed
212,2026W09,2026-02-28,8,39,ri,Rhode Island,20.0,1,0,observed
213,2026W10,2026-03-07,9,39,ri,Rhode Island,12.0,1,0,observed
214,2026W11,2026-03-14,10,39,ri,Rhode Island,14.0,1,0,observed
215,2026W12,2026-03-21,11,39,ri,Rhode Island,10.0,1,0,observed
216,2026W13,2026-03-28,12,39,ri,Rhode Island,10.0,1,0,observed
217,2026W14,2026-04-04,13,39,ri,Rhode Island,15.0,1,0,observed
218,2026W15,2026-04-11,14,39,ri,Rhode Island,17.0,1,0,observed
219,2026W16,2026-04-18,15,39,ri,Rhode Island,9.0,1,0,observed
0,2022W05,2022-02-05,4,40,sc,South Carolina,9.0,1,0,observed
1,2022W06,2022-02-12,5,40,sc,South Carolina,11.0,1,0,observed
2,2022W07,2022-02-19,6,40,sc,South Carolina,17.0,1,0,observed
3,2022W08,2022-02-26,7,40,sc,South Carolina,13.0,1,0,observed
4,2022W09,2022-03-05,8,40,sc,South Carolina,16.0,1,0,observed
5,2022W10,2022-03-12,9,40,sc,South Carolina,14.0,1,0,observed
6,2022W11,2022-03-19,10,40,sc,South Carolina,14.0,1,0,observed
7,2022W12,2022-03-26,11,40,sc,South Carolina,7.0,1,0,observed
8,2022W13,2022-04-02,12,40,sc,South Carolina,15.0,1,0,observed
9,2022W14,2022-04-09,13,40,sc,South Carolina,18.0,1,0,observed
10,2022W15,2022-04-16,14,40,sc,South Carolina,31.0,1,0,observed
11,2022W16,2022-04-23,15,40,sc,South Carolina,32.0,1,0,observed
12,2022W17,2022-04-30,16,40,sc,South Carolina,29.0,1,0,observed
13,2022W18,2022-05-07,17,40,sc,South Carolina,20.0,1,0,observed
14,2022W19,2022-05-14,18,40,sc,South Carolina,27.0,1,0,observed
15,2022W20,2022-05-21,19,40,sc,South Carolina,37.0,1,0,observed
16,2022W21,2022-05-28,20,40,sc,South Carolina,30.0,1,0,observed
17,2022W22,2022-06-04,21,40,sc,South Carolina,27.0,1,0,observed
18,2022W23,2022-06-11,22,40,sc,South Carolina,25.0,1,0,observed
19,2022W24,2022-06-18,23,40,sc,South Carolina,17.0,1,0,observed
20,2022W25,2022-06-25,24,40,sc,South Carolina,29.0,1,0,observed
21,2022W26,2022-07-02,25,40,sc,South Carolina,11.0,1,0,observed
22,2022W27,2022-07-09,26,40,sc,South Carolina,8.0,1,0,observed
23,2022W28,2022-07-16,27,40,sc,South Carolina,4.0,1,0,observed
24,2022W29,2022-07-23,28,40,sc,South Carolina,26.0,1,0,observed
25,2022W30,2022-07-30,29,40,sc,South Carolina,15.0,1,0,observed
26,2022W31,2022-08-06,30,40,sc,South Carolina,6.0,1,0,observed
27,2022W32,2022-08-13,31,40,sc,South Carolina,6.0,1,0,observed
28,2022W33,2022-08-20,32,40,sc,South Carolina,3.0,1,0,observed
29,2022W34,2022-08-27,33,40,sc,South Carolina,3.0,1,0,observed
30,2022W35,2022-09-03,34,40,sc,South Carolina,9.0,1,0,observed
31,2022W36,2022-09-10,35,40,sc,South Carolina,7.0,1,0,observed
32,2022W37,2022-09-17,36,40,sc,South Carolina,9.0,1,0,observed
33,2022W38,2022-09-24,37,40,sc,South Carolina,17.0,1,0,observed
34,2022W39,2022-10-01,38,40,sc,South Carolina,18.0,1,0,observed
35,2022W40,2022-10-08,39,40,sc,South Carolina,33.0,1,0,observed
36,2022W41,2022-10-15,40,40,sc,South Carolina,42.0,1,0,observed
37,2022W42,2022-10-22,41,40,sc,South Carolina,70.0,1,0,observed
38,2022W43,2022-10-29,42,40,sc,South Carolina,156.0,1,0,observed
39,2022W44,2022-11-05,43,40,sc,South Carolina,248.0,1,0,observed
40,2022W45,2022-11-12,44,40,sc,South Carolina,256.0,1,0,observed
41,2022W46,2022-11-19,45,40,sc,South Carolina,228.0,1,0,observed
42,2022W47,2022-11-26,46,40,sc,South Carolina,215.0,1,0,observed
43,2022W48,2022-12-03,47,40,sc,South Carolina,245.0,1,0,observed
44,2022W49,2022-12-10,48,40,sc,South Carolina,160.0,1,0,observed
45,2022W50,2022-12-17,49,40,sc,South Carolina,149.0,1,0,observed
46,2022W51,2022-12-24,50,40,sc,South Carolina,118.0,1,0,observed
47,2022W52,2022-12-31,51,40,sc,South Carolina,157.0,1,0,observed
48,2023W01,2023-01-07,0,40,sc,South Carolina,161.0,1,0,observed
49,2023W02,2023-01-14,1,40,sc,South Carolina,79.0,1,0,observed
50,2023W03,2023-01-21,2,40,sc,South Carolina,58.0,1,0,observed
51,2023W04,2023-01-28,3,40,sc,South Carolina,41.0,1,0,observed
52,2023W05,2023-02-04,4,40,sc,South Carolina,40.0,1,0,observed
53,2023W06,2023-02-11,5,40,sc,South Carolina,46.0,1,0,observed
54,2023W07,2023-02-18,6,40,sc,South Carolina,43.0,1,0,observed
55,2023W08,2023-02-25,7,40,sc,South Carolina,41.0,1,0,observed
56,2023W09,2023-03-04,8,40,sc,South Carolina,29.0,1,0,observed
57,2023W10,2023-03-11,9,40,sc,South Carolina,31.0,1,0,observed
58,2023W11,2023-03-18,10,40,sc,South Carolina,21.0,1,0,observed
59,2023W12,2023-03-25,11,40,sc,South Carolina,24.0,1,0,observed
60,2023W13,2023-04-01,12,40,sc,South Carolina,20.0,1,0,observed
61,2023W14,2023-04-08,13,40,sc,South Carolina,24.0,1,0,observed
62,2023W15,2023-04-15,14,40,sc,South Carolina,22.0,1,0,observed
63,2023W16,2023-04-22,15,40,sc,South Carolina,21.0,1,0,observed
64,2023W17,2023-04-29,16,40,sc,South Carolina,27.0,1,0,observed
65,2023W18,2023-05-06,17,40,sc,South Carolina,17.0,1,0,observed
66,2023W19,2023-05-13,18,40,sc,South Carolina,23.0,1,0,observed
67,2023W20,2023-05-20,19,40,sc,South Carolina,21.0,1,0,observed
68,2023W21,2023-05-27,20,40,sc,South Carolina,17.0,1,0,observed
69,2023W22,2023-06-03,21,40,sc,South Carolina,26.0,1,0,observed
70,2023W23,2023-06-10,22,40,sc,South Carolina,21.0,1,0,observed
71,2023W24,2023-06-17,23,40,sc,South Carolina,23.0,1,0,observed
72,2023W25,2023-06-24,24,40,sc,South Carolina,23.0,1,0,observed
73,2023W26,2023-07-01,25,40,sc,South Carolina,20.0,1,0,observed
74,2023W27,2023-07-08,26,40,sc,South Carolina,14.0,1,0,observed
75,2023W28,2023-07-15,27,40,sc,South Carolina,18.0,1,0,observed
76,2023W29,2023-07-22,28,40,sc,South Carolina,16.0,1,0,observed
77,2023W30,2023-07-29,29,40,sc,South Carolina,20.0,1,0,observed
78,2023W31,2023-08-05,30,40,sc,South Carolina,18.0,1,0,observed
79,2023W32,2023-08-12,31,40,sc,South Carolina,8.0,1,0,observed
80,2023W33,2023-08-19,32,40,sc,South Carolina,15.0,1,0,observed
81,2023W34,2023-08-26,33,40,sc,South Carolina,20.0,1,0,observed
82,2023W35,2023-09-02,34,40,sc,South Carolina,9.0,1,0,observed
83,2023W36,2023-09-09,35,40,sc,South Carolina,22.0,1,0,observed
84,2023W37,2023-09-16,36,40,sc,South Carolina,25.0,1,0,observed
85,2023W38,2023-09-23,37,40,sc,South Carolina,26.0,1,0,observed
86,2023W39,2023-09-30,38,40,sc,South Carolina,28.0,1,0,observed
87,2023W40,2023-10-07,39,40,sc,South Carolina,22.0,1,0,observed
88,2023W41,2023-10-14,40,40,sc,South Carolina,26.0,1,0,observed
89,2023W42,2023-10-21,41,40,sc,South Carolina,32.0,1,0,observed
90,2023W43,2023-10-28,42,40,sc,South Carolina,21.0,1,0,observed
91,2023W44,2023-11-04,43,40,sc,South Carolina,45.0,1,0,observed
92,2023W45,2023-11-11,44,40,sc,South Carolina,52.0,1,0,observed
93,2023W46,2023-11-18,45,40,sc,South Carolina,64.0,1,0,observed
94,2023W47,2023-11-25,46,40,sc,South Carolina,81.0,1,0,observed
95,2023W48,2023-12-02,47,40,sc,South Carolina,133.0,1,0,observed
96,2023W49,2023-12-09,48,40,sc,South Carolina,177.0,1,0,observed
97,2023W50,2023-12-16,49,40,sc,South Carolina,264.0,1,0,observed
98,2023W51,2023-12-23,50,40,sc,South Carolina,421.0,1,0,observed
99,2023W52,2023-12-30,51,40,sc,South Carolina,649.0,1,0,observed
100,2024W01,2024-01-06,0,40,sc,South Carolina,473.0,1,0,observed
101,2024W02,2024-01-13,1,40,sc,South Carolina,268.0,1,0,observed
102,2024W03,2024-01-20,2,40,sc,South Carolina,197.0,1,0,observed
103,2024W04,2024-01-27,3,40,sc,South Carolina,213.0,1,0,observed
104,2024W05,2024-02-03,4,40,sc,South Carolina,175.0,1,0,observed
105,2024W06,2024-02-10,5,40,sc,South Carolina,132.0,1,0,observed
106,2024W07,2024-02-17,6,40,sc,South Carolina,130.0,1,0,observed
107,2024W08,2024-02-24,7,40,sc,South Carolina,111.0,1,0,observed
108,2024W09,2024-03-02,8,40,sc,South Carolina,107.0,1,0,observed
109,2024W10,2024-03-09,9,40,sc,South Carolina,97.0,1,0,observed
110,2024W11,2024-03-16,10,40,sc,South Carolina,74.0,1,0,observed
111,2024W12,2024-03-23,11,40,sc,South Carolina,66.0,1,0,observed
112,2024W13,2024-03-30,12,40,sc,South Carolina,63.0,1,0,observed
113,2024W14,2024-04-06,13,40,sc,South Carolina,44.0,1,0,observed
114,2024W15,2024-04-13,14,40,sc,South Carolina,64.0,1,0,observed
115,2024W16,2024-04-20,15,40,sc,South Carolina,37.0,1,0,observed
116,2024W17,2024-04-27,16,40,sc,South Carolina,30.0,1,0,observed
117,2024W18,2024-05-04,17,40,sc,South Carolina,31.0,1,0,observed
118,2024W19,2024-05-11,18,40,sc,South Carolina,21.0,1,0,observed
119,2024W20,2024-05-18,19,40,sc,South Carolina,22.0,1,0,observed
120,2024W21,2024-05-25,20,40,sc,South Carolina,18.0,1,0,observed
121,2024W22,2024-06-01,21,40,sc,South Carolina,19.0,1,0,observed
122,2024W23,2024-06-08,22,40,sc,South Carolina,28.0,1,0,observed
123,2024W24,2024-06-15,23,40,sc,South Carolina,29.0,1,0,observed
124,2024W25,2024-06-22,24,40,sc,South Carolina,20.0,1,0,observed
125,2024W26,2024-06-29,25,40,sc,South Carolina,17.0,1,0,observed
126,2024W27,2024-07-06,26,40,sc,South Carolina,19.0,1,0,observed
127,2024W28,2024-07-13,27,40,sc,South Carolina,20.0,1,0,observed
128,2024W29,2024-07-20,28,40,sc,South Carolina,15.0,1,0,observed
129,2024W30,2024-07-27,29,40,sc,South Carolina,16.0,1,0,observed
130,2024W31,2024-08-03,30,40,sc,South Carolina,22.0,1,0,observed
131,2024W32,2024-08-10,31,40,sc,South Carolina,15.0,1,0,observed
132,2024W33,2024-08-17,32,40,sc,South Carolina,16.0,1,0,observed
133,2024W34,2024-08-24,33,40,sc,South Carolina,24.0,1,0,observed
134,2024W35,2024-08-31,34,40,sc,South Carolina,3.0,1,0,observed
135,2024W36,2024-09-07,35,40,sc,South Carolina,2.0,1,0,observed
136,2024W37,2024-09-14,36,40,sc,South Carolina,2.0,1,0,observed
137,2024W38,2024-09-21,37,40,sc,South Carolina,1.0,1,0,observed
138,2024W39,2024-09-28,38,40,sc,South Carolina,2.0,1,0,observed
139,2024W40,2024-10-05,39,40,sc,South Carolina,1.0,1,0,observed
140,2024W41,2024-10-12,40,40,sc,South Carolina,0.0,1,0,observed
141,2024W42,2024-10-19,41,40,sc,South Carolina,8.0,1,0,observed
142,2024W43,2024-10-26,42,40,sc,South Carolina,8.0,1,0,observed
143,2024W44,2024-11-02,43,40,sc,South Carolina,11.0,1,0,observed
144,2024W45,2024-11-09,44,40,sc,South Carolina,21.0,1,0,observed
145,2024W46,2024-11-16,45,40,sc,South Carolina,13.0,1,0,observed
146,2024W47,2024-11-23,46,40,sc,South Carolina,13.0,1,0,observed
147,2024W48,2024-11-30,47,40,sc,South Carolina,18.0,1,0,observed
148,2024W49,2024-12-07,48,40,sc,South Carolina,40.0,1,0,observed
149,2024W50,2024-12-14,49,40,sc,South Carolina,80.0,1,0,observed
150,2024W51,2024-12-21,50,40,sc,South Carolina,160.0,1,0,observed
151,2024W52,2024-12-28,51,40,sc,South Carolina,327.0,1,0,observed
152,2025W01,2025-01-04,0,40,sc,South Carolina,520.0,1,0,observed
153,2025W02,2025-01-11,1,40,sc,South Carolina,443.0,1,0,observed
154,2025W03,2025-01-18,2,40,sc,South Carolina,642.0,1,0,observed
155,2025W04,2025-01-25,3,40,sc,South Carolina,833.0,1,0,observed
156,2025W05,2025-02-01,4,40,sc,South Carolina,1287.0,1,0,observed
157,2025W06,2025-02-08,5,40,sc,South Carolina,1241.0,1,0,observed
158,2025W07,2025-02-15,6,40,sc,South Carolina,690.0,1,0,observed
159,2025W08,2025-02-22,7,40,sc,South Carolina,479.0,1,0,observed
160,2025W09,2025-03-01,8,40,sc,South Carolina,446.0,1,0,observed
161,2025W10,2025-03-08,9,40,sc,South Carolina,408.0,1,0,observed
162,2025W11,2025-03-15,10,40,sc,South Carolina,269.0,1,0,observed
163,2025W12,2025-03-22,11,40,sc,South Carolina,188.0,1,0,observed
164,2025W13,2025-03-29,12,40,sc,South Carolina,137.0,1,0,observed
165,2025W14,2025-04-05,13,40,sc,South Carolina,80.0,1,0,observed
166,2025W15,2025-04-12,14,40,sc,South Carolina,43.0,1,0,observed
167,2025W16,2025-04-19,15,40,sc,South Carolina,34.0,1,0,observed
168,2025W17,2025-04-26,16,40,sc,South Carolina,33.0,1,0,observed
169,2025W18,2025-05-03,17,40,sc,South Carolina,16.0,1,0,observed
170,2025W19,2025-05-10,18,40,sc,South Carolina,13.0,1,0,observed
171,2025W20,2025-05-17,19,40,sc,South Carolina,15.0,1,0,observed
172,2025W21,2025-05-24,20,40,sc,South Carolina,17.0,1,0,observed
173,2025W22,2025-05-31,21,40,sc,South Carolina,18.0,1,0,observed
174,2025W23,2025-06-07,22,40,sc,South Carolina,9.0,1,0,observed
175,2025W24,2025-06-14,23,40,sc,South Carolina,8.0,1,0,observed
176,2025W25,2025-06-21,24,40,sc,South Carolina,10.0,1,0,observed
177,2025W26,2025-06-28,25,40,sc,South Carolina,16.0,1,0,observed
178,2025W27,2025-07-05,26,40,sc,South Carolina,11.0,1,0,observed
179,2025W28,2025-07-12,27,40,sc,South Carolina,4.0,1,0,observed
180,2025W29,2025-07-19,28,40,sc,South Carolina,3.0,1,0,observed
181,2025W30,2025-07-26,29,40,sc,South Carolina,5.0,1,0,observed
182,2025W31,2025-08-02,30,40,sc,South Carolina,6.0,1,0,observed
183,2025W32,2025-08-09,31,40,sc,South Carolina,5.0,1,0,observed
184,2025W33,2025-08-16,32,40,sc,South Carolina,2.0,1,0,observed
185,2025W34,2025-08-23,33,40,sc,South Carolina,8.0,1,0,observed
186,2025W35,2025-08-30,34,40,sc,South Carolina,11.0,1,0,observed
187,2025W36,2025-09-06,35,40,sc,South Carolina,7.0,1,0,observed
188,2025W37,2025-09-13,36,40,sc,South Carolina,15.0,1,0,observed
189,2025W38,2025-09-20,37,40,sc,South Carolina,5.0,1,0,observed
190,2025W39,2025-09-27,38,40,sc,South Carolina,19.0,1,0,observed
191,2025W40,2025-10-04,39,40,sc,South Carolina,17.0,1,0,observed
192,2025W41,2025-10-11,40,40,sc,South Carolina,19.0,1,0,observed
193,2025W42,2025-10-18,41,40,sc,South Carolina,6.0,1,0,observed
194,2025W43,2025-10-25,42,40,sc,South Carolina,6.0,1,0,observed
195,2025W44,2025-11-01,43,40,sc,South Carolina,12.0,1,0,observed
196,2025W45,2025-11-08,44,40,sc,South Carolina,16.0,1,0,observed
197,2025W46,2025-11-15,45,40,sc,South Carolina,20.0,1,0,observed
198,2025W47,2025-11-22,46,40,sc,South Carolina,41.0,1,0,observed
199,2025W48,2025-11-29,47,40,sc,South Carolina,53.0,1,0,observed
200,2025W49,2025-12-06,48,40,sc,South Carolina,86.0,1,0,observed
201,2025W50,2025-12-13,49,40,sc,South Carolina,123.0,1,0,observed
202,2025W51,2025-12-20,50,40,sc,South Carolina,391.0,1,0,observed
203,2025W52,2025-12-27,51,40,sc,South Carolina,856.0,1,0,observed
204,2026W01,2026-01-03,0,40,sc,South Carolina,891.0,1,0,observed
205,2026W02,2026-01-10,1,40,sc,South Carolina,559.0,1,0,observed
206,2026W03,2026-01-17,2,40,sc,South Carolina,300.0,1,0,observed
207,2026W04,2026-01-24,3,40,sc,South Carolina,241.0,1,0,observed
208,2026W05,2026-01-31,4,40,sc,South Carolina,260.0,1,0,observed
209,2026W06,2026-02-07,5,40,sc,South Carolina,255.0,1,0,observed
210,2026W07,2026-02-14,6,40,sc,South Carolina,234.0,1,0,observed
211,2026W08,2026-02-21,7,40,sc,South Carolina,258.0,1,0,observed
212,2026W09,2026-02-28,8,40,sc,South Carolina,184.0,1,0,observed
213,2026W10,2026-03-07,9,40,sc,South Carolina,96.0,1,0,observed
214,2026W11,2026-03-14,10,40,sc,South Carolina,72.0,1,0,observed
215,2026W12,2026-03-21,11,40,sc,South Carolina,51.0,1,0,observed
216,2026W13,2026-03-28,12,40,sc,South Carolina,15.0,1,0,observed
217,2026W14,2026-04-04,13,40,sc,South Carolina,13.0,1,0,observed
218,2026W15,2026-04-11,14,40,sc,South Carolina,11.0,1,0,observed
219,2026W16,2026-04-18,15,40,sc,South Carolina,3.0,1,0,observed
0,2022W05,2022-02-05,4,41,sd,South Dakota,9.0,1,0,observed
1,2022W06,2022-02-12,5,41,sd,South Dakota,18.0,1,0,observed
2,2022W07,2022-02-19,6,41,sd,South Dakota,13.0,1,0,observed
3,2022W08,2022-02-26,7,41,sd,South Dakota,12.0,1,0,observed
4,2022W09,2022-03-05,8,41,sd,South Dakota,30.0,1,0,observed
5,2022W10,2022-03-12,9,41,sd,South Dakota,13.0,1,0,observed
6,2022W11,2022-03-19,10,41,sd,South Dakota,12.0,1,0,observed
7,2022W12,2022-03-26,11,41,sd,South Dakota,5.0,1,0,observed
8,2022W13,2022-04-02,12,41,sd,South Dakota,5.0,1,0,observed
9,2022W14,2022-04-09,13,41,sd,South Dakota,11.0,1,0,observed
10,2022W15,2022-04-16,14,41,sd,South Dakota,4.0,1,0,observed
11,2022W16,2022-04-23,15,41,sd,South Dakota,3.0,1,0,observed
12,2022W17,2022-04-30,16,41,sd,South Dakota,8.0,1,0,observed
13,2022W18,2022-05-07,17,41,sd,South Dakota,3.0,1,0,observed
14,2022W19,2022-05-14,18,41,sd,South Dakota,19.0,1,0,observed
15,2022W20,2022-05-21,19,41,sd,South Dakota,5.0,1,0,observed
16,2022W21,2022-05-28,20,41,sd,South Dakota,3.0,1,0,observed
17,2022W22,2022-06-04,21,41,sd,South Dakota,1.0,1,0,observed
18,2022W23,2022-06-11,22,41,sd,South Dakota,1.0,1,0,observed
19,2022W24,2022-06-18,23,41,sd,South Dakota,1.0,1,0,observed
20,2022W25,2022-06-25,24,41,sd,South Dakota,2.0,1,0,observed
21,2022W26,2022-07-02,25,41,sd,South Dakota,1.0,1,0,observed
22,2022W27,2022-07-09,26,41,sd,South Dakota,0.0,1,0,observed
23,2022W28,2022-07-16,27,41,sd,South Dakota,0.0,1,0,observed
24,2022W29,2022-07-23,28,41,sd,South Dakota,6.0,1,0,observed
25,2022W30,2022-07-30,29,41,sd,South Dakota,8.0,1,0,observed
26,2022W31,2022-08-06,30,41,sd,South Dakota,5.0,1,0,observed
27,2022W32,2022-08-13,31,41,sd,South Dakota,7.0,1,0,observed
28,2022W33,2022-08-20,32,41,sd,South Dakota,7.0,1,0,observed
29,2022W34,2022-08-27,33,41,sd,South Dakota,7.0,1,0,observed
30,2022W35,2022-09-03,34,41,sd,South Dakota,7.0,1,0,observed
31,2022W36,2022-09-10,35,41,sd,South Dakota,7.0,1,0,observed
32,2022W37,2022-09-17,36,41,sd,South Dakota,7.0,1,0,observed
33,2022W38,2022-09-24,37,41,sd,South Dakota,7.0,1,0,observed
34,2022W39,2022-10-01,38,41,sd,South Dakota,10.0,1,0,observed
35,2022W40,2022-10-08,39,41,sd,South Dakota,10.0,1,0,observed
36,2022W41,2022-10-15,40,41,sd,South Dakota,12.0,1,0,observed
37,2022W42,2022-10-22,41,41,sd,South Dakota,13.0,1,0,observed
38,2022W43,2022-10-29,42,41,sd,South Dakota,9.0,1,0,observed
39,2022W44,2022-11-05,43,41,sd,South Dakota,9.0,1,0,observed
40,2022W45,2022-11-12,44,41,sd,South Dakota,13.0,1,0,observed
41,2022W46,2022-11-19,45,41,sd,South Dakota,24.0,1,0,observed
42,2022W47,2022-11-26,46,41,sd,South Dakota,58.0,1,0,observed
43,2022W48,2022-12-03,47,41,sd,South Dakota,73.0,1,0,observed
44,2022W49,2022-12-10,48,41,sd,South Dakota,84.0,1,0,observed
45,2022W50,2022-12-17,49,41,sd,South Dakota,97.0,1,0,observed
46,2022W51,2022-12-24,50,41,sd,South Dakota,84.0,1,0,observed
47,2022W52,2022-12-31,51,41,sd,South Dakota,59.0,1,0,observed
48,2023W01,2023-01-07,0,41,sd,South Dakota,69.0,1,0,observed
49,2023W02,2023-01-14,1,41,sd,South Dakota,15.0,1,0,observed
50,2023W03,2023-01-21,2,41,sd,South Dakota,12.0,1,0,observed
51,2023W04,2023-01-28,3,41,sd,South Dakota,15.0,1,0,observed
52,2023W05,2023-02-04,4,41,sd,South Dakota,15.0,1,0,observed
53,2023W06,2023-02-11,5,41,sd,South Dakota,9.0,1,0,observed
54,2023W07,2023-02-18,6,41,sd,South Dakota,16.0,1,0,observed
55,2023W08,2023-02-25,7,41,sd,South Dakota,4.0,1,0,observed
56,2023W09,2023-03-04,8,41,sd,South Dakota,7.0,1,0,observed
57,2023W10,2023-03-11,9,41,sd,South Dakota,15.0,1,0,observed
58,2023W11,2023-03-18,10,41,sd,South Dakota,16.0,1,0,observed
59,2023W12,2023-03-25,11,41,sd,South Dakota,20.0,1,0,observed
60,2023W13,2023-04-01,12,41,sd,South Dakota,13.0,1,0,observed
61,2023W14,2023-04-08,13,41,sd,South Dakota,13.0,1,0,observed
62,2023W15,2023-04-15,14,41,sd,South Dakota,5.0,1,0,observed
63,2023W16,2023-04-22,15,41,sd,South Dakota,4.0,1,0,observed
64,2023W17,2023-04-29,16,41,sd,South Dakota,4.0,1,0,observed
65,2023W18,2023-05-06,17,41,sd,South Dakota,7.0,1,0,observed
66,2023W19,2023-05-13,18,41,sd,South Dakota,7.0,1,0,observed
67,2023W20,2023-05-20,19,41,sd,South Dakota,3.0,1,0,observed
68,2023W21,2023-05-27,20,41,sd,South Dakota,3.0,1,0,observed
69,2023W22,2023-06-03,21,41,sd,South Dakota,4.0,1,0,observed
70,2023W23,2023-06-10,22,41,sd,South Dakota,2.0,1,0,observed
71,2023W24,2023-06-17,23,41,sd,South Dakota,2.0,1,0,observed
72,2023W25,2023-06-24,24,41,sd,South Dakota,0.0,1,0,observed
73,2023W26,2023-07-01,25,41,sd,South Dakota,2.0,1,0,observed
74,2023W27,2023-07-08,26,41,sd,South Dakota,3.0,1,0,observed
75,2023W28,2023-07-15,27,41,sd,South Dakota,0.0,1,0,observed
76,2023W29,2023-07-22,28,41,sd,South Dakota,0.0,1,0,observed
77,2023W30,2023-07-29,29,41,sd,South Dakota,0.0,1,0,observed
78,2023W31,2023-08-05,30,41,sd,South Dakota,2.0,1,0,observed
79,2023W32,2023-08-12,31,41,sd,South Dakota,1.0,1,0,observed
80,2023W33,2023-08-19,32,41,sd,South Dakota,3.0,1,0,observed
81,2023W34,2023-08-26,33,41,sd,South Dakota,1.0,1,0,observed
82,2023W35,2023-09-02,34,41,sd,South Dakota,1.0,1,0,observed
83,2023W36,2023-09-09,35,41,sd,South Dakota,3.0,1,0,observed
84,2023W37,2023-09-16,36,41,sd,South Dakota,0.0,1,0,observed
85,2023W38,2023-09-23,37,41,sd,South Dakota,0.0,1,0,observed
86,2023W39,2023-09-30,38,41,sd,South Dakota,2.0,1,0,observed
87,2023W40,2023-10-07,39,41,sd,South Dakota,0.0,1,0,observed
88,2023W41,2023-10-14,40,41,sd,South Dakota,0.0,1,0,observed
89,2023W42,2023-10-21,41,41,sd,South Dakota,2.0,1,0,observed
90,2023W43,2023-10-28,42,41,sd,South Dakota,3.0,1,0,observed
91,2023W44,2023-11-04,43,41,sd,South Dakota,1.0,1,0,observed
92,2023W45,2023-11-11,44,41,sd,South Dakota,2.0,1,0,observed
93,2023W46,2023-11-18,45,41,sd,South Dakota,1.0,1,0,observed
94,2023W47,2023-11-25,46,41,sd,South Dakota,2.0,1,0,observed
95,2023W48,2023-12-02,47,41,sd,South Dakota,7.0,1,0,observed
96,2023W49,2023-12-09,48,41,sd,South Dakota,6.0,1,0,observed
97,2023W50,2023-12-16,49,41,sd,South Dakota,13.0,1,0,observed
98,2023W51,2023-12-23,50,41,sd,South Dakota,33.0,1,0,observed
99,2023W52,2023-12-30,51,41,sd,South Dakota,48.0,1,0,observed
100,2024W01,2024-01-06,0,41,sd,South Dakota,54.0,1,0,observed
101,2024W02,2024-01-13,1,41,sd,South Dakota,32.0,1,0,observed
102,2024W03,2024-01-20,2,41,sd,South Dakota,16.0,1,0,observed
103,2024W04,2024-01-27,3,41,sd,South Dakota,27.0,1,0,observed
104,2024W05,2024-02-03,4,41,sd,South Dakota,23.0,1,0,observed
105,2024W06,2024-02-10,5,41,sd,South Dakota,18.0,1,0,observed
106,2024W07,2024-02-17,6,41,sd,South Dakota,26.0,1,0,observed
107,2024W08,2024-02-24,7,41,sd,South Dakota,42.0,1,0,observed
108,2024W09,2024-03-02,8,41,sd,South Dakota,46.0,1,0,observed
109,2024W10,2024-03-09,9,41,sd,South Dakota,37.0,1,0,observed
110,2024W11,2024-03-16,10,41,sd,South Dakota,43.0,1,0,observed
111,2024W12,2024-03-23,11,41,sd,South Dakota,59.0,1,0,observed
112,2024W13,2024-03-30,12,41,sd,South Dakota,33.0,1,0,observed
113,2024W14,2024-04-06,13,41,sd,South Dakota,37.0,1,0,observed
114,2024W15,2024-04-13,14,41,sd,South Dakota,14.0,1,0,observed
115,2024W16,2024-04-20,15,41,sd,South Dakota,24.0,1,0,observed
116,2024W17,2024-04-27,16,41,sd,South Dakota,14.0,1,0,observed
117,2024W18,2024-05-04,17,41,sd,South Dakota,7.0,1,0,observed
118,2024W19,2024-05-11,18,41,sd,South Dakota,1.0,1,0,observed
119,2024W20,2024-05-18,19,41,sd,South Dakota,0.0,1,0,observed
120,2024W21,2024-05-25,20,41,sd,South Dakota,1.0,1,0,observed
121,2024W22,2024-06-01,21,41,sd,South Dakota,0.0,1,0,observed
122,2024W23,2024-06-08,22,41,sd,South Dakota,0.0,1,0,observed
123,2024W24,2024-06-15,23,41,sd,South Dakota,0.0,1,0,observed
124,2024W25,2024-06-22,24,41,sd,South Dakota,0.0,1,0,observed
125,2024W26,2024-06-29,25,41,sd,South Dakota,0.0,1,0,observed
126,2024W27,2024-07-06,26,41,sd,South Dakota,0.0,1,0,observed
127,2024W28,2024-07-13,27,41,sd,South Dakota,0.0,1,0,observed
128,2024W29,2024-07-20,28,41,sd,South Dakota,0.0,1,0,observed
129,2024W30,2024-07-27,29,41,sd,South Dakota,0.0,1,0,observed
130,2024W31,2024-08-03,30,41,sd,South Dakota,0.0,1,0,observed
131,2024W32,2024-08-10,31,41,sd,South Dakota,0.0,1,0,observed
132,2024W33,2024-08-17,32,41,sd,South Dakota,1.0,1,0,observed
133,2024W34,2024-08-24,33,41,sd,South Dakota,0.0,1,0,observed
134,2024W35,2024-08-31,34,41,sd,South Dakota,1.0,1,0,observed
135,2024W36,2024-09-07,35,41,sd,South Dakota,0.0,1,0,observed
136,2024W37,2024-09-14,36,41,sd,South Dakota,1.0,1,0,observed
137,2024W38,2024-09-21,37,41,sd,South Dakota,2.0,1,0,observed
138,2024W39,2024-09-28,38,41,sd,South Dakota,0.0,1,0,observed
139,2024W40,2024-10-05,39,41,sd,South Dakota,0.0,1,0,observed
140,2024W41,2024-10-12,40,41,sd,South Dakota,1.0,1,0,observed
141,2024W42,2024-10-19,41,41,sd,South Dakota,1.0,1,0,observed
142,2024W43,2024-10-26,42,41,sd,South Dakota,2.0,1,0,observed
143,2024W44,2024-11-02,43,41,sd,South Dakota,0.0,1,0,observed
144,2024W45,2024-11-09,44,41,sd,South Dakota,2.0,1,0,observed
145,2024W46,2024-11-16,45,41,sd,South Dakota,0.0,1,0,observed
146,2024W47,2024-11-23,46,41,sd,South Dakota,0.0,1,0,observed
147,2024W48,2024-11-30,47,41,sd,South Dakota,5.0,1,0,observed
148,2024W49,2024-12-07,48,41,sd,South Dakota,1.0,1,0,observed
149,2024W50,2024-12-14,49,41,sd,South Dakota,8.0,1,0,observed
150,2024W51,2024-12-21,50,41,sd,South Dakota,14.0,1,0,observed
151,2024W52,2024-12-28,51,41,sd,South Dakota,33.0,1,0,observed
152,2025W01,2025-01-04,0,41,sd,South Dakota,47.0,1,0,observed
153,2025W02,2025-01-11,1,41,sd,South Dakota,50.0,1,0,observed
154,2025W03,2025-01-18,2,41,sd,South Dakota,55.0,1,0,observed
155,2025W04,2025-01-25,3,41,sd,South Dakota,88.0,1,0,observed
156,2025W05,2025-02-01,4,41,sd,South Dakota,139.0,1,0,observed
157,2025W06,2025-02-08,5,41,sd,South Dakota,207.0,1,0,observed
158,2025W07,2025-02-15,6,41,sd,South Dakota,183.0,1,0,observed
159,2025W08,2025-02-22,7,41,sd,South Dakota,110.0,1,0,observed
160,2025W09,2025-03-01,8,41,sd,South Dakota,89.0,1,0,observed
161,2025W10,2025-03-08,9,41,sd,South Dakota,59.0,1,0,observed
162,2025W11,2025-03-15,10,41,sd,South Dakota,26.0,1,0,observed
163,2025W12,2025-03-22,11,41,sd,South Dakota,16.0,1,0,observed
164,2025W13,2025-03-29,12,41,sd,South Dakota,11.0,1,0,observed
165,2025W14,2025-04-05,13,41,sd,South Dakota,8.0,1,0,observed
166,2025W15,2025-04-12,14,41,sd,South Dakota,7.0,1,0,observed
167,2025W16,2025-04-19,15,41,sd,South Dakota,10.0,1,0,observed
168,2025W17,2025-04-26,16,41,sd,South Dakota,8.0,1,0,observed
169,2025W18,2025-05-03,17,41,sd,South Dakota,4.0,1,0,observed
170,2025W19,2025-05-10,18,41,sd,South Dakota,1.0,1,0,observed
171,2025W20,2025-05-17,19,41,sd,South Dakota,5.0,1,0,observed
172,2025W21,2025-05-24,20,41,sd,South Dakota,7.0,1,0,observed
173,2025W22,2025-05-31,21,41,sd,South Dakota,5.0,1,0,observed
174,2025W23,2025-06-07,22,41,sd,South Dakota,3.0,1,0,observed
175,2025W24,2025-06-14,23,41,sd,South Dakota,7.0,1,0,observed
176,2025W25,2025-06-21,24,41,sd,South Dakota,6.0,1,0,observed
177,2025W26,2025-06-28,25,41,sd,South Dakota,2.0,1,0,observed
178,2025W27,2025-07-05,26,41,sd,South Dakota,1.0,1,0,observed
179,2025W28,2025-07-12,27,41,sd,South Dakota,0.0,1,0,observed
180,2025W29,2025-07-19,28,41,sd,South Dakota,0.0,1,0,observed
181,2025W30,2025-07-26,29,41,sd,South Dakota,4.0,1,0,observed
182,2025W31,2025-08-02,30,41,sd,South Dakota,2.0,1,0,observed
183,2025W32,2025-08-09,31,41,sd,South Dakota,1.0,1,0,observed
184,2025W33,2025-08-16,32,41,sd,South Dakota,1.0,1,0,observed
185,2025W34,2025-08-23,33,41,sd,South Dakota,3.0,1,0,observed
186,2025W35,2025-08-30,34,41,sd,South Dakota,2.0,1,0,observed
187,2025W36,2025-09-06,35,41,sd,South Dakota,1.0,1,0,observed
188,2025W37,2025-09-13,36,41,sd,South Dakota,2.0,1,0,observed
189,2025W38,2025-09-20,37,41,sd,South Dakota,2.0,1,0,observed
190,2025W39,2025-09-27,38,41,sd,South Dakota,1.0,1,0,observed
191,2025W40,2025-10-04,39,41,sd,South Dakota,1.0,1,0,observed
192,2025W41,2025-10-11,40,41,sd,South Dakota,2.0,1,0,observed
193,2025W42,2025-10-18,41,41,sd,South Dakota,2.0,1,0,observed
194,2025W43,2025-10-25,42,41,sd,South Dakota,2.0,1,0,observed
195,2025W44,2025-11-01,43,41,sd,South Dakota,0.0,1,0,observed
196,2025W45,2025-11-08,44,41,sd,South Dakota,0.0,1,0,observed
197,2025W46,2025-11-15,45,41,sd,South Dakota,1.0,1,0,observed
198,2025W47,2025-11-22,46,41,sd,South Dakota,3.0,1,0,observed
199,2025W48,2025-11-29,47,41,sd,South Dakota,1.0,1,0,observed
200,2025W49,2025-12-06,48,41,sd,South Dakota,5.0,1,0,observed
201,2025W50,2025-12-13,49,41,sd,South Dakota,10.0,1,0,observed
202,2025W51,2025-12-20,50,41,sd,South Dakota,26.0,1,0,observed
203,2025W52,2025-12-27,51,41,sd,South Dakota,60.0,1,0,observed
204,2026W01,2026-01-03,0,41,sd,South Dakota,108.0,1,0,observed
205,2026W02,2026-01-10,1,41,sd,South Dakota,64.0,1,0,observed
206,2026W03,2026-01-17,2,41,sd,South Dakota,78.0,1,0,observed
207,2026W04,2026-01-24,3,41,sd,South Dakota,67.0,1,0,observed
208,2026W05,2026-01-31,4,41,sd,South Dakota,61.0,1,0,observed
209,2026W06,2026-02-07,5,41,sd,South Dakota,57.0,1,0,observed
210,2026W07,2026-02-14,6,41,sd,South Dakota,47.0,1,0,observed
211,2026W08,2026-02-21,7,41,sd,South Dakota,55.0,1,0,observed
212,2026W09,2026-02-28,8,41,sd,South Dakota,49.0,1,0,observed
213,2026W10,2026-03-07,9,41,sd,South Dakota,40.0,1,0,observed
214,2026W11,2026-03-14,10,41,sd,South Dakota,20.0,1,0,observed
215,2026W12,2026-03-21,11,41,sd,South Dakota,27.0,1,0,observed
216,2026W13,2026-03-28,12,41,sd,South Dakota,13.0,1,0,observed
217,2026W14,2026-04-04,13,41,sd,South Dakota,11.0,1,0,observed
218,2026W15,2026-04-11,14,41,sd,South Dakota,10.0,1,0,observed
219,2026W16,2026-04-18,15,41,sd,South Dakota,5.0,1,0,observed
0,2022W05,2022-02-05,4,42,tn,Tennessee,31.0,1,0,observed
1,2022W06,2022-02-12,5,42,tn,Tennessee,21.0,1,0,observed
2,2022W07,2022-02-19,6,42,tn,Tennessee,26.0,1,0,observed
3,2022W08,2022-02-26,7,42,tn,Tennessee,42.0,1,0,observed
4,2022W09,2022-03-05,8,42,tn,Tennessee,29.0,1,0,observed
5,2022W10,2022-03-12,9,42,tn,Tennessee,28.0,1,0,observed
6,2022W11,2022-03-19,10,42,tn,Tennessee,28.0,1,0,observed
7,2022W12,2022-03-26,11,42,tn,Tennessee,43.0,1,0,observed
8,2022W13,2022-04-02,12,42,tn,Tennessee,38.0,1,0,observed
9,2022W14,2022-04-09,13,42,tn,Tennessee,31.0,1,0,observed
10,2022W15,2022-04-16,14,42,tn,Tennessee,35.0,1,0,observed
11,2022W16,2022-04-23,15,42,tn,Tennessee,34.0,1,0,observed
12,2022W17,2022-04-30,16,42,tn,Tennessee,35.0,1,0,observed
13,2022W18,2022-05-07,17,42,tn,Tennessee,18.0,1,0,observed
14,2022W19,2022-05-14,18,42,tn,Tennessee,30.0,1,0,observed
15,2022W20,2022-05-21,19,42,tn,Tennessee,15.0,1,0,observed
16,2022W21,2022-05-28,20,42,tn,Tennessee,18.0,1,0,observed
17,2022W22,2022-06-04,21,42,tn,Tennessee,20.0,1,0,observed
18,2022W23,2022-06-11,22,42,tn,Tennessee,18.0,1,0,observed
19,2022W24,2022-06-18,23,42,tn,Tennessee,25.0,1,0,observed
20,2022W25,2022-06-25,24,42,tn,Tennessee,15.0,1,0,observed
21,2022W26,2022-07-02,25,42,tn,Tennessee,35.0,1,0,observed
22,2022W27,2022-07-09,26,42,tn,Tennessee,9.0,1,0,observed
23,2022W28,2022-07-16,27,42,tn,Tennessee,7.0,1,0,observed
24,2022W29,2022-07-23,28,42,tn,Tennessee,11.0,1,0,observed
25,2022W30,2022-07-30,29,42,tn,Tennessee,14.0,1,0,observed
26,2022W31,2022-08-06,30,42,tn,Tennessee,17.0,1,0,observed
27,2022W32,2022-08-13,31,42,tn,Tennessee,16.0,1,0,observed
28,2022W33,2022-08-20,32,42,tn,Tennessee,13.0,1,0,observed
29,2022W34,2022-08-27,33,42,tn,Tennessee,15.0,1,0,observed
30,2022W35,2022-09-03,34,42,tn,Tennessee,14.0,1,0,observed
31,2022W36,2022-09-10,35,42,tn,Tennessee,20.0,1,0,observed
32,2022W37,2022-09-17,36,42,tn,Tennessee,17.0,1,0,observed
33,2022W38,2022-09-24,37,42,tn,Tennessee,32.0,1,0,observed
34,2022W39,2022-10-01,38,42,tn,Tennessee,38.0,1,0,observed
35,2022W40,2022-10-08,39,42,tn,Tennessee,39.0,1,0,observed
36,2022W41,2022-10-15,40,42,tn,Tennessee,59.0,1,0,observed
37,2022W42,2022-10-22,41,42,tn,Tennessee,87.0,1,0,observed
38,2022W43,2022-10-29,42,42,tn,Tennessee,122.0,1,0,observed
39,2022W44,2022-11-05,43,42,tn,Tennessee,231.0,1,0,observed
40,2022W45,2022-11-12,44,42,tn,Tennessee,311.0,1,0,observed
41,2022W46,2022-11-19,45,42,tn,Tennessee,285.0,1,0,observed
42,2022W47,2022-11-26,46,42,tn,Tennessee,471.0,1,0,observed
43,2022W48,2022-12-03,47,42,tn,Tennessee,687.0,1,0,observed
44,2022W49,2022-12-10,48,42,tn,Tennessee,486.0,1,0,observed
45,2022W50,2022-12-17,49,42,tn,Tennessee,258.0,1,0,observed
46,2022W51,2022-12-24,50,42,tn,Tennessee,226.0,1,0,observed
47,2022W52,2022-12-31,51,42,tn,Tennessee,248.0,1,0,observed
48,2023W01,2023-01-07,0,42,tn,Tennessee,174.0,1,0,observed
49,2023W02,2023-01-14,1,42,tn,Tennessee,100.0,1,0,observed
50,2023W03,2023-01-21,2,42,tn,Tennessee,69.0,1,0,observed
51,2023W04,2023-01-28,3,42,tn,Tennessee,41.0,1,0,observed
52,2023W05,2023-02-04,4,42,tn,Tennessee,43.0,1,0,observed
53,2023W06,2023-02-11,5,42,tn,Tennessee,28.0,1,0,observed
54,2023W07,2023-02-18,6,42,tn,Tennessee,57.0,1,0,observed
55,2023W08,2023-02-25,7,42,tn,Tennessee,43.0,1,0,observed
56,2023W09,2023-03-04,8,42,tn,Tennessee,41.0,1,0,observed
57,2023W10,2023-03-11,9,42,tn,Tennessee,27.0,1,0,observed
58,2023W11,2023-03-18,10,42,tn,Tennessee,29.0,1,0,observed
59,2023W12,2023-03-25,11,42,tn,Tennessee,31.0,1,0,observed
60,2023W13,2023-04-01,12,42,tn,Tennessee,45.0,1,0,observed
61,2023W14,2023-04-08,13,42,tn,Tennessee,29.0,1,0,observed
62,2023W15,2023-04-15,14,42,tn,Tennessee,25.0,1,0,observed
63,2023W16,2023-04-22,15,42,tn,Tennessee,22.0,1,0,observed
64,2023W17,2023-04-29,16,42,tn,Tennessee,18.0,1,0,observed
65,2023W18,2023-05-06,17,42,tn,Tennessee,24.0,1,0,observed
66,2023W19,2023-05-13,18,42,tn,Tennessee,15.0,1,0,observed
67,2023W20,2023-05-20,19,42,tn,Tennessee,14.0,1,0,observed
68,2023W21,2023-05-27,20,42,tn,Tennessee,27.0,1,0,observed
69,2023W22,2023-06-03,21,42,tn,Tennessee,20.0,1,0,observed
70,2023W23,2023-06-10,22,42,tn,Tennessee,27.0,1,0,observed
71,2023W24,2023-06-17,23,42,tn,Tennessee,31.0,1,0,observed
72,2023W25,2023-06-24,24,42,tn,Tennessee,13.0,1,0,observed
73,2023W26,2023-07-01,25,42,tn,Tennessee,24.0,1,0,observed
74,2023W27,2023-07-08,26,42,tn,Tennessee,21.0,1,0,observed
75,2023W28,2023-07-15,27,42,tn,Tennessee,23.0,1,0,observed
76,2023W29,2023-07-22,28,42,tn,Tennessee,23.0,1,0,observed
77,2023W30,2023-07-29,29,42,tn,Tennessee,16.0,1,0,observed
78,2023W31,2023-08-05,30,42,tn,Tennessee,22.0,1,0,observed
79,2023W32,2023-08-12,31,42,tn,Tennessee,26.0,1,0,observed
80,2023W33,2023-08-19,32,42,tn,Tennessee,26.0,1,0,observed
81,2023W34,2023-08-26,33,42,tn,Tennessee,23.0,1,0,observed
82,2023W35,2023-09-02,34,42,tn,Tennessee,27.0,1,0,observed
83,2023W36,2023-09-09,35,42,tn,Tennessee,46.0,1,0,observed
84,2023W37,2023-09-16,36,42,tn,Tennessee,34.0,1,0,observed
85,2023W38,2023-09-23,37,42,tn,Tennessee,24.0,1,0,observed
86,2023W39,2023-09-30,38,42,tn,Tennessee,41.0,1,0,observed
87,2023W40,2023-10-07,39,42,tn,Tennessee,28.0,1,0,observed
88,2023W41,2023-10-14,40,42,tn,Tennessee,32.0,1,0,observed
89,2023W42,2023-10-21,41,42,tn,Tennessee,43.0,1,0,observed
90,2023W43,2023-10-28,42,42,tn,Tennessee,44.0,1,0,observed
91,2023W44,2023-11-04,43,42,tn,Tennessee,44.0,1,0,observed
92,2023W45,2023-11-11,44,42,tn,Tennessee,47.0,1,0,observed
93,2023W46,2023-11-18,45,42,tn,Tennessee,57.0,1,0,observed
94,2023W47,2023-11-25,46,42,tn,Tennessee,73.0,1,0,observed
95,2023W48,2023-12-02,47,42,tn,Tennessee,98.0,1,0,observed
96,2023W49,2023-12-09,48,42,tn,Tennessee,152.0,1,0,observed
97,2023W50,2023-12-16,49,42,tn,Tennessee,178.0,1,0,observed
98,2023W51,2023-12-23,50,42,tn,Tennessee,294.0,1,0,observed
99,2023W52,2023-12-30,51,42,tn,Tennessee,538.0,1,0,observed
100,2024W01,2024-01-06,0,42,tn,Tennessee,474.0,1,0,observed
101,2024W02,2024-01-13,1,42,tn,Tennessee,390.0,1,0,observed
102,2024W03,2024-01-20,2,42,tn,Tennessee,350.0,1,0,observed
103,2024W04,2024-01-27,3,42,tn,Tennessee,280.0,1,0,observed
104,2024W05,2024-02-03,4,42,tn,Tennessee,223.0,1,0,observed
105,2024W06,2024-02-10,5,42,tn,Tennessee,196.0,1,0,observed
106,2024W07,2024-02-17,6,42,tn,Tennessee,195.0,1,0,observed
107,2024W08,2024-02-24,7,42,tn,Tennessee,201.0,1,0,observed
108,2024W09,2024-03-02,8,42,tn,Tennessee,236.0,1,0,observed
109,2024W10,2024-03-09,9,42,tn,Tennessee,188.0,1,0,observed
110,2024W11,2024-03-16,10,42,tn,Tennessee,129.0,1,0,observed
111,2024W12,2024-03-23,11,42,tn,Tennessee,127.0,1,0,observed
112,2024W13,2024-03-30,12,42,tn,Tennessee,84.0,1,0,observed
113,2024W14,2024-04-06,13,42,tn,Tennessee,102.0,1,0,observed
114,2024W15,2024-04-13,14,42,tn,Tennessee,77.0,1,0,observed
115,2024W16,2024-04-20,15,42,tn,Tennessee,58.0,1,0,observed
116,2024W17,2024-04-27,16,42,tn,Tennessee,51.0,1,0,observed
117,2024W18,2024-05-04,17,42,tn,Tennessee,22.0,1,0,observed
118,2024W19,2024-05-11,18,42,tn,Tennessee,17.0,1,0,observed
119,2024W20,2024-05-18,19,42,tn,Tennessee,21.0,1,0,observed
120,2024W21,2024-05-25,20,42,tn,Tennessee,20.0,1,0,observed
121,2024W22,2024-06-01,21,42,tn,Tennessee,30.0,1,0,observed
122,2024W23,2024-06-08,22,42,tn,Tennessee,17.0,1,0,observed
123,2024W24,2024-06-15,23,42,tn,Tennessee,15.0,1,0,observed
124,2024W25,2024-06-22,24,42,tn,Tennessee,12.0,1,0,observed
125,2024W26,2024-06-29,25,42,tn,Tennessee,7.0,1,0,observed
126,2024W27,2024-07-06,26,42,tn,Tennessee,10.0,1,0,observed
127,2024W28,2024-07-13,27,42,tn,Tennessee,11.0,1,0,observed
128,2024W29,2024-07-20,28,42,tn,Tennessee,10.0,1,0,observed
129,2024W30,2024-07-27,29,42,tn,Tennessee,13.0,1,0,observed
130,2024W31,2024-08-03,30,42,tn,Tennessee,9.0,1,0,observed
131,2024W32,2024-08-10,31,42,tn,Tennessee,9.0,1,0,observed
132,2024W33,2024-08-17,32,42,tn,Tennessee,9.0,1,0,observed
133,2024W34,2024-08-24,33,42,tn,Tennessee,8.0,1,0,observed
134,2024W35,2024-08-31,34,42,tn,Tennessee,11.0,1,0,observed
135,2024W36,2024-09-07,35,42,tn,Tennessee,8.0,1,0,observed
136,2024W37,2024-09-14,36,42,tn,Tennessee,6.0,1,0,observed
137,2024W38,2024-09-21,37,42,tn,Tennessee,2.0,1,0,observed
138,2024W39,2024-09-28,38,42,tn,Tennessee,5.0,1,0,observed
139,2024W40,2024-10-05,39,42,tn,Tennessee,4.0,1,0,observed
140,2024W41,2024-10-12,40,42,tn,Tennessee,2.0,1,0,observed
141,2024W42,2024-10-19,41,42,tn,Tennessee,8.0,1,0,observed
142,2024W43,2024-10-26,42,42,tn,Tennessee,31.0,1,0,observed
143,2024W44,2024-11-02,43,42,tn,Tennessee,45.0,1,0,observed
144,2024W45,2024-11-09,44,42,tn,Tennessee,96.0,1,0,observed
145,2024W46,2024-11-16,45,42,tn,Tennessee,94.0,1,0,observed
146,2024W47,2024-11-23,46,42,tn,Tennessee,59.0,1,0,observed
147,2024W48,2024-11-30,47,42,tn,Tennessee,60.0,1,0,observed
148,2024W49,2024-12-07,48,42,tn,Tennessee,115.0,1,0,observed
149,2024W50,2024-12-14,49,42,tn,Tennessee,217.0,1,0,observed
150,2024W51,2024-12-21,50,42,tn,Tennessee,372.0,1,0,observed
151,2024W52,2024-12-28,51,42,tn,Tennessee,747.0,1,0,observed
152,2025W01,2025-01-04,0,42,tn,Tennessee,1063.0,1,0,observed
153,2025W02,2025-01-11,1,42,tn,Tennessee,684.0,1,0,observed
154,2025W03,2025-01-18,2,42,tn,Tennessee,570.0,1,0,observed
155,2025W04,2025-01-25,3,42,tn,Tennessee,646.0,1,0,observed
156,2025W05,2025-02-01,4,42,tn,Tennessee,944.0,1,0,observed
157,2025W06,2025-02-08,5,42,tn,Tennessee,1067.0,1,0,observed
158,2025W07,2025-02-15,6,42,tn,Tennessee,699.0,1,0,observed
159,2025W08,2025-02-22,7,42,tn,Tennessee,546.0,1,0,observed
160,2025W09,2025-03-01,8,42,tn,Tennessee,526.0,1,0,observed
161,2025W10,2025-03-08,9,42,tn,Tennessee,479.0,1,0,observed
162,2025W11,2025-03-15,10,42,tn,Tennessee,461.0,1,0,observed
163,2025W12,2025-03-22,11,42,tn,Tennessee,308.0,1,0,observed
164,2025W13,2025-03-29,12,42,tn,Tennessee,219.0,1,0,observed
165,2025W14,2025-04-05,13,42,tn,Tennessee,150.0,1,0,observed
166,2025W15,2025-04-12,14,42,tn,Tennessee,100.0,1,0,observed
167,2025W16,2025-04-19,15,42,tn,Tennessee,59.0,1,0,observed
168,2025W17,2025-04-26,16,42,tn,Tennessee,65.0,1,0,observed
169,2025W18,2025-05-03,17,42,tn,Tennessee,46.0,1,0,observed
170,2025W19,2025-05-10,18,42,tn,Tennessee,32.0,1,0,observed
171,2025W20,2025-05-17,19,42,tn,Tennessee,50.0,1,0,observed
172,2025W21,2025-05-24,20,42,tn,Tennessee,36.0,1,0,observed
173,2025W22,2025-05-31,21,42,tn,Tennessee,35.0,1,0,observed
174,2025W23,2025-06-07,22,42,tn,Tennessee,35.0,1,0,observed
175,2025W24,2025-06-14,23,42,tn,Tennessee,45.0,1,0,observed
176,2025W25,2025-06-21,24,42,tn,Tennessee,33.0,1,0,observed
177,2025W26,2025-06-28,25,42,tn,Tennessee,19.0,1,0,observed
178,2025W27,2025-07-05,26,42,tn,Tennessee,13.0,1,0,observed
179,2025W28,2025-07-12,27,42,tn,Tennessee,33.0,1,0,observed
180,2025W29,2025-07-19,28,42,tn,Tennessee,34.0,1,0,observed
181,2025W30,2025-07-26,29,42,tn,Tennessee,23.0,1,0,observed
182,2025W31,2025-08-02,30,42,tn,Tennessee,17.0,1,0,observed
183,2025W32,2025-08-09,31,42,tn,Tennessee,32.0,1,0,observed
184,2025W33,2025-08-16,32,42,tn,Tennessee,23.0,1,0,observed
185,2025W34,2025-08-23,33,42,tn,Tennessee,25.0,1,0,observed
186,2025W35,2025-08-30,34,42,tn,Tennessee,25.0,1,0,observed
187,2025W36,2025-09-06,35,42,tn,Tennessee,28.0,1,0,observed
188,2025W37,2025-09-13,36,42,tn,Tennessee,36.0,1,0,observed
189,2025W38,2025-09-20,37,42,tn,Tennessee,40.0,1,0,observed
190,2025W39,2025-09-27,38,42,tn,Tennessee,41.0,1,0,observed
191,2025W40,2025-10-04,39,42,tn,Tennessee,26.0,1,0,observed
192,2025W41,2025-10-11,40,42,tn,Tennessee,26.0,1,0,observed
193,2025W42,2025-10-18,41,42,tn,Tennessee,40.0,1,0,observed
194,2025W43,2025-10-25,42,42,tn,Tennessee,22.0,1,0,observed
195,2025W44,2025-11-01,43,42,tn,Tennessee,34.0,1,0,observed
196,2025W45,2025-11-08,44,42,tn,Tennessee,56.0,1,0,observed
197,2025W46,2025-11-15,45,42,tn,Tennessee,39.0,1,0,observed
198,2025W47,2025-11-22,46,42,tn,Tennessee,57.0,1,0,observed
199,2025W48,2025-11-29,47,42,tn,Tennessee,62.0,1,0,observed
200,2025W49,2025-12-06,48,42,tn,Tennessee,106.0,1,0,observed
201,2025W50,2025-12-13,49,42,tn,Tennessee,166.0,1,0,observed
202,2025W51,2025-12-20,50,42,tn,Tennessee,346.0,1,0,observed
203,2025W52,2025-12-27,51,42,tn,Tennessee,861.0,1,0,observed
204,2026W01,2026-01-03,0,42,tn,Tennessee,863.0,1,0,observed
205,2026W02,2026-01-10,1,42,tn,Tennessee,519.0,1,0,observed
206,2026W03,2026-01-17,2,42,tn,Tennessee,315.0,1,0,observed
207,2026W04,2026-01-24,3,42,tn,Tennessee,312.0,1,0,observed
208,2026W05,2026-01-31,4,42,tn,Tennessee,373.0,1,0,observed
209,2026W06,2026-02-07,5,42,tn,Tennessee,318.0,1,0,observed
210,2026W07,2026-02-14,6,42,tn,Tennessee,323.0,1,0,observed
211,2026W08,2026-02-21,7,42,tn,Tennessee,321.0,1,0,observed
212,2026W09,2026-02-28,8,42,tn,Tennessee,248.0,1,0,observed
213,2026W10,2026-03-07,9,42,tn,Tennessee,199.0,1,0,observed
214,2026W11,2026-03-14,10,42,tn,Tennessee,176.0,1,0,observed
215,2026W12,2026-03-21,11,42,tn,Tennessee,145.0,1,0,observed
216,2026W13,2026-03-28,12,42,tn,Tennessee,81.0,1,0,observed
217,2026W14,2026-04-04,13,42,tn,Tennessee,63.0,1,0,observed
218,2026W15,2026-04-11,14,42,tn,Tennessee,50.0,1,0,observed
219,2026W16,2026-04-18,15,42,tn,Tennessee,46.0,1,0,observed
0,2022W05,2022-02-05,4,43,tx,Texas,86.0,1,0,observed
1,2022W06,2022-02-12,5,43,tx,Texas,131.0,1,0,observed
2,2022W07,2022-02-19,6,43,tx,Texas,226.0,1,0,observed
3,2022W08,2022-02-26,7,43,tx,Texas,323.0,1,0,observed
4,2022W09,2022-03-05,8,43,tx,Texas,305.0,1,0,observed
5,2022W10,2022-03-12,9,43,tx,Texas,405.0,1,0,observed
6,2022W11,2022-03-19,10,43,tx,Texas,589.0,1,0,observed
7,2022W12,2022-03-26,11,43,tx,Texas,594.0,1,0,observed
8,2022W13,2022-04-02,12,43,tx,Texas,519.0,1,0,observed
9,2022W14,2022-04-09,13,43,tx,Texas,338.0,1,0,observed
10,2022W15,2022-04-16,14,43,tx,Texas,319.0,1,0,observed
11,2022W16,2022-04-23,15,43,tx,Texas,407.0,1,0,observed
12,2022W17,2022-04-30,16,43,tx,Texas,168.0,1,0,observed
13,2022W18,2022-05-07,17,43,tx,Texas,128.0,1,0,observed
14,2022W19,2022-05-14,18,43,tx,Texas,142.0,1,0,observed
15,2022W20,2022-05-21,19,43,tx,Texas,128.0,1,0,observed
16,2022W21,2022-05-28,20,43,tx,Texas,115.0,1,0,observed
17,2022W22,2022-06-04,21,43,tx,Texas,88.0,1,0,observed
18,2022W23,2022-06-11,22,43,tx,Texas,76.0,1,0,observed
19,2022W24,2022-06-18,23,43,tx,Texas,110.0,1,0,observed
20,2022W25,2022-06-25,24,43,tx,Texas,92.0,1,0,observed
21,2022W26,2022-07-02,25,43,tx,Texas,80.0,1,0,observed
22,2022W27,2022-07-09,26,43,tx,Texas,56.0,1,0,observed
23,2022W28,2022-07-16,27,43,tx,Texas,83.0,1,0,observed
24,2022W29,2022-07-23,28,43,tx,Texas,81.0,1,0,observed
25,2022W30,2022-07-30,29,43,tx,Texas,62.0,1,0,observed
26,2022W31,2022-08-06,30,43,tx,Texas,60.0,1,0,observed
27,2022W32,2022-08-13,31,43,tx,Texas,64.0,1,0,observed
28,2022W33,2022-08-20,32,43,tx,Texas,89.0,1,0,observed
29,2022W34,2022-08-27,33,43,tx,Texas,71.0,1,0,observed
30,2022W35,2022-09-03,34,43,tx,Texas,95.0,1,0,observed
31,2022W36,2022-09-10,35,43,tx,Texas,105.0,1,0,observed
32,2022W37,2022-09-17,36,43,tx,Texas,123.0,1,0,observed
33,2022W38,2022-09-24,37,43,tx,Texas,215.0,1,0,observed
34,2022W39,2022-10-01,38,43,tx,Texas,127.0,1,0,observed
35,2022W40,2022-10-08,39,43,tx,Texas,213.0,1,0,observed
36,2022W41,2022-10-15,40,43,tx,Texas,305.0,1,0,observed
37,2022W42,2022-10-22,41,43,tx,Texas,460.0,1,0,observed
38,2022W43,2022-10-29,42,43,tx,Texas,699.0,1,0,observed
39,2022W44,2022-11-05,43,43,tx,Texas,953.0,1,0,observed
40,2022W45,2022-11-12,44,43,tx,Texas,1106.0,1,0,observed
41,2022W46,2022-11-19,45,43,tx,Texas,1168.0,1,0,observed
42,2022W47,2022-11-26,46,43,tx,Texas,1796.0,1,0,observed
43,2022W48,2022-12-03,47,43,tx,Texas,2179.0,1,0,observed
44,2022W49,2022-12-10,48,43,tx,Texas,1775.0,1,0,observed
45,2022W50,2022-12-17,49,43,tx,Texas,1533.0,1,0,observed
46,2022W51,2022-12-24,50,43,tx,Texas,1301.0,1,0,observed
47,2022W52,2022-12-31,51,43,tx,Texas,1410.0,1,0,observed
48,2023W01,2023-01-07,0,43,tx,Texas,1246.0,1,0,observed
49,2023W02,2023-01-14,1,43,tx,Texas,763.0,1,0,observed
50,2023W03,2023-01-21,2,43,tx,Texas,490.0,1,0,observed
51,2023W04,2023-01-28,3,43,tx,Texas,347.0,1,0,observed
52,2023W05,2023-02-04,4,43,tx,Texas,281.0,1,0,observed
53,2023W06,2023-02-11,5,43,tx,Texas,270.0,1,0,observed
54,2023W07,2023-02-18,6,43,tx,Texas,241.0,1,0,observed
55,2023W08,2023-02-25,7,43,tx,Texas,208.0,1,0,observed
56,2023W09,2023-03-04,8,43,tx,Texas,171.0,1,0,observed
57,2023W10,2023-03-11,9,43,tx,Texas,157.0,1,0,observed
58,2023W11,2023-03-18,10,43,tx,Texas,159.0,1,0,observed
59,2023W12,2023-03-25,11,43,tx,Texas,131.0,1,0,observed
60,2023W13,2023-04-01,12,43,tx,Texas,156.0,1,0,observed
61,2023W14,2023-04-08,13,43,tx,Texas,128.0,1,0,observed
62,2023W15,2023-04-15,14,43,tx,Texas,126.0,1,0,observed
63,2023W16,2023-04-22,15,43,tx,Texas,100.0,1,0,observed
64,2023W17,2023-04-29,16,43,tx,Texas,110.0,1,0,observed
65,2023W18,2023-05-06,17,43,tx,Texas,197.0,1,0,observed
66,2023W19,2023-05-13,18,43,tx,Texas,98.0,1,0,observed
67,2023W20,2023-05-20,19,43,tx,Texas,97.0,1,0,observed
68,2023W21,2023-05-27,20,43,tx,Texas,106.0,1,0,observed
69,2023W22,2023-06-03,21,43,tx,Texas,83.0,1,0,observed
70,2023W23,2023-06-10,22,43,tx,Texas,75.0,1,0,observed
71,2023W24,2023-06-17,23,43,tx,Texas,100.0,1,0,observed
72,2023W25,2023-06-24,24,43,tx,Texas,109.0,1,0,observed
73,2023W26,2023-07-01,25,43,tx,Texas,87.0,1,0,observed
74,2023W27,2023-07-08,26,43,tx,Texas,79.0,1,0,observed
75,2023W28,2023-07-15,27,43,tx,Texas,96.0,1,0,observed
76,2023W29,2023-07-22,28,43,tx,Texas,86.0,1,0,observed
77,2023W30,2023-07-29,29,43,tx,Texas,90.0,1,0,observed
78,2023W31,2023-08-05,30,43,tx,Texas,109.0,1,0,observed
79,2023W32,2023-08-12,31,43,tx,Texas,118.0,1,0,observed
80,2023W33,2023-08-19,32,43,tx,Texas,122.0,1,0,observed
81,2023W34,2023-08-26,33,43,tx,Texas,110.0,1,0,observed
82,2023W35,2023-09-02,34,43,tx,Texas,126.0,1,0,observed
83,2023W36,2023-09-09,35,43,tx,Texas,109.0,1,0,observed
84,2023W37,2023-09-16,36,43,tx,Texas,128.0,1,0,observed
85,2023W38,2023-09-23,37,43,tx,Texas,102.0,1,0,observed
86,2023W39,2023-09-30,38,43,tx,Texas,118.0,1,0,observed
87,2023W40,2023-10-07,39,43,tx,Texas,119.0,1,0,observed
88,2023W41,2023-10-14,40,43,tx,Texas,167.0,1,0,observed
89,2023W42,2023-10-21,41,43,tx,Texas,242.0,1,0,observed
90,2023W43,2023-10-28,42,43,tx,Texas,245.0,1,0,observed
91,2023W44,2023-11-04,43,43,tx,Texas,346.0,1,0,observed
92,2023W45,2023-11-11,44,43,tx,Texas,427.0,1,0,observed
93,2023W46,2023-11-18,45,43,tx,Texas,428.0,1,0,observed
94,2023W47,2023-11-25,46,43,tx,Texas,534.0,1,0,observed
95,2023W48,2023-12-02,47,43,tx,Texas,699.0,1,0,observed
96,2023W49,2023-12-09,48,43,tx,Texas,829.0,1,0,observed
97,2023W50,2023-12-16,49,43,tx,Texas,1155.0,1,0,observed
98,2023W51,2023-12-23,50,43,tx,Texas,1597.0,1,0,observed
99,2023W52,2023-12-30,51,43,tx,Texas,1975.0,1,0,observed
100,2024W01,2024-01-06,0,43,tx,Texas,2093.0,1,0,observed
101,2024W02,2024-01-13,1,43,tx,Texas,1964.0,1,0,observed
102,2024W03,2024-01-20,2,43,tx,Texas,1682.0,1,0,observed
103,2024W04,2024-01-27,3,43,tx,Texas,1868.0,1,0,observed
104,2024W05,2024-02-03,4,43,tx,Texas,1869.0,1,0,observed
105,2024W06,2024-02-10,5,43,tx,Texas,1500.0,1,0,observed
106,2024W07,2024-02-17,6,43,tx,Texas,1125.0,1,0,observed
107,2024W08,2024-02-24,7,43,tx,Texas,995.0,1,0,observed
108,2024W09,2024-03-02,8,43,tx,Texas,811.0,1,0,observed
109,2024W10,2024-03-09,9,43,tx,Texas,637.0,1,0,observed
110,2024W11,2024-03-16,10,43,tx,Texas,538.0,1,0,observed
111,2024W12,2024-03-23,11,43,tx,Texas,398.0,1,0,observed
112,2024W13,2024-03-30,12,43,tx,Texas,360.0,1,0,observed
113,2024W14,2024-04-06,13,43,tx,Texas,308.0,1,0,observed
114,2024W15,2024-04-13,14,43,tx,Texas,275.0,1,0,observed
115,2024W16,2024-04-20,15,43,tx,Texas,255.0,1,0,observed
116,2024W17,2024-04-27,16,43,tx,Texas,171.0,1,0,observed
117,2024W18,2024-05-04,17,43,tx,Texas,89.0,1,0,observed
118,2024W19,2024-05-11,18,43,tx,Texas,1.0,1,0,observed
119,2024W20,2024-05-18,19,43,tx,Texas,0.0,1,0,observed
120,2024W21,2024-05-25,20,43,tx,Texas,2.0,1,0,observed
121,2024W22,2024-06-01,21,43,tx,Texas,0.0,1,0,observed
122,2024W23,2024-06-08,22,43,tx,Texas,1.0,1,0,observed
123,2024W24,2024-06-15,23,43,tx,Texas,0.0,1,0,observed
124,2024W25,2024-06-22,24,43,tx,Texas,1.0,1,0,observed
125,2024W26,2024-06-29,25,43,tx,Texas,0.0,1,0,observed
126,2024W27,2024-07-06,26,43,tx,Texas,2.0,1,0,observed
127,2024W28,2024-07-13,27,43,tx,Texas,1.0,1,0,observed
128,2024W29,2024-07-20,28,43,tx,Texas,4.0,1,0,observed
129,2024W30,2024-07-27,29,43,tx,Texas,0.0,1,0,observed
130,2024W31,2024-08-03,30,43,tx,Texas,2.0,1,0,observed
131,2024W32,2024-08-10,31,43,tx,Texas,3.0,1,0,observed
132,2024W33,2024-08-17,32,43,tx,Texas,2.0,1,0,observed
133,2024W34,2024-08-24,33,43,tx,Texas,2.0,1,0,observed
134,2024W35,2024-08-31,34,43,tx,Texas,2.0,1,0,observed
135,2024W36,2024-09-07,35,43,tx,Texas,1.0,1,0,observed
136,2024W37,2024-09-14,36,43,tx,Texas,1.0,1,0,observed
137,2024W38,2024-09-21,37,43,tx,Texas,1.0,1,0,observed
138,2024W39,2024-09-28,38,43,tx,Texas,1.0,1,0,observed
139,2024W40,2024-10-05,39,43,tx,Texas,1.0,1,0,observed
140,2024W41,2024-10-12,40,43,tx,Texas,79.0,1,0,observed
141,2024W42,2024-10-19,41,43,tx,Texas,46.0,1,0,observed
142,2024W43,2024-10-26,42,43,tx,Texas,63.0,1,0,observed
143,2024W44,2024-11-02,43,43,tx,Texas,103.0,1,0,observed
144,2024W45,2024-11-09,44,43,tx,Texas,185.0,1,0,observed
145,2024W46,2024-11-16,45,43,tx,Texas,227.0,1,0,observed
146,2024W47,2024-11-23,46,43,tx,Texas,276.0,1,0,observed
147,2024W48,2024-11-30,47,43,tx,Texas,405.0,1,0,observed
148,2024W49,2024-12-07,48,43,tx,Texas,530.0,1,0,observed
149,2024W50,2024-12-14,49,43,tx,Texas,705.0,1,0,observed
150,2024W51,2024-12-21,50,43,tx,Texas,1181.0,1,0,observed
151,2024W52,2024-12-28,51,43,tx,Texas,2086.0,1,0,observed
152,2025W01,2025-01-04,0,43,tx,Texas,2527.0,1,0,observed
153,2025W02,2025-01-11,1,43,tx,Texas,2054.0,1,0,observed
154,2025W03,2025-01-18,2,43,tx,Texas,2445.0,1,0,observed
155,2025W04,2025-01-25,3,43,tx,Texas,3319.0,1,0,observed
156,2025W05,2025-02-01,4,43,tx,Texas,4729.0,1,0,observed
157,2025W06,2025-02-08,5,43,tx,Texas,4261.0,1,0,observed
158,2025W07,2025-02-15,6,43,tx,Texas,2511.0,1,0,observed
159,2025W08,2025-02-22,7,43,tx,Texas,1774.0,1,0,observed
160,2025W09,2025-03-01,8,43,tx,Texas,1553.0,1,0,observed
161,2025W10,2025-03-08,9,43,tx,Texas,1209.0,1,0,observed
162,2025W11,2025-03-15,10,43,tx,Texas,909.0,1,0,observed
163,2025W12,2025-03-22,11,43,tx,Texas,611.0,1,0,observed
164,2025W13,2025-03-29,12,43,tx,Texas,539.0,1,0,observed
165,2025W14,2025-04-05,13,43,tx,Texas,371.0,1,0,observed
166,2025W15,2025-04-12,14,43,tx,Texas,284.0,1,0,observed
167,2025W16,2025-04-19,15,43,tx,Texas,271.0,1,0,observed
168,2025W17,2025-04-26,16,43,tx,Texas,230.0,1,0,observed
169,2025W18,2025-05-03,17,43,tx,Texas,193.0,1,0,observed
170,2025W19,2025-05-10,18,43,tx,Texas,176.0,1,0,observed
171,2025W20,2025-05-17,19,43,tx,Texas,203.0,1,0,observed
172,2025W21,2025-05-24,20,43,tx,Texas,143.0,1,0,observed
173,2025W22,2025-05-31,21,43,tx,Texas,165.0,1,0,observed
174,2025W23,2025-06-07,22,43,tx,Texas,147.0,1,0,observed
175,2025W24,2025-06-14,23,43,tx,Texas,135.0,1,0,observed
176,2025W25,2025-06-21,24,43,tx,Texas,121.0,1,0,observed
177,2025W26,2025-06-28,25,43,tx,Texas,105.0,1,0,observed
178,2025W27,2025-07-05,26,43,tx,Texas,80.0,1,0,observed
179,2025W28,2025-07-12,27,43,tx,Texas,89.0,1,0,observed
180,2025W29,2025-07-19,28,43,tx,Texas,82.0,1,0,observed
181,2025W30,2025-07-26,29,43,tx,Texas,90.0,1,0,observed
182,2025W31,2025-08-02,30,43,tx,Texas,85.0,1,0,observed
183,2025W32,2025-08-09,31,43,tx,Texas,80.0,1,0,observed
184,2025W33,2025-08-16,32,43,tx,Texas,91.0,1,0,observed
185,2025W34,2025-08-23,33,43,tx,Texas,92.0,1,0,observed
186,2025W35,2025-08-30,34,43,tx,Texas,105.0,1,0,observed
187,2025W36,2025-09-06,35,43,tx,Texas,124.0,1,0,observed
188,2025W37,2025-09-13,36,43,tx,Texas,117.0,1,0,observed
189,2025W38,2025-09-20,37,43,tx,Texas,106.0,1,0,observed
190,2025W39,2025-09-27,38,43,tx,Texas,133.0,1,0,observed
191,2025W40,2025-10-04,39,43,tx,Texas,101.0,1,0,observed
192,2025W41,2025-10-11,40,43,tx,Texas,131.0,1,0,observed
193,2025W42,2025-10-18,41,43,tx,Texas,135.0,1,0,observed
194,2025W43,2025-10-25,42,43,tx,Texas,139.0,1,0,observed
195,2025W44,2025-11-01,43,43,tx,Texas,169.0,1,0,observed
196,2025W45,2025-11-08,44,43,tx,Texas,232.0,1,0,observed
197,2025W46,2025-11-15,45,43,tx,Texas,295.0,1,0,observed
198,2025W47,2025-11-22,46,43,tx,Texas,442.0,1,0,observed
199,2025W48,2025-11-29,47,43,tx,Texas,591.0,1,0,observed
200,2025W49,2025-12-06,48,43,tx,Texas,690.0,1,0,observed
201,2025W50,2025-12-13,49,43,tx,Texas,959.0,1,0,observed
202,2025W51,2025-12-20,50,43,tx,Texas,1677.0,1,0,observed
203,2025W52,2025-12-27,51,43,tx,Texas,2834.0,1,0,observed
204,2026W01,2026-01-03,0,43,tx,Texas,2385.0,1,0,observed
205,2026W02,2026-01-10,1,43,tx,Texas,1829.0,1,0,observed
206,2026W03,2026-01-17,2,43,tx,Texas,1208.0,1,0,observed
207,2026W04,2026-01-24,3,43,tx,Texas,1375.0,1,0,observed
208,2026W05,2026-01-31,4,43,tx,Texas,1315.0,1,0,observed
209,2026W06,2026-02-07,5,43,tx,Texas,1387.0,1,0,observed
210,2026W07,2026-02-14,6,43,tx,Texas,1342.0,1,0,observed
211,2026W08,2026-02-21,7,43,tx,Texas,1037.0,1,0,observed
212,2026W09,2026-02-28,8,43,tx,Texas,779.0,1,0,observed
213,2026W10,2026-03-07,9,43,tx,Texas,721.0,1,0,observed
214,2026W11,2026-03-14,10,43,tx,Texas,431.0,1,0,observed
215,2026W12,2026-03-21,11,43,tx,Texas,410.0,1,0,observed
216,2026W13,2026-03-28,12,43,tx,Texas,242.0,1,0,observed
217,2026W14,2026-04-04,13,43,tx,Texas,174.0,1,0,observed
218,2026W15,2026-04-11,14,43,tx,Texas,124.0,1,0,observed
219,2026W16,2026-04-18,15,43,tx,Texas,110.0,1,0,observed
0,2022W05,2022-02-05,4,44,ut,Utah,4.0,1,0,observed
1,2022W06,2022-02-12,5,44,ut,Utah,3.0,1,0,observed
2,2022W07,2022-02-19,6,44,ut,Utah,3.0,1,0,observed
3,2022W08,2022-02-26,7,44,ut,Utah,5.0,1,0,observed
4,2022W09,2022-03-05,8,44,ut,Utah,9.0,1,0,observed
5,2022W10,2022-03-12,9,44,ut,Utah,12.0,1,0,observed
6,2022W11,2022-03-19,10,44,ut,Utah,17.0,1,0,observed
7,2022W12,2022-03-26,11,44,ut,Utah,6.0,1,0,observed
8,2022W13,2022-04-02,12,44,ut,Utah,17.0,1,0,observed
9,2022W14,2022-04-09,13,44,ut,Utah,14.0,1,0,observed
10,2022W15,2022-04-16,14,44,ut,Utah,16.0,1,0,observed
11,2022W16,2022-04-23,15,44,ut,Utah,9.0,1,0,observed
12,2022W17,2022-04-30,16,44,ut,Utah,1.0,1,0,observed
13,2022W18,2022-05-07,17,44,ut,Utah,12.0,1,0,observed
14,2022W19,2022-05-14,18,44,ut,Utah,10.0,1,0,observed
15,2022W20,2022-05-21,19,44,ut,Utah,7.0,1,0,observed
16,2022W21,2022-05-28,20,44,ut,Utah,1.0,1,0,observed
17,2022W22,2022-06-04,21,44,ut,Utah,5.0,1,0,observed
18,2022W23,2022-06-11,22,44,ut,Utah,3.0,1,0,observed
19,2022W24,2022-06-18,23,44,ut,Utah,1.0,1,0,observed
20,2022W25,2022-06-25,24,44,ut,Utah,3.0,1,0,observed
21,2022W26,2022-07-02,25,44,ut,Utah,5.0,1,0,observed
22,2022W27,2022-07-09,26,44,ut,Utah,0.0,1,0,observed
23,2022W28,2022-07-16,27,44,ut,Utah,0.0,1,0,observed
24,2022W29,2022-07-23,28,44,ut,Utah,0.0,1,0,observed
25,2022W30,2022-07-30,29,44,ut,Utah,1.0,1,0,observed
26,2022W31,2022-08-06,30,44,ut,Utah,0.0,1,0,observed
27,2022W32,2022-08-13,31,44,ut,Utah,0.0,1,0,observed
28,2022W33,2022-08-20,32,44,ut,Utah,1.0,1,0,observed
29,2022W34,2022-08-27,33,44,ut,Utah,0.0,1,0,observed
30,2022W35,2022-09-03,34,44,ut,Utah,1.0,1,0,observed
31,2022W36,2022-09-10,35,44,ut,Utah,1.0,1,0,observed
32,2022W37,2022-09-17,36,44,ut,Utah,0.0,1,0,observed
33,2022W38,2022-09-24,37,44,ut,Utah,1.0,1,0,observed
34,2022W39,2022-10-01,38,44,ut,Utah,0.0,1,0,observed
35,2022W40,2022-10-08,39,44,ut,Utah,0.0,1,0,observed
36,2022W41,2022-10-15,40,44,ut,Utah,3.0,1,0,observed
37,2022W42,2022-10-22,41,44,ut,Utah,6.0,1,0,observed
38,2022W43,2022-10-29,42,44,ut,Utah,12.0,1,0,observed
39,2022W44,2022-11-05,43,44,ut,Utah,6.0,1,0,observed
40,2022W45,2022-11-12,44,44,ut,Utah,12.0,1,0,observed
41,2022W46,2022-11-19,45,44,ut,Utah,8.0,1,0,observed
42,2022W47,2022-11-26,46,44,ut,Utah,29.0,1,0,observed
43,2022W48,2022-12-03,47,44,ut,Utah,34.0,1,0,observed
44,2022W49,2022-12-10,48,44,ut,Utah,60.0,1,0,observed
45,2022W50,2022-12-17,49,44,ut,Utah,41.0,1,0,observed
46,2022W51,2022-12-24,50,44,ut,Utah,63.0,1,0,observed
47,2022W52,2022-12-31,51,44,ut,Utah,83.0,1,0,observed
48,2023W01,2023-01-07,0,44,ut,Utah,66.0,1,0,observed
49,2023W02,2023-01-14,1,44,ut,Utah,22.0,1,0,observed
50,2023W03,2023-01-21,2,44,ut,Utah,22.0,1,0,observed
51,2023W04,2023-01-28,3,44,ut,Utah,7.0,1,0,observed
52,2023W05,2023-02-04,4,44,ut,Utah,7.0,1,0,observed
53,2023W06,2023-02-11,5,44,ut,Utah,7.0,1,0,observed
54,2023W07,2023-02-18,6,44,ut,Utah,12.0,1,0,observed
55,2023W08,2023-02-25,7,44,ut,Utah,4.0,1,0,observed
56,2023W09,2023-03-04,8,44,ut,Utah,3.0,1,0,observed
57,2023W10,2023-03-11,9,44,ut,Utah,7.0,1,0,observed
58,2023W11,2023-03-18,10,44,ut,Utah,3.0,1,0,observed
59,2023W12,2023-03-25,11,44,ut,Utah,3.0,1,0,observed
60,2023W13,2023-04-01,12,44,ut,Utah,3.0,1,0,observed
61,2023W14,2023-04-08,13,44,ut,Utah,6.0,1,0,observed
62,2023W15,2023-04-15,14,44,ut,Utah,3.0,1,0,observed
63,2023W16,2023-04-22,15,44,ut,Utah,6.0,1,0,observed
64,2023W17,2023-04-29,16,44,ut,Utah,0.0,1,0,observed
65,2023W18,2023-05-06,17,44,ut,Utah,4.0,1,0,observed
66,2023W19,2023-05-13,18,44,ut,Utah,6.0,1,0,observed
67,2023W20,2023-05-20,19,44,ut,Utah,4.0,1,0,observed
68,2023W21,2023-05-27,20,44,ut,Utah,5.0,1,0,observed
69,2023W22,2023-06-03,21,44,ut,Utah,1.0,1,0,observed
70,2023W23,2023-06-10,22,44,ut,Utah,1.0,1,0,observed
71,2023W24,2023-06-17,23,44,ut,Utah,4.0,1,0,observed
72,2023W25,2023-06-24,24,44,ut,Utah,3.0,1,0,observed
73,2023W26,2023-07-01,25,44,ut,Utah,3.0,1,0,observed
74,2023W27,2023-07-08,26,44,ut,Utah,1.0,1,0,observed
75,2023W28,2023-07-15,27,44,ut,Utah,3.0,1,0,observed
76,2023W29,2023-07-22,28,44,ut,Utah,0.0,1,0,observed
77,2023W30,2023-07-29,29,44,ut,Utah,1.0,1,0,observed
78,2023W31,2023-08-05,30,44,ut,Utah,1.0,1,0,observed
79,2023W32,2023-08-12,31,44,ut,Utah,1.0,1,0,observed
80,2023W33,2023-08-19,32,44,ut,Utah,0.0,1,0,observed
81,2023W34,2023-08-26,33,44,ut,Utah,0.0,1,0,observed
82,2023W35,2023-09-02,34,44,ut,Utah,1.0,1,0,observed
83,2023W36,2023-09-09,35,44,ut,Utah,2.0,1,0,observed
84,2023W37,2023-09-16,36,44,ut,Utah,3.0,1,0,observed
85,2023W38,2023-09-23,37,44,ut,Utah,2.0,1,0,observed
86,2023W39,2023-09-30,38,44,ut,Utah,4.0,1,0,observed
87,2023W40,2023-10-07,39,44,ut,Utah,4.0,1,0,observed
88,2023W41,2023-10-14,40,44,ut,Utah,3.0,1,0,observed
89,2023W42,2023-10-21,41,44,ut,Utah,9.0,1,0,observed
90,2023W43,2023-10-28,42,44,ut,Utah,5.0,1,0,observed
91,2023W44,2023-11-04,43,44,ut,Utah,9.0,1,0,observed
92,2023W45,2023-11-11,44,44,ut,Utah,5.0,1,0,observed
93,2023W46,2023-11-18,45,44,ut,Utah,7.0,1,0,observed
94,2023W47,2023-11-25,46,44,ut,Utah,10.0,1,0,observed
95,2023W48,2023-12-02,47,44,ut,Utah,17.0,1,0,observed
96,2023W49,2023-12-09,48,44,ut,Utah,17.0,1,0,observed
97,2023W50,2023-12-16,49,44,ut,Utah,24.0,1,0,observed
98,2023W51,2023-12-23,50,44,ut,Utah,58.0,1,0,observed
99,2023W52,2023-12-30,51,44,ut,Utah,80.0,1,0,observed
100,2024W01,2024-01-06,0,44,ut,Utah,63.0,1,0,observed
101,2024W02,2024-01-13,1,44,ut,Utah,47.0,1,0,observed
102,2024W03,2024-01-20,2,44,ut,Utah,28.0,1,0,observed
103,2024W04,2024-01-27,3,44,ut,Utah,38.0,1,0,observed
104,2024W05,2024-02-03,4,44,ut,Utah,28.0,1,0,observed
105,2024W06,2024-02-10,5,44,ut,Utah,16.0,1,0,observed
106,2024W07,2024-02-17,6,44,ut,Utah,19.0,1,0,observed
107,2024W08,2024-02-24,7,44,ut,Utah,9.0,1,0,observed
108,2024W09,2024-03-02,8,44,ut,Utah,17.0,1,0,observed
109,2024W10,2024-03-09,9,44,ut,Utah,14.0,1,0,observed
110,2024W11,2024-03-16,10,44,ut,Utah,13.0,1,0,observed
111,2024W12,2024-03-23,11,44,ut,Utah,11.0,1,0,observed
112,2024W13,2024-03-30,12,44,ut,Utah,11.0,1,0,observed
113,2024W14,2024-04-06,13,44,ut,Utah,5.0,1,0,observed
114,2024W15,2024-04-13,14,44,ut,Utah,1.0,1,0,observed
115,2024W16,2024-04-20,15,44,ut,Utah,3.0,1,0,observed
116,2024W17,2024-04-27,16,44,ut,Utah,6.0,1,0,observed
117,2024W18,2024-05-04,17,44,ut,Utah,2.0,1,0,observed
118,2024W19,2024-05-11,18,44,ut,Utah,3.0,1,0,observed
119,2024W20,2024-05-18,19,44,ut,Utah,0.0,1,0,observed
120,2024W21,2024-05-25,20,44,ut,Utah,0.0,1,0,observed
121,2024W22,2024-06-01,21,44,ut,Utah,0.0,1,0,observed
122,2024W23,2024-06-08,22,44,ut,Utah,0.0,1,0,observed
123,2024W24,2024-06-15,23,44,ut,Utah,0.0,1,0,observed
124,2024W25,2024-06-22,24,44,ut,Utah,0.0,1,0,observed
125,2024W26,2024-06-29,25,44,ut,Utah,0.0,1,0,observed
126,2024W27,2024-07-06,26,44,ut,Utah,0.0,1,0,observed
127,2024W28,2024-07-13,27,44,ut,Utah,0.0,1,0,observed
128,2024W29,2024-07-20,28,44,ut,Utah,0.0,1,0,observed
129,2024W30,2024-07-27,29,44,ut,Utah,0.0,1,0,observed
130,2024W31,2024-08-03,30,44,ut,Utah,0.0,1,0,observed
131,2024W32,2024-08-10,31,44,ut,Utah,0.0,1,0,observed
132,2024W33,2024-08-17,32,44,ut,Utah,0.0,1,0,observed
133,2024W34,2024-08-24,33,44,ut,Utah,0.0,1,0,observed
134,2024W35,2024-08-31,34,44,ut,Utah,0.0,1,0,observed
135,2024W36,2024-09-07,35,44,ut,Utah,0.0,1,0,observed
136,2024W37,2024-09-14,36,44,ut,Utah,0.0,1,0,observed
137,2024W38,2024-09-21,37,44,ut,Utah,0.0,1,0,observed
138,2024W39,2024-09-28,38,44,ut,Utah,0.0,1,0,observed
139,2024W40,2024-10-05,39,44,ut,Utah,0.0,1,0,observed
140,2024W41,2024-10-12,40,44,ut,Utah,0.0,1,0,observed
141,2024W42,2024-10-19,41,44,ut,Utah,1.0,1,0,observed
142,2024W43,2024-10-26,42,44,ut,Utah,5.0,1,0,observed
143,2024W44,2024-11-02,43,44,ut,Utah,2.0,1,0,observed
144,2024W45,2024-11-09,44,44,ut,Utah,7.0,1,0,observed
145,2024W46,2024-11-16,45,44,ut,Utah,10.0,1,0,observed
146,2024W47,2024-11-23,46,44,ut,Utah,20.0,1,0,observed
147,2024W48,2024-11-30,47,44,ut,Utah,20.0,1,0,observed
148,2024W49,2024-12-07,48,44,ut,Utah,64.0,1,0,observed
149,2024W50,2024-12-14,49,44,ut,Utah,90.0,1,0,observed
150,2024W51,2024-12-21,50,44,ut,Utah,163.0,1,0,observed
151,2024W52,2024-12-28,51,44,ut,Utah,295.0,1,0,observed
152,2025W01,2025-01-04,0,44,ut,Utah,388.0,1,0,observed
153,2025W02,2025-01-11,1,44,ut,Utah,256.0,1,0,observed
154,2025W03,2025-01-18,2,44,ut,Utah,199.0,1,0,observed
155,2025W04,2025-01-25,3,44,ut,Utah,185.0,1,0,observed
156,2025W05,2025-02-01,4,44,ut,Utah,195.0,1,0,observed
157,2025W06,2025-02-08,5,44,ut,Utah,218.0,1,0,observed
158,2025W07,2025-02-15,6,44,ut,Utah,203.0,1,0,observed
159,2025W08,2025-02-22,7,44,ut,Utah,183.0,1,0,observed
160,2025W09,2025-03-01,8,44,ut,Utah,123.0,1,0,observed
161,2025W10,2025-03-08,9,44,ut,Utah,127.0,1,0,observed
162,2025W11,2025-03-15,10,44,ut,Utah,102.0,1,0,observed
163,2025W12,2025-03-22,11,44,ut,Utah,76.0,1,0,observed
164,2025W13,2025-03-29,12,44,ut,Utah,54.0,1,0,observed
165,2025W14,2025-04-05,13,44,ut,Utah,54.0,1,0,observed
166,2025W15,2025-04-12,14,44,ut,Utah,33.0,1,0,observed
167,2025W16,2025-04-19,15,44,ut,Utah,27.0,1,0,observed
168,2025W17,2025-04-26,16,44,ut,Utah,19.0,1,0,observed
169,2025W18,2025-05-03,17,44,ut,Utah,17.0,1,0,observed
170,2025W19,2025-05-10,18,44,ut,Utah,14.0,1,0,observed
171,2025W20,2025-05-17,19,44,ut,Utah,12.0,1,0,observed
172,2025W21,2025-05-24,20,44,ut,Utah,14.0,1,0,observed
173,2025W22,2025-05-31,21,44,ut,Utah,13.0,1,0,observed
174,2025W23,2025-06-07,22,44,ut,Utah,7.0,1,0,observed
175,2025W24,2025-06-14,23,44,ut,Utah,9.0,1,0,observed
176,2025W25,2025-06-21,24,44,ut,Utah,1.0,1,0,observed
177,2025W26,2025-06-28,25,44,ut,Utah,3.0,1,0,observed
178,2025W27,2025-07-05,26,44,ut,Utah,6.0,1,0,observed
179,2025W28,2025-07-12,27,44,ut,Utah,7.0,1,0,observed
180,2025W29,2025-07-19,28,44,ut,Utah,4.0,1,0,observed
181,2025W30,2025-07-26,29,44,ut,Utah,4.0,1,0,observed
182,2025W31,2025-08-02,30,44,ut,Utah,1.0,1,0,observed
183,2025W32,2025-08-09,31,44,ut,Utah,8.0,1,0,observed
184,2025W33,2025-08-16,32,44,ut,Utah,3.0,1,0,observed
185,2025W34,2025-08-23,33,44,ut,Utah,3.0,1,0,observed
186,2025W35,2025-08-30,34,44,ut,Utah,4.0,1,0,observed
187,2025W36,2025-09-06,35,44,ut,Utah,2.0,1,0,observed
188,2025W37,2025-09-13,36,44,ut,Utah,4.0,1,0,observed
189,2025W38,2025-09-20,37,44,ut,Utah,1.0,1,0,observed
190,2025W39,2025-09-27,38,44,ut,Utah,2.0,1,0,observed
191,2025W40,2025-10-04,39,44,ut,Utah,2.0,1,0,observed
192,2025W41,2025-10-11,40,44,ut,Utah,1.0,1,0,observed
193,2025W42,2025-10-18,41,44,ut,Utah,2.0,1,0,observed
194,2025W43,2025-10-25,42,44,ut,Utah,1.0,1,0,observed
195,2025W44,2025-11-01,43,44,ut,Utah,1.0,1,0,observed
196,2025W45,2025-11-08,44,44,ut,Utah,2.0,1,0,observed
197,2025W46,2025-11-15,45,44,ut,Utah,11.0,1,0,observed
198,2025W47,2025-11-22,46,44,ut,Utah,15.0,1,0,observed
199,2025W48,2025-11-29,47,44,ut,Utah,32.0,1,0,observed
200,2025W49,2025-12-06,48,44,ut,Utah,47.0,1,0,observed
201,2025W50,2025-12-13,49,44,ut,Utah,64.0,1,0,observed
202,2025W51,2025-12-20,50,44,ut,Utah,130.0,1,0,observed
203,2025W52,2025-12-27,51,44,ut,Utah,234.0,1,0,observed
204,2026W01,2026-01-03,0,44,ut,Utah,262.0,1,0,observed
205,2026W02,2026-01-10,1,44,ut,Utah,160.0,1,0,observed
206,2026W03,2026-01-17,2,44,ut,Utah,95.0,1,0,observed
207,2026W04,2026-01-24,3,44,ut,Utah,77.0,1,0,observed
208,2026W05,2026-01-31,4,44,ut,Utah,66.0,1,0,observed
209,2026W06,2026-02-07,5,44,ut,Utah,91.0,1,0,observed
210,2026W07,2026-02-14,6,44,ut,Utah,74.0,1,0,observed
211,2026W08,2026-02-21,7,44,ut,Utah,65.0,1,0,observed
212,2026W09,2026-02-28,8,44,ut,Utah,43.0,1,0,observed
213,2026W10,2026-03-07,9,44,ut,Utah,19.0,1,0,observed
214,2026W11,2026-03-14,10,44,ut,Utah,19.0,1,0,observed
215,2026W12,2026-03-21,11,44,ut,Utah,49.0,1,0,observed
216,2026W13,2026-03-28,12,44,ut,Utah,8.0,1,0,observed
217,2026W14,2026-04-04,13,44,ut,Utah,3.0,1,0,observed
218,2026W15,2026-04-11,14,44,ut,Utah,6.0,1,0,observed
219,2026W16,2026-04-18,15,44,ut,Utah,5.0,1,0,observed
0,2022W05,2022-02-05,4,45,vt,Vermont,0.0,1,0,observed
1,2022W06,2022-02-12,5,45,vt,Vermont,0.0,1,0,observed
2,2022W07,2022-02-19,6,45,vt,Vermont,0.0,1,0,observed
3,2022W08,2022-02-26,7,45,vt,Vermont,1.0,1,0,observed
4,2022W09,2022-03-05,8,45,vt,Vermont,0.0,1,0,observed
5,2022W10,2022-03-12,9,45,vt,Vermont,0.0,1,0,observed
6,2022W11,2022-03-19,10,45,vt,Vermont,0.0,1,0,observed
7,2022W12,2022-03-26,11,45,vt,Vermont,8.0,1,0,observed
8,2022W13,2022-04-02,12,45,vt,Vermont,9.0,1,0,observed
9,2022W14,2022-04-09,13,45,vt,Vermont,14.0,1,0,observed
10,2022W15,2022-04-16,14,45,vt,Vermont,12.0,1,0,observed
11,2022W16,2022-04-23,15,45,vt,Vermont,12.0,1,0,observed
12,2022W17,2022-04-30,16,45,vt,Vermont,6.0,1,0,observed
13,2022W18,2022-05-07,17,45,vt,Vermont,7.0,1,0,observed
14,2022W19,2022-05-14,18,45,vt,Vermont,3.0,1,0,observed
15,2022W20,2022-05-21,19,45,vt,Vermont,0.0,1,0,observed
16,2022W21,2022-05-28,20,45,vt,Vermont,2.0,1,0,observed
17,2022W22,2022-06-04,21,45,vt,Vermont,0.0,1,0,observed
18,2022W23,2022-06-11,22,45,vt,Vermont,5.0,1,0,observed
19,2022W24,2022-06-18,23,45,vt,Vermont,2.0,1,0,observed
20,2022W25,2022-06-25,24,45,vt,Vermont,0.0,1,0,observed
21,2022W26,2022-07-02,25,45,vt,Vermont,3.0,1,0,observed
22,2022W27,2022-07-09,26,45,vt,Vermont,1.0,1,0,observed
23,2022W28,2022-07-16,27,45,vt,Vermont,1.0,1,0,observed
24,2022W29,2022-07-23,28,45,vt,Vermont,0.0,1,0,observed
25,2022W30,2022-07-30,29,45,vt,Vermont,0.0,1,0,observed
26,2022W31,2022-08-06,30,45,vt,Vermont,0.0,1,0,observed
27,2022W32,2022-08-13,31,45,vt,Vermont,0.0,1,0,observed
28,2022W33,2022-08-20,32,45,vt,Vermont,0.0,1,0,observed
29,2022W34,2022-08-27,33,45,vt,Vermont,0.0,1,0,observed
30,2022W35,2022-09-03,34,45,vt,Vermont,1.0,1,0,observed
31,2022W36,2022-09-10,35,45,vt,Vermont,0.0,1,0,observed
32,2022W37,2022-09-17,36,45,vt,Vermont,0.0,1,0,observed
33,2022W38,2022-09-24,37,45,vt,Vermont,0.0,1,0,observed
34,2022W39,2022-10-01,38,45,vt,Vermont,0.0,1,0,observed
35,2022W40,2022-10-08,39,45,vt,Vermont,1.0,1,0,observed
36,2022W41,2022-10-15,40,45,vt,Vermont,0.0,1,0,observed
37,2022W42,2022-10-22,41,45,vt,Vermont,0.0,1,0,observed
38,2022W43,2022-10-29,42,45,vt,Vermont,1.0,1,0,observed
39,2022W44,2022-11-05,43,45,vt,Vermont,0.0,1,0,observed
40,2022W45,2022-11-12,44,45,vt,Vermont,1.0,1,0,observed
41,2022W46,2022-11-19,45,45,vt,Vermont,2.0,1,0,observed
42,2022W47,2022-11-26,46,45,vt,Vermont,13.0,1,0,observed
43,2022W48,2022-12-03,47,45,vt,Vermont,31.0,1,0,observed
44,2022W49,2022-12-10,48,45,vt,Vermont,45.0,1,0,observed
45,2022W50,2022-12-17,49,45,vt,Vermont,56.0,1,0,observed
46,2022W51,2022-12-24,50,45,vt,Vermont,64.0,1,0,observed
47,2022W52,2022-12-31,51,45,vt,Vermont,81.0,1,0,observed
48,2023W01,2023-01-07,0,45,vt,Vermont,51.0,1,0,observed
49,2023W02,2023-01-14,1,45,vt,Vermont,12.0,1,0,observed
50,2023W03,2023-01-21,2,45,vt,Vermont,10.0,1,0,observed
51,2023W04,2023-01-28,3,45,vt,Vermont,5.0,1,0,observed
52,2023W05,2023-02-04,4,45,vt,Vermont,3.0,1,0,observed
53,2023W06,2023-02-11,5,45,vt,Vermont,0.0,1,0,observed
54,2023W07,2023-02-18,6,45,vt,Vermont,2.0,1,0,observed
55,2023W08,2023-02-25,7,45,vt,Vermont,2.0,1,0,observed
56,2023W09,2023-03-04,8,45,vt,Vermont,1.0,1,0,observed
57,2023W10,2023-03-11,9,45,vt,Vermont,5.0,1,0,observed
58,2023W11,2023-03-18,10,45,vt,Vermont,2.0,1,0,observed
59,2023W12,2023-03-25,11,45,vt,Vermont,4.0,1,0,observed
60,2023W13,2023-04-01,12,45,vt,Vermont,0.0,1,0,observed
61,2023W14,2023-04-08,13,45,vt,Vermont,0.0,1,0,observed
62,2023W15,2023-04-15,14,45,vt,Vermont,1.0,1,0,observed
63,2023W16,2023-04-22,15,45,vt,Vermont,0.0,1,0,observed
64,2023W17,2023-04-29,16,45,vt,Vermont,2.0,1,0,observed
65,2023W18,2023-05-06,17,45,vt,Vermont,0.0,1,0,observed
66,2023W19,2023-05-13,18,45,vt,Vermont,0.0,1,0,observed
67,2023W20,2023-05-20,19,45,vt,Vermont,2.0,1,0,observed
68,2023W21,2023-05-27,20,45,vt,Vermont,0.0,1,0,observed
69,2023W22,2023-06-03,21,45,vt,Vermont,0.0,1,0,observed
70,2023W23,2023-06-10,22,45,vt,Vermont,0.0,1,0,observed
71,2023W24,2023-06-17,23,45,vt,Vermont,0.0,1,0,observed
72,2023W25,2023-06-24,24,45,vt,Vermont,0.0,1,0,observed
73,2023W26,2023-07-01,25,45,vt,Vermont,1.0,1,0,observed
74,2023W27,2023-07-08,26,45,vt,Vermont,0.0,1,0,observed
75,2023W28,2023-07-15,27,45,vt,Vermont,0.0,1,0,observed
76,2023W29,2023-07-22,28,45,vt,Vermont,0.0,1,0,observed
77,2023W30,2023-07-29,29,45,vt,Vermont,0.0,1,0,observed
78,2023W31,2023-08-05,30,45,vt,Vermont,0.0,1,0,observed
79,2023W32,2023-08-12,31,45,vt,Vermont,0.0,1,0,observed
80,2023W33,2023-08-19,32,45,vt,Vermont,0.0,1,0,observed
81,2023W34,2023-08-26,33,45,vt,Vermont,0.0,1,0,observed
82,2023W35,2023-09-02,34,45,vt,Vermont,0.0,1,0,observed
83,2023W36,2023-09-09,35,45,vt,Vermont,1.0,1,0,observed
84,2023W37,2023-09-16,36,45,vt,Vermont,0.0,1,0,observed
85,2023W38,2023-09-23,37,45,vt,Vermont,1.0,1,0,observed
86,2023W39,2023-09-30,38,45,vt,Vermont,1.0,1,0,observed
87,2023W40,2023-10-07,39,45,vt,Vermont,0.0,1,0,observed
88,2023W41,2023-10-14,40,45,vt,Vermont,0.0,1,0,observed
89,2023W42,2023-10-21,41,45,vt,Vermont,2.0,1,0,observed
90,2023W43,2023-10-28,42,45,vt,Vermont,0.0,1,0,observed
91,2023W44,2023-11-04,43,45,vt,Vermont,0.0,1,0,observed
92,2023W45,2023-11-11,44,45,vt,Vermont,2.0,1,0,observed
93,2023W46,2023-11-18,45,45,vt,Vermont,5.0,1,0,observed
94,2023W47,2023-11-25,46,45,vt,Vermont,3.0,1,0,observed
95,2023W48,2023-12-02,47,45,vt,Vermont,3.0,1,0,observed
96,2023W49,2023-12-09,48,45,vt,Vermont,8.0,1,0,observed
97,2023W50,2023-12-16,49,45,vt,Vermont,8.0,1,0,observed
98,2023W51,2023-12-23,50,45,vt,Vermont,12.0,1,0,observed
99,2023W52,2023-12-30,51,45,vt,Vermont,19.0,1,0,observed
100,2024W01,2024-01-06,0,45,vt,Vermont,15.0,1,0,observed
101,2024W02,2024-01-13,1,45,vt,Vermont,24.0,1,0,observed
102,2024W03,2024-01-20,2,45,vt,Vermont,26.0,1,0,observed
103,2024W04,2024-01-27,3,45,vt,Vermont,21.0,1,0,observed
104,2024W05,2024-02-03,4,45,vt,Vermont,18.0,1,0,observed
105,2024W06,2024-02-10,5,45,vt,Vermont,20.0,1,0,observed
106,2024W07,2024-02-17,6,45,vt,Vermont,21.0,1,0,observed
107,2024W08,2024-02-24,7,45,vt,Vermont,26.0,1,0,observed
108,2024W09,2024-03-02,8,45,vt,Vermont,30.0,1,0,observed
109,2024W10,2024-03-09,9,45,vt,Vermont,29.0,1,0,observed
110,2024W11,2024-03-16,10,45,vt,Vermont,24.0,1,0,observed
111,2024W12,2024-03-23,11,45,vt,Vermont,18.0,1,0,observed
112,2024W13,2024-03-30,12,45,vt,Vermont,15.0,1,0,observed
113,2024W14,2024-04-06,13,45,vt,Vermont,9.0,1,0,observed
114,2024W15,2024-04-13,14,45,vt,Vermont,16.0,1,0,observed
115,2024W16,2024-04-20,15,45,vt,Vermont,10.0,1,0,observed
116,2024W17,2024-04-27,16,45,vt,Vermont,6.0,1,0,observed
117,2024W18,2024-05-04,17,45,vt,Vermont,4.0,1,0,observed
118,2024W19,2024-05-11,18,45,vt,Vermont,0.0,1,0,observed
119,2024W20,2024-05-18,19,45,vt,Vermont,0.0,1,0,observed
120,2024W21,2024-05-25,20,45,vt,Vermont,1.0,1,0,observed
121,2024W22,2024-06-01,21,45,vt,Vermont,1.0,1,0,observed
122,2024W23,2024-06-08,22,45,vt,Vermont,0.0,1,0,observed
123,2024W24,2024-06-15,23,45,vt,Vermont,0.0,1,0,observed
124,2024W25,2024-06-22,24,45,vt,Vermont,0.0,1,0,observed
125,2024W26,2024-06-29,25,45,vt,Vermont,0.0,1,0,observed
126,2024W27,2024-07-06,26,45,vt,Vermont,0.0,1,0,observed
127,2024W28,2024-07-13,27,45,vt,Vermont,0.0,1,0,observed
128,2024W29,2024-07-20,28,45,vt,Vermont,0.0,1,0,observed
129,2024W30,2024-07-27,29,45,vt,Vermont,0.0,1,0,observed
130,2024W31,2024-08-03,30,45,vt,Vermont,0.0,1,0,observed
131,2024W32,2024-08-10,31,45,vt,Vermont,0.0,1,0,observed
132,2024W33,2024-08-17,32,45,vt,Vermont,0.0,1,0,observed
133,2024W34,2024-08-24,33,45,vt,Vermont,0.0,1,0,observed
134,2024W35,2024-08-31,34,45,vt,Vermont,0.0,1,0,observed
135,2024W36,2024-09-07,35,45,vt,Vermont,0.0,1,0,observed
136,2024W37,2024-09-14,36,45,vt,Vermont,0.0,1,0,observed
137,2024W38,2024-09-21,37,45,vt,Vermont,0.0,1,0,observed
138,2024W39,2024-09-28,38,45,vt,Vermont,0.0,1,0,observed
139,2024W40,2024-10-05,39,45,vt,Vermont,0.0,1,0,observed
140,2024W41,2024-10-12,40,45,vt,Vermont,0.0,1,0,observed
141,2024W42,2024-10-19,41,45,vt,Vermont,1.0,1,0,observed
142,2024W43,2024-10-26,42,45,vt,Vermont,0.0,1,0,observed
143,2024W44,2024-11-02,43,45,vt,Vermont,0.0,1,0,observed
144,2024W45,2024-11-09,44,45,vt,Vermont,0.0,1,0,observed
145,2024W46,2024-11-16,45,45,vt,Vermont,3.0,1,0,observed
146,2024W47,2024-11-23,46,45,vt,Vermont,0.0,1,0,observed
147,2024W48,2024-11-30,47,45,vt,Vermont,3.0,1,0,observed
148,2024W49,2024-12-07,48,45,vt,Vermont,0.0,1,0,observed
149,2024W50,2024-12-14,49,45,vt,Vermont,8.0,1,0,observed
150,2024W51,2024-12-21,50,45,vt,Vermont,8.0,1,0,observed
151,2024W52,2024-12-28,51,45,vt,Vermont,19.0,1,0,observed
152,2025W01,2025-01-04,0,45,vt,Vermont,35.0,1,0,observed
153,2025W02,2025-01-11,1,45,vt,Vermont,35.0,1,0,observed
154,2025W03,2025-01-18,2,45,vt,Vermont,41.0,1,0,observed
155,2025W04,2025-01-25,3,45,vt,Vermont,58.0,1,0,observed
156,2025W05,2025-02-01,4,45,vt,Vermont,84.0,1,0,observed
157,2025W06,2025-02-08,5,45,vt,Vermont,134.0,1,0,observed
158,2025W07,2025-02-15,6,45,vt,Vermont,115.0,1,0,observed
159,2025W08,2025-02-22,7,45,vt,Vermont,107.0,1,0,observed
160,2025W09,2025-03-01,8,45,vt,Vermont,65.0,1,0,observed
161,2025W10,2025-03-08,9,45,vt,Vermont,43.0,1,0,observed
162,2025W11,2025-03-15,10,45,vt,Vermont,32.0,1,0,observed
163,2025W12,2025-03-22,11,45,vt,Vermont,34.0,1,0,observed
164,2025W13,2025-03-29,12,45,vt,Vermont,26.0,1,0,observed
165,2025W14,2025-04-05,13,45,vt,Vermont,28.0,1,0,observed
166,2025W15,2025-04-12,14,45,vt,Vermont,8.0,1,0,observed
167,2025W16,2025-04-19,15,45,vt,Vermont,12.0,1,0,observed
168,2025W17,2025-04-26,16,45,vt,Vermont,13.0,1,0,observed
169,2025W18,2025-05-03,17,45,vt,Vermont,3.0,1,0,observed
170,2025W19,2025-05-10,18,45,vt,Vermont,1.0,1,0,observed
171,2025W20,2025-05-17,19,45,vt,Vermont,2.0,1,0,observed
172,2025W21,2025-05-24,20,45,vt,Vermont,1.0,1,0,observed
173,2025W22,2025-05-31,21,45,vt,Vermont,1.0,1,0,observed
174,2025W23,2025-06-07,22,45,vt,Vermont,0.0,1,0,observed
175,2025W24,2025-06-14,23,45,vt,Vermont,0.0,1,0,observed
176,2025W25,2025-06-21,24,45,vt,Vermont,0.0,1,0,observed
177,2025W26,2025-06-28,25,45,vt,Vermont,0.0,1,0,observed
178,2025W27,2025-07-05,26,45,vt,Vermont,0.0,1,0,observed
179,2025W28,2025-07-12,27,45,vt,Vermont,0.0,1,0,observed
180,2025W29,2025-07-19,28,45,vt,Vermont,0.0,1,0,observed
181,2025W30,2025-07-26,29,45,vt,Vermont,0.0,1,0,observed
182,2025W31,2025-08-02,30,45,vt,Vermont,0.0,1,0,observed
183,2025W32,2025-08-09,31,45,vt,Vermont,0.0,1,0,observed
184,2025W33,2025-08-16,32,45,vt,Vermont,0.0,1,0,observed
185,2025W34,2025-08-23,33,45,vt,Vermont,0.0,1,0,observed
186,2025W35,2025-08-30,34,45,vt,Vermont,1.0,1,0,observed
187,2025W36,2025-09-06,35,45,vt,Vermont,0.0,1,0,observed
188,2025W37,2025-09-13,36,45,vt,Vermont,1.0,1,0,observed
189,2025W38,2025-09-20,37,45,vt,Vermont,0.0,1,0,observed
190,2025W39,2025-09-27,38,45,vt,Vermont,0.0,1,0,observed
191,2025W40,2025-10-04,39,45,vt,Vermont,0.0,1,0,observed
192,2025W41,2025-10-11,40,45,vt,Vermont,0.0,1,0,observed
193,2025W42,2025-10-18,41,45,vt,Vermont,0.0,1,0,observed
194,2025W43,2025-10-25,42,45,vt,Vermont,1.0,1,0,observed
195,2025W44,2025-11-01,43,45,vt,Vermont,0.0,1,0,observed
196,2025W45,2025-11-08,44,45,vt,Vermont,4.0,1,0,observed
197,2025W46,2025-11-15,45,45,vt,Vermont,3.0,1,0,observed
198,2025W47,2025-11-22,46,45,vt,Vermont,0.0,1,0,observed
199,2025W48,2025-11-29,47,45,vt,Vermont,0.0,1,0,observed
200,2025W49,2025-12-06,48,45,vt,Vermont,5.0,1,0,observed
201,2025W50,2025-12-13,49,45,vt,Vermont,9.0,1,0,observed
202,2025W51,2025-12-20,50,45,vt,Vermont,13.0,1,0,observed
203,2025W52,2025-12-27,51,45,vt,Vermont,43.0,1,0,observed
204,2026W01,2026-01-03,0,45,vt,Vermont,58.0,1,0,observed
205,2026W02,2026-01-10,1,45,vt,Vermont,48.0,1,0,observed
206,2026W03,2026-01-17,2,45,vt,Vermont,34.0,1,0,observed
207,2026W04,2026-01-24,3,45,vt,Vermont,28.0,1,0,observed
208,2026W05,2026-01-31,4,45,vt,Vermont,27.0,1,0,observed
209,2026W06,2026-02-07,5,45,vt,Vermont,27.0,1,0,observed
210,2026W07,2026-02-14,6,45,vt,Vermont,19.0,1,0,observed
211,2026W08,2026-02-21,7,45,vt,Vermont,18.0,1,0,observed
212,2026W09,2026-02-28,8,45,vt,Vermont,11.0,1,0,observed
213,2026W10,2026-03-07,9,45,vt,Vermont,15.0,1,0,observed
214,2026W11,2026-03-14,10,45,vt,Vermont,11.0,1,0,observed
215,2026W12,2026-03-21,11,45,vt,Vermont,5.0,1,0,observed
216,2026W13,2026-03-28,12,45,vt,Vermont,3.0,1,0,observed
217,2026W14,2026-04-04,13,45,vt,Vermont,7.0,1,0,observed
218,2026W15,2026-04-11,14,45,vt,Vermont,3.0,1,0,observed
219,2026W16,2026-04-18,15,45,vt,Vermont,3.0,1,0,observed
0,2022W05,2022-02-05,4,46,va,Virginia,38.0,1,0,observed
1,2022W06,2022-02-12,5,46,va,Virginia,34.0,1,0,observed
2,2022W07,2022-02-19,6,46,va,Virginia,31.0,1,0,observed
3,2022W08,2022-02-26,7,46,va,Virginia,27.0,1,0,observed
4,2022W09,2022-03-05,8,46,va,Virginia,27.0,1,0,observed
5,2022W10,2022-03-12,9,46,va,Virginia,18.0,1,0,observed
6,2022W11,2022-03-19,10,46,va,Virginia,32.0,1,0,observed
7,2022W12,2022-03-26,11,46,va,Virginia,35.0,1,0,observed
8,2022W13,2022-04-02,12,46,va,Virginia,39.0,1,0,observed
9,2022W14,2022-04-09,13,46,va,Virginia,35.0,1,0,observed
10,2022W15,2022-04-16,14,46,va,Virginia,51.0,1,0,observed
11,2022W16,2022-04-23,15,46,va,Virginia,42.0,1,0,observed
12,2022W17,2022-04-30,16,46,va,Virginia,57.0,1,0,observed
13,2022W18,2022-05-07,17,46,va,Virginia,44.0,1,0,observed
14,2022W19,2022-05-14,18,46,va,Virginia,41.0,1,0,observed
15,2022W20,2022-05-21,19,46,va,Virginia,35.0,1,0,observed
16,2022W21,2022-05-28,20,46,va,Virginia,35.0,1,0,observed
17,2022W22,2022-06-04,21,46,va,Virginia,41.0,1,0,observed
18,2022W23,2022-06-11,22,46,va,Virginia,40.0,1,0,observed
19,2022W24,2022-06-18,23,46,va,Virginia,29.0,1,0,observed
20,2022W25,2022-06-25,24,46,va,Virginia,35.0,1,0,observed
21,2022W26,2022-07-02,25,46,va,Virginia,39.0,1,0,observed
22,2022W27,2022-07-09,26,46,va,Virginia,20.0,1,0,observed
23,2022W28,2022-07-16,27,46,va,Virginia,19.0,1,0,observed
24,2022W29,2022-07-23,28,46,va,Virginia,33.0,1,0,observed
25,2022W30,2022-07-30,29,46,va,Virginia,27.0,1,0,observed
26,2022W31,2022-08-06,30,46,va,Virginia,15.0,1,0,observed
27,2022W32,2022-08-13,31,46,va,Virginia,28.0,1,0,observed
28,2022W33,2022-08-20,32,46,va,Virginia,16.0,1,0,observed
29,2022W34,2022-08-27,33,46,va,Virginia,14.0,1,0,observed
30,2022W35,2022-09-03,34,46,va,Virginia,24.0,1,0,observed
31,2022W36,2022-09-10,35,46,va,Virginia,20.0,1,0,observed
32,2022W37,2022-09-17,36,46,va,Virginia,27.0,1,0,observed
33,2022W38,2022-09-24,37,46,va,Virginia,16.0,1,0,observed
34,2022W39,2022-10-01,38,46,va,Virginia,29.0,1,0,observed
35,2022W40,2022-10-08,39,46,va,Virginia,48.0,1,0,observed
36,2022W41,2022-10-15,40,46,va,Virginia,53.0,1,0,observed
37,2022W42,2022-10-22,41,46,va,Virginia,77.0,1,0,observed
38,2022W43,2022-10-29,42,46,va,Virginia,172.0,1,0,observed
39,2022W44,2022-11-05,43,46,va,Virginia,307.0,1,0,observed
40,2022W45,2022-11-12,44,46,va,Virginia,339.0,1,0,observed
41,2022W46,2022-11-19,45,46,va,Virginia,262.0,1,0,observed
42,2022W47,2022-11-26,46,46,va,Virginia,380.0,1,0,observed
43,2022W48,2022-12-03,47,46,va,Virginia,495.0,1,0,observed
44,2022W49,2022-12-10,48,46,va,Virginia,368.0,1,0,observed
45,2022W50,2022-12-17,49,46,va,Virginia,286.0,1,0,observed
46,2022W51,2022-12-24,50,46,va,Virginia,269.0,1,0,observed
47,2022W52,2022-12-31,51,46,va,Virginia,279.0,1,0,observed
48,2023W01,2023-01-07,0,46,va,Virginia,233.0,1,0,observed
49,2023W02,2023-01-14,1,46,va,Virginia,119.0,1,0,observed
50,2023W03,2023-01-21,2,46,va,Virginia,72.0,1,0,observed
51,2023W04,2023-01-28,3,46,va,Virginia,60.0,1,0,observed
52,2023W05,2023-02-04,4,46,va,Virginia,62.0,1,0,observed
53,2023W06,2023-02-11,5,46,va,Virginia,64.0,1,0,observed
54,2023W07,2023-02-18,6,46,va,Virginia,57.0,1,0,observed
55,2023W08,2023-02-25,7,46,va,Virginia,61.0,1,0,observed
56,2023W09,2023-03-04,8,46,va,Virginia,57.0,1,0,observed
57,2023W10,2023-03-11,9,46,va,Virginia,40.0,1,0,observed
58,2023W11,2023-03-18,10,46,va,Virginia,60.0,1,0,observed
59,2023W12,2023-03-25,11,46,va,Virginia,50.0,1,0,observed
60,2023W13,2023-04-01,12,46,va,Virginia,50.0,1,0,observed
61,2023W14,2023-04-08,13,46,va,Virginia,54.0,1,0,observed
62,2023W15,2023-04-15,14,46,va,Virginia,35.0,1,0,observed
63,2023W16,2023-04-22,15,46,va,Virginia,45.0,1,0,observed
64,2023W17,2023-04-29,16,46,va,Virginia,31.0,1,0,observed
65,2023W18,2023-05-06,17,46,va,Virginia,52.0,1,0,observed
66,2023W19,2023-05-13,18,46,va,Virginia,44.0,1,0,observed
67,2023W20,2023-05-20,19,46,va,Virginia,35.0,1,0,observed
68,2023W21,2023-05-27,20,46,va,Virginia,50.0,1,0,observed
69,2023W22,2023-06-03,21,46,va,Virginia,36.0,1,0,observed
70,2023W23,2023-06-10,22,46,va,Virginia,27.0,1,0,observed
71,2023W24,2023-06-17,23,46,va,Virginia,27.0,1,0,observed
72,2023W25,2023-06-24,24,46,va,Virginia,22.0,1,0,observed
73,2023W26,2023-07-01,25,46,va,Virginia,39.0,1,0,observed
74,2023W27,2023-07-08,26,46,va,Virginia,39.0,1,0,observed
75,2023W28,2023-07-15,27,46,va,Virginia,30.0,1,0,observed
76,2023W29,2023-07-22,28,46,va,Virginia,22.0,1,0,observed
77,2023W30,2023-07-29,29,46,va,Virginia,19.0,1,0,observed
78,2023W31,2023-08-05,30,46,va,Virginia,31.0,1,0,observed
79,2023W32,2023-08-12,31,46,va,Virginia,32.0,1,0,observed
80,2023W33,2023-08-19,32,46,va,Virginia,35.0,1,0,observed
81,2023W34,2023-08-26,33,46,va,Virginia,28.0,1,0,observed
82,2023W35,2023-09-02,34,46,va,Virginia,30.0,1,0,observed
83,2023W36,2023-09-09,35,46,va,Virginia,40.0,1,0,observed
84,2023W37,2023-09-16,36,46,va,Virginia,31.0,1,0,observed
85,2023W38,2023-09-23,37,46,va,Virginia,40.0,1,0,observed
86,2023W39,2023-09-30,38,46,va,Virginia,54.0,1,0,observed
87,2023W40,2023-10-07,39,46,va,Virginia,49.0,1,0,observed
88,2023W41,2023-10-14,40,46,va,Virginia,54.0,1,0,observed
89,2023W42,2023-10-21,41,46,va,Virginia,72.0,1,0,observed
90,2023W43,2023-10-28,42,46,va,Virginia,61.0,1,0,observed
91,2023W44,2023-11-04,43,46,va,Virginia,51.0,1,0,observed
92,2023W45,2023-11-11,44,46,va,Virginia,92.0,1,0,observed
93,2023W46,2023-11-18,45,46,va,Virginia,100.0,1,0,observed
94,2023W47,2023-11-25,46,46,va,Virginia,115.0,1,0,observed
95,2023W48,2023-12-02,47,46,va,Virginia,143.0,1,0,observed
96,2023W49,2023-12-09,48,46,va,Virginia,157.0,1,0,observed
97,2023W50,2023-12-16,49,46,va,Virginia,229.0,1,0,observed
98,2023W51,2023-12-23,50,46,va,Virginia,419.0,1,0,observed
99,2023W52,2023-12-30,51,46,va,Virginia,731.0,1,0,observed
100,2024W01,2024-01-06,0,46,va,Virginia,538.0,1,0,observed
101,2024W02,2024-01-13,1,46,va,Virginia,381.0,1,0,observed
102,2024W03,2024-01-20,2,46,va,Virginia,302.0,1,0,observed
103,2024W04,2024-01-27,3,46,va,Virginia,262.0,1,0,observed
104,2024W05,2024-02-03,4,46,va,Virginia,184.0,1,0,observed
105,2024W06,2024-02-10,5,46,va,Virginia,174.0,1,0,observed
106,2024W07,2024-02-17,6,46,va,Virginia,195.0,1,0,observed
107,2024W08,2024-02-24,7,46,va,Virginia,207.0,1,0,observed
108,2024W09,2024-03-02,8,46,va,Virginia,219.0,1,0,observed
109,2024W10,2024-03-09,9,46,va,Virginia,196.0,1,0,observed
110,2024W11,2024-03-16,10,46,va,Virginia,134.0,1,0,observed
111,2024W12,2024-03-23,11,46,va,Virginia,135.0,1,0,observed
112,2024W13,2024-03-30,12,46,va,Virginia,111.0,1,0,observed
113,2024W14,2024-04-06,13,46,va,Virginia,157.0,1,0,observed
114,2024W15,2024-04-13,14,46,va,Virginia,110.0,1,0,observed
115,2024W16,2024-04-20,15,46,va,Virginia,79.0,1,0,observed
116,2024W17,2024-04-27,16,46,va,Virginia,58.0,1,0,observed
117,2024W18,2024-05-04,17,46,va,Virginia,58.0,1,0,observed
118,2024W19,2024-05-11,18,46,va,Virginia,39.0,1,0,observed
119,2024W20,2024-05-18,19,46,va,Virginia,39.0,1,0,observed
120,2024W21,2024-05-25,20,46,va,Virginia,32.0,1,0,observed
121,2024W22,2024-06-01,21,46,va,Virginia,45.0,1,0,observed
122,2024W23,2024-06-08,22,46,va,Virginia,24.0,1,0,observed
123,2024W24,2024-06-15,23,46,va,Virginia,40.0,1,0,observed
124,2024W25,2024-06-22,24,46,va,Virginia,25.0,1,0,observed
125,2024W26,2024-06-29,25,46,va,Virginia,20.0,1,0,observed
126,2024W27,2024-07-06,26,46,va,Virginia,18.0,1,0,observed
127,2024W28,2024-07-13,27,46,va,Virginia,25.0,1,0,observed
128,2024W29,2024-07-20,28,46,va,Virginia,16.0,1,0,observed
129,2024W30,2024-07-27,29,46,va,Virginia,20.0,1,0,observed
130,2024W31,2024-08-03,30,46,va,Virginia,11.0,1,0,observed
131,2024W32,2024-08-10,31,46,va,Virginia,24.0,1,0,observed
132,2024W33,2024-08-17,32,46,va,Virginia,14.0,1,0,observed
133,2024W34,2024-08-24,33,46,va,Virginia,14.0,1,0,observed
134,2024W35,2024-08-31,34,46,va,Virginia,19.0,1,0,observed
135,2024W36,2024-09-07,35,46,va,Virginia,15.0,1,0,observed
136,2024W37,2024-09-14,36,46,va,Virginia,24.0,1,0,observed
137,2024W38,2024-09-21,37,46,va,Virginia,4.0,1,0,observed
138,2024W39,2024-09-28,38,46,va,Virginia,4.0,1,0,observed
139,2024W40,2024-10-05,39,46,va,Virginia,6.0,1,0,observed
140,2024W41,2024-10-12,40,46,va,Virginia,19.0,1,0,observed
141,2024W42,2024-10-19,41,46,va,Virginia,15.0,1,0,observed
142,2024W43,2024-10-26,42,46,va,Virginia,10.0,1,0,observed
143,2024W44,2024-11-02,43,46,va,Virginia,16.0,1,0,observed
144,2024W45,2024-11-09,44,46,va,Virginia,26.0,1,0,observed
145,2024W46,2024-11-16,45,46,va,Virginia,26.0,1,0,observed
146,2024W47,2024-11-23,46,46,va,Virginia,35.0,1,0,observed
147,2024W48,2024-11-30,47,46,va,Virginia,46.0,1,0,observed
148,2024W49,2024-12-07,48,46,va,Virginia,69.0,1,0,observed
149,2024W50,2024-12-14,49,46,va,Virginia,140.0,1,0,observed
150,2024W51,2024-12-21,50,46,va,Virginia,192.0,1,0,observed
151,2024W52,2024-12-28,51,46,va,Virginia,374.0,1,0,observed
152,2025W01,2025-01-04,0,46,va,Virginia,669.0,1,0,observed
153,2025W02,2025-01-11,1,46,va,Virginia,464.0,1,0,observed
154,2025W03,2025-01-18,2,46,va,Virginia,493.0,1,0,observed
155,2025W04,2025-01-25,3,46,va,Virginia,685.0,1,0,observed
156,2025W05,2025-02-01,4,46,va,Virginia,1083.0,1,0,observed
157,2025W06,2025-02-08,5,46,va,Virginia,1315.0,1,0,observed
158,2025W07,2025-02-15,6,46,va,Virginia,1190.0,1,0,observed
159,2025W08,2025-02-22,7,46,va,Virginia,909.0,1,0,observed
160,2025W09,2025-03-01,8,46,va,Virginia,727.0,1,0,observed
161,2025W10,2025-03-08,9,46,va,Virginia,556.0,1,0,observed
162,2025W11,2025-03-15,10,46,va,Virginia,514.0,1,0,observed
163,2025W12,2025-03-22,11,46,va,Virginia,339.0,1,0,observed
164,2025W13,2025-03-29,12,46,va,Virginia,213.0,1,0,observed
165,2025W14,2025-04-05,13,46,va,Virginia,153.0,1,0,observed
166,2025W15,2025-04-12,14,46,va,Virginia,93.0,1,0,observed
167,2025W16,2025-04-19,15,46,va,Virginia,56.0,1,0,observed
168,2025W17,2025-04-26,16,46,va,Virginia,54.0,1,0,observed
169,2025W18,2025-05-03,17,46,va,Virginia,40.0,1,0,observed
170,2025W19,2025-05-10,18,46,va,Virginia,35.0,1,0,observed
171,2025W20,2025-05-17,19,46,va,Virginia,16.0,1,0,observed
172,2025W21,2025-05-24,20,46,va,Virginia,33.0,1,0,observed
173,2025W22,2025-05-31,21,46,va,Virginia,27.0,1,0,observed
174,2025W23,2025-06-07,22,46,va,Virginia,20.0,1,0,observed
175,2025W24,2025-06-14,23,46,va,Virginia,19.0,1,0,observed
176,2025W25,2025-06-21,24,46,va,Virginia,11.0,1,0,observed
177,2025W26,2025-06-28,25,46,va,Virginia,12.0,1,0,observed
178,2025W27,2025-07-05,26,46,va,Virginia,14.0,1,0,observed
179,2025W28,2025-07-12,27,46,va,Virginia,10.0,1,0,observed
180,2025W29,2025-07-19,28,46,va,Virginia,5.0,1,0,observed
181,2025W30,2025-07-26,29,46,va,Virginia,12.0,1,0,observed
182,2025W31,2025-08-02,30,46,va,Virginia,10.0,1,0,observed
183,2025W32,2025-08-09,31,46,va,Virginia,10.0,1,0,observed
184,2025W33,2025-08-16,32,46,va,Virginia,9.0,1,0,observed
185,2025W34,2025-08-23,33,46,va,Virginia,8.0,1,0,observed
186,2025W35,2025-08-30,34,46,va,Virginia,9.0,1,0,observed
187,2025W36,2025-09-06,35,46,va,Virginia,12.0,1,0,observed
188,2025W37,2025-09-13,36,46,va,Virginia,12.0,1,0,observed
189,2025W38,2025-09-20,37,46,va,Virginia,12.0,1,0,observed
190,2025W39,2025-09-27,38,46,va,Virginia,15.0,1,0,observed
191,2025W40,2025-10-04,39,46,va,Virginia,15.0,1,0,observed
192,2025W41,2025-10-11,40,46,va,Virginia,18.0,1,0,observed
193,2025W42,2025-10-18,41,46,va,Virginia,13.0,1,0,observed
194,2025W43,2025-10-25,42,46,va,Virginia,12.0,1,0,observed
195,2025W44,2025-11-01,43,46,va,Virginia,15.0,1,0,observed
196,2025W45,2025-11-08,44,46,va,Virginia,30.0,1,0,observed
197,2025W46,2025-11-15,45,46,va,Virginia,34.0,1,0,observed
198,2025W47,2025-11-22,46,46,va,Virginia,62.0,1,0,observed
199,2025W48,2025-11-29,47,46,va,Virginia,99.0,1,0,observed
200,2025W49,2025-12-06,48,46,va,Virginia,167.0,1,0,observed
201,2025W50,2025-12-13,49,46,va,Virginia,195.0,1,0,observed
202,2025W51,2025-12-20,50,46,va,Virginia,357.0,1,0,observed
203,2025W52,2025-12-27,51,46,va,Virginia,843.0,1,0,observed
204,2026W01,2026-01-03,0,46,va,Virginia,1141.0,1,0,observed
205,2026W02,2026-01-10,1,46,va,Virginia,862.0,1,0,observed
206,2026W03,2026-01-17,2,46,va,Virginia,461.0,1,0,observed
207,2026W04,2026-01-24,3,46,va,Virginia,449.0,1,0,observed
208,2026W05,2026-01-31,4,46,va,Virginia,381.0,1,0,observed
209,2026W06,2026-02-07,5,46,va,Virginia,279.0,1,0,observed
210,2026W07,2026-02-14,6,46,va,Virginia,215.0,1,0,observed
211,2026W08,2026-02-21,7,46,va,Virginia,284.0,1,0,observed
212,2026W09,2026-02-28,8,46,va,Virginia,209.0,1,0,observed
213,2026W10,2026-03-07,9,46,va,Virginia,187.0,1,0,observed
214,2026W11,2026-03-14,10,46,va,Virginia,122.0,1,0,observed
215,2026W12,2026-03-21,11,46,va,Virginia,89.0,1,0,observed
216,2026W13,2026-03-28,12,46,va,Virginia,29.0,1,0,observed
217,2026W14,2026-04-04,13,46,va,Virginia,26.0,1,0,observed
218,2026W15,2026-04-11,14,46,va,Virginia,21.0,1,0,observed
219,2026W16,2026-04-18,15,46,va,Virginia,12.0,1,0,observed
0,2022W05,2022-02-05,4,47,wa,Washington,7.0,1,0,observed
1,2022W06,2022-02-12,5,47,wa,Washington,8.0,1,0,observed
2,2022W07,2022-02-19,6,47,wa,Washington,6.0,1,0,observed
3,2022W08,2022-02-26,7,47,wa,Washington,5.0,1,0,observed
4,2022W09,2022-03-05,8,47,wa,Washington,13.0,1,0,observed
5,2022W10,2022-03-12,9,47,wa,Washington,12.0,1,0,observed
6,2022W11,2022-03-19,10,47,wa,Washington,21.0,1,0,observed
7,2022W12,2022-03-26,11,47,wa,Washington,24.0,1,0,observed
8,2022W13,2022-04-02,12,47,wa,Washington,20.0,1,0,observed
9,2022W14,2022-04-09,13,47,wa,Washington,24.0,1,0,observed
10,2022W15,2022-04-16,14,47,wa,Washington,32.0,1,0,observed
11,2022W16,2022-04-23,15,47,wa,Washington,34.0,1,0,observed
12,2022W17,2022-04-30,16,47,wa,Washington,42.0,1,0,observed
13,2022W18,2022-05-07,17,47,wa,Washington,60.0,1,0,observed
14,2022W19,2022-05-14,18,47,wa,Washington,57.0,1,0,observed
15,2022W20,2022-05-21,19,47,wa,Washington,60.0,1,0,observed
16,2022W21,2022-05-28,20,47,wa,Washington,67.0,1,0,observed
17,2022W22,2022-06-04,21,47,wa,Washington,65.0,1,0,observed
18,2022W23,2022-06-11,22,47,wa,Washington,57.0,1,0,observed
19,2022W24,2022-06-18,23,47,wa,Washington,44.0,1,0,observed
20,2022W25,2022-06-25,24,47,wa,Washington,64.0,1,0,observed
21,2022W26,2022-07-02,25,47,wa,Washington,55.0,1,0,observed
22,2022W27,2022-07-09,26,47,wa,Washington,31.0,1,0,observed
23,2022W28,2022-07-16,27,47,wa,Washington,30.0,1,0,observed
24,2022W29,2022-07-23,28,47,wa,Washington,23.0,1,0,observed
25,2022W30,2022-07-30,29,47,wa,Washington,13.0,1,0,observed
26,2022W31,2022-08-06,30,47,wa,Washington,17.0,1,0,observed
27,2022W32,2022-08-13,31,47,wa,Washington,15.0,1,0,observed
28,2022W33,2022-08-20,32,47,wa,Washington,12.0,1,0,observed
29,2022W34,2022-08-27,33,47,wa,Washington,7.0,1,0,observed
30,2022W35,2022-09-03,34,47,wa,Washington,17.0,1,0,observed
31,2022W36,2022-09-10,35,47,wa,Washington,10.0,1,0,observed
32,2022W37,2022-09-17,36,47,wa,Washington,16.0,1,0,observed
33,2022W38,2022-09-24,37,47,wa,Washington,7.0,1,0,observed
34,2022W39,2022-10-01,38,47,wa,Washington,11.0,1,0,observed
35,2022W40,2022-10-08,39,47,wa,Washington,15.0,1,0,observed
36,2022W41,2022-10-15,40,47,wa,Washington,13.0,1,0,observed
37,2022W42,2022-10-22,41,47,wa,Washington,21.0,1,0,observed
38,2022W43,2022-10-29,42,47,wa,Washington,33.0,1,0,observed
39,2022W44,2022-11-05,43,47,wa,Washington,43.0,1,0,observed
40,2022W45,2022-11-12,44,47,wa,Washington,89.0,1,0,observed
41,2022W46,2022-11-19,45,47,wa,Washington,239.0,1,0,observed
42,2022W47,2022-11-26,46,47,wa,Washington,536.0,1,0,observed
43,2022W48,2022-12-03,47,47,wa,Washington,732.0,1,0,observed
44,2022W49,2022-12-10,48,47,wa,Washington,681.0,1,0,observed
45,2022W50,2022-12-17,49,47,wa,Washington,740.0,1,0,observed
46,2022W51,2022-12-24,50,47,wa,Washington,404.0,1,0,observed
47,2022W52,2022-12-31,51,47,wa,Washington,384.0,1,0,observed
48,2023W01,2023-01-07,0,47,wa,Washington,231.0,1,0,observed
49,2023W02,2023-01-14,1,47,wa,Washington,144.0,1,0,observed
50,2023W03,2023-01-21,2,47,wa,Washington,86.0,1,0,observed
51,2023W04,2023-01-28,3,47,wa,Washington,66.0,1,0,observed
52,2023W05,2023-02-04,4,47,wa,Washington,42.0,1,0,observed
53,2023W06,2023-02-11,5,47,wa,Washington,47.0,1,0,observed
54,2023W07,2023-02-18,6,47,wa,Washington,31.0,1,0,observed
55,2023W08,2023-02-25,7,47,wa,Washington,38.0,1,0,observed
56,2023W09,2023-03-04,8,47,wa,Washington,58.0,1,0,observed
57,2023W10,2023-03-11,9,47,wa,Washington,47.0,1,0,observed
58,2023W11,2023-03-18,10,47,wa,Washington,28.0,1,0,observed
59,2023W12,2023-03-25,11,47,wa,Washington,28.0,1,0,observed
60,2023W13,2023-04-01,12,47,wa,Washington,32.0,1,0,observed
61,2023W14,2023-04-08,13,47,wa,Washington,26.0,1,0,observed
62,2023W15,2023-04-15,14,47,wa,Washington,27.0,1,0,observed
63,2023W16,2023-04-22,15,47,wa,Washington,18.0,1,0,observed
64,2023W17,2023-04-29,16,47,wa,Washington,14.0,1,0,observed
65,2023W18,2023-05-06,17,47,wa,Washington,13.0,1,0,observed
66,2023W19,2023-05-13,18,47,wa,Washington,10.0,1,0,observed
67,2023W20,2023-05-20,19,47,wa,Washington,13.0,1,0,observed
68,2023W21,2023-05-27,20,47,wa,Washington,15.0,1,0,observed
69,2023W22,2023-06-03,21,47,wa,Washington,17.0,1,0,observed
70,2023W23,2023-06-10,22,47,wa,Washington,28.0,1,0,observed
71,2023W24,2023-06-17,23,47,wa,Washington,19.0,1,0,observed
72,2023W25,2023-06-24,24,47,wa,Washington,17.0,1,0,observed
73,2023W26,2023-07-01,25,47,wa,Washington,19.0,1,0,observed
74,2023W27,2023-07-08,26,47,wa,Washington,18.0,1,0,observed
75,2023W28,2023-07-15,27,47,wa,Washington,19.0,1,0,observed
76,2023W29,2023-07-22,28,47,wa,Washington,18.0,1,0,observed
77,2023W30,2023-07-29,29,47,wa,Washington,18.0,1,0,observed
78,2023W31,2023-08-05,30,47,wa,Washington,20.0,1,0,observed
79,2023W32,2023-08-12,31,47,wa,Washington,17.0,1,0,observed
80,2023W33,2023-08-19,32,47,wa,Washington,25.0,1,0,observed
81,2023W34,2023-08-26,33,47,wa,Washington,20.0,1,0,observed
82,2023W35,2023-09-02,34,47,wa,Washington,42.0,1,0,observed
83,2023W36,2023-09-09,35,47,wa,Washington,37.0,1,0,observed
84,2023W37,2023-09-16,36,47,wa,Washington,15.0,1,0,observed
85,2023W38,2023-09-23,37,47,wa,Washington,6.0,1,0,observed
86,2023W39,2023-09-30,38,47,wa,Washington,12.0,1,0,observed
87,2023W40,2023-10-07,39,47,wa,Washington,4.0,1,0,observed
88,2023W41,2023-10-14,40,47,wa,Washington,13.0,1,0,observed
89,2023W42,2023-10-21,41,47,wa,Washington,11.0,1,0,observed
90,2023W43,2023-10-28,42,47,wa,Washington,8.0,1,0,observed
91,2023W44,2023-11-04,43,47,wa,Washington,17.0,1,0,observed
92,2023W45,2023-11-11,44,47,wa,Washington,17.0,1,0,observed
93,2023W46,2023-11-18,45,47,wa,Washington,33.0,1,0,observed
94,2023W47,2023-11-25,46,47,wa,Washington,36.0,1,0,observed
95,2023W48,2023-12-02,47,47,wa,Washington,74.0,1,0,observed
96,2023W49,2023-12-09,48,47,wa,Washington,83.0,1,0,observed
97,2023W50,2023-12-16,49,47,wa,Washington,109.0,1,0,observed
98,2023W51,2023-12-23,50,47,wa,Washington,155.0,1,0,observed
99,2023W52,2023-12-30,51,47,wa,Washington,211.0,1,0,observed
100,2024W01,2024-01-06,0,47,wa,Washington,209.0,1,0,observed
101,2024W02,2024-01-13,1,47,wa,Washington,161.0,1,0,observed
102,2024W03,2024-01-20,2,47,wa,Washington,145.0,1,0,observed
103,2024W04,2024-01-27,3,47,wa,Washington,120.0,1,0,observed
104,2024W05,2024-02-03,4,47,wa,Washington,105.0,1,0,observed
105,2024W06,2024-02-10,5,47,wa,Washington,80.0,1,0,observed
106,2024W07,2024-02-17,6,47,wa,Washington,73.0,1,0,observed
107,2024W08,2024-02-24,7,47,wa,Washington,97.0,1,0,observed
108,2024W09,2024-03-02,8,47,wa,Washington,75.0,1,0,observed
109,2024W10,2024-03-09,9,47,wa,Washington,56.0,1,0,observed
110,2024W11,2024-03-16,10,47,wa,Washington,85.0,1,0,observed
111,2024W12,2024-03-23,11,47,wa,Washington,81.0,1,0,observed
112,2024W13,2024-03-30,12,47,wa,Washington,56.0,1,0,observed
113,2024W14,2024-04-06,13,47,wa,Washington,43.0,1,0,observed
114,2024W15,2024-04-13,14,47,wa,Washington,42.0,1,0,observed
115,2024W16,2024-04-20,15,47,wa,Washington,26.0,1,0,observed
116,2024W17,2024-04-27,16,47,wa,Washington,37.0,1,0,observed
117,2024W18,2024-05-04,17,47,wa,Washington,25.0,1,0,observed
118,2024W19,2024-05-11,18,47,wa,Washington,28.0,1,0,observed
119,2024W20,2024-05-18,19,47,wa,Washington,12.0,1,0,observed
120,2024W21,2024-05-25,20,47,wa,Washington,21.0,1,0,observed
121,2024W22,2024-06-01,21,47,wa,Washington,21.0,1,0,observed
122,2024W23,2024-06-08,22,47,wa,Washington,39.0,1,0,observed
123,2024W24,2024-06-15,23,47,wa,Washington,20.0,1,0,observed
124,2024W25,2024-06-22,24,47,wa,Washington,28.0,1,0,observed
125,2024W26,2024-06-29,25,47,wa,Washington,32.0,1,0,observed
126,2024W27,2024-07-06,26,47,wa,Washington,19.0,1,0,observed
127,2024W28,2024-07-13,27,47,wa,Washington,15.0,1,0,observed
128,2024W29,2024-07-20,28,47,wa,Washington,6.0,1,0,observed
129,2024W30,2024-07-27,29,47,wa,Washington,6.0,1,0,observed
130,2024W31,2024-08-03,30,47,wa,Washington,3.0,1,0,observed
131,2024W32,2024-08-10,31,47,wa,Washington,4.0,1,0,observed
132,2024W33,2024-08-17,32,47,wa,Washington,8.0,1,0,observed
133,2024W34,2024-08-24,33,47,wa,Washington,5.0,1,0,observed
134,2024W35,2024-08-31,34,47,wa,Washington,7.0,1,0,observed
135,2024W36,2024-09-07,35,47,wa,Washington,6.0,1,0,observed
136,2024W37,2024-09-14,36,47,wa,Washington,5.0,1,0,observed
137,2024W38,2024-09-21,37,47,wa,Washington,6.0,1,0,observed
138,2024W39,2024-09-28,38,47,wa,Washington,6.0,1,0,observed
139,2024W40,2024-10-05,39,47,wa,Washington,10.0,1,0,observed
140,2024W41,2024-10-12,40,47,wa,Washington,7.0,1,0,observed
141,2024W42,2024-10-19,41,47,wa,Washington,1.0,1,0,observed
142,2024W43,2024-10-26,42,47,wa,Washington,4.0,1,0,observed
143,2024W44,2024-11-02,43,47,wa,Washington,2.0,1,0,observed
144,2024W45,2024-11-09,44,47,wa,Washington,14.0,1,0,observed
145,2024W46,2024-11-16,45,47,wa,Washington,22.0,1,0,observed
146,2024W47,2024-11-23,46,47,wa,Washington,29.0,1,0,observed
147,2024W48,2024-11-30,47,47,wa,Washington,46.0,1,0,observed
148,2024W49,2024-12-07,48,47,wa,Washington,78.0,1,0,observed
149,2024W50,2024-12-14,49,47,wa,Washington,188.0,1,0,observed
150,2024W51,2024-12-21,50,47,wa,Washington,418.0,1,0,observed
151,2024W52,2024-12-28,51,47,wa,Washington,541.0,1,0,observed
152,2025W01,2025-01-04,0,47,wa,Washington,531.0,1,0,observed
153,2025W02,2025-01-11,1,47,wa,Washington,392.0,1,0,observed
154,2025W03,2025-01-18,2,47,wa,Washington,360.0,1,0,observed
155,2025W04,2025-01-25,3,47,wa,Washington,417.0,1,0,observed
156,2025W05,2025-02-01,4,47,wa,Washington,602.0,1,0,observed
157,2025W06,2025-02-08,5,47,wa,Washington,747.0,1,0,observed
158,2025W07,2025-02-15,6,47,wa,Washington,659.0,1,0,observed
159,2025W08,2025-02-22,7,47,wa,Washington,671.0,1,0,observed
160,2025W09,2025-03-01,8,47,wa,Washington,422.0,1,0,observed
161,2025W10,2025-03-08,9,47,wa,Washington,253.0,1,0,observed
162,2025W11,2025-03-15,10,47,wa,Washington,201.0,1,0,observed
163,2025W12,2025-03-22,11,47,wa,Washington,165.0,1,0,observed
164,2025W13,2025-03-29,12,47,wa,Washington,113.0,1,0,observed
165,2025W14,2025-04-05,13,47,wa,Washington,101.0,1,0,observed
166,2025W15,2025-04-12,14,47,wa,Washington,74.0,1,0,observed
167,2025W16,2025-04-19,15,47,wa,Washington,42.0,1,0,observed
168,2025W17,2025-04-26,16,47,wa,Washington,39.0,1,0,observed
169,2025W18,2025-05-03,17,47,wa,Washington,20.0,1,0,observed
170,2025W19,2025-05-10,18,47,wa,Washington,24.0,1,0,observed
171,2025W20,2025-05-17,19,47,wa,Washington,16.0,1,0,observed
172,2025W21,2025-05-24,20,47,wa,Washington,29.0,1,0,observed
173,2025W22,2025-05-31,21,47,wa,Washington,26.0,1,0,observed
174,2025W23,2025-06-07,22,47,wa,Washington,31.0,1,0,observed
175,2025W24,2025-06-14,23,47,wa,Washington,23.0,1,0,observed
176,2025W25,2025-06-21,24,47,wa,Washington,14.0,1,0,observed
177,2025W26,2025-06-28,25,47,wa,Washington,13.0,1,0,observed
178,2025W27,2025-07-05,26,47,wa,Washington,14.0,1,0,observed
179,2025W28,2025-07-12,27,47,wa,Washington,8.0,1,0,observed
180,2025W29,2025-07-19,28,47,wa,Washington,5.0,1,0,observed
181,2025W30,2025-07-26,29,47,wa,Washington,6.0,1,0,observed
182,2025W31,2025-08-02,30,47,wa,Washington,4.0,1,0,observed
183,2025W32,2025-08-09,31,47,wa,Washington,7.0,1,0,observed
184,2025W33,2025-08-16,32,47,wa,Washington,10.0,1,0,observed
185,2025W34,2025-08-23,33,47,wa,Washington,10.0,1,0,observed
186,2025W35,2025-08-30,34,47,wa,Washington,4.0,1,0,observed
187,2025W36,2025-09-06,35,47,wa,Washington,13.0,1,0,observed
188,2025W37,2025-09-13,36,47,wa,Washington,14.0,1,0,observed
189,2025W38,2025-09-20,37,47,wa,Washington,6.0,1,0,observed
190,2025W39,2025-09-27,38,47,wa,Washington,8.0,1,0,observed
191,2025W40,2025-10-04,39,47,wa,Washington,6.0,1,0,observed
192,2025W41,2025-10-11,40,47,wa,Washington,7.0,1,0,observed
193,2025W42,2025-10-18,41,47,wa,Washington,11.0,1,0,observed
194,2025W43,2025-10-25,42,47,wa,Washington,12.0,1,0,observed
195,2025W44,2025-11-01,43,47,wa,Washington,16.0,1,0,observed
196,2025W45,2025-11-08,44,47,wa,Washington,13.0,1,0,observed
197,2025W46,2025-11-15,45,47,wa,Washington,19.0,1,0,observed
198,2025W47,2025-11-22,46,47,wa,Washington,37.0,1,0,observed
199,2025W48,2025-11-29,47,47,wa,Washington,36.0,1,0,observed
200,2025W49,2025-12-06,48,47,wa,Washington,61.0,1,0,observed
201,2025W50,2025-12-13,49,47,wa,Washington,59.0,1,0,observed
202,2025W51,2025-12-20,50,47,wa,Washington,116.0,1,0,observed
203,2025W52,2025-12-27,51,47,wa,Washington,164.0,1,0,observed
204,2026W01,2026-01-03,0,47,wa,Washington,250.0,1,0,observed
205,2026W02,2026-01-10,1,47,wa,Washington,261.0,1,0,observed
206,2026W03,2026-01-17,2,47,wa,Washington,206.0,1,0,observed
207,2026W04,2026-01-24,3,47,wa,Washington,236.0,1,0,observed
208,2026W05,2026-01-31,4,47,wa,Washington,298.0,1,0,observed
209,2026W06,2026-02-07,5,47,wa,Washington,334.0,1,0,observed
210,2026W07,2026-02-14,6,47,wa,Washington,275.0,1,0,observed
211,2026W08,2026-02-21,7,47,wa,Washington,230.0,1,0,observed
212,2026W09,2026-02-28,8,47,wa,Washington,190.0,1,0,observed
213,2026W10,2026-03-07,9,47,wa,Washington,158.0,1,0,observed
214,2026W11,2026-03-14,10,47,wa,Washington,91.0,1,0,observed
215,2026W12,2026-03-21,11,47,wa,Washington,79.0,1,0,observed
216,2026W13,2026-03-28,12,47,wa,Washington,48.0,1,0,observed
217,2026W14,2026-04-04,13,47,wa,Washington,55.0,1,0,observed
218,2026W15,2026-04-11,14,47,wa,Washington,41.0,1,0,observed
219,2026W16,2026-04-18,15,47,wa,Washington,37.0,1,0,observed
0,2022W05,2022-02-05,4,48,wv,West Virginia,7.0,1,0,observed
1,2022W06,2022-02-12,5,48,wv,West Virginia,2.0,1,0,observed
2,2022W07,2022-02-19,6,48,wv,West Virginia,4.0,1,0,observed
3,2022W08,2022-02-26,7,48,wv,West Virginia,8.0,1,0,observed
4,2022W09,2022-03-05,8,48,wv,West Virginia,21.0,1,0,observed
5,2022W10,2022-03-12,9,48,wv,West Virginia,21.0,1,0,observed
6,2022W11,2022-03-19,10,48,wv,West Virginia,43.0,1,0,observed
7,2022W12,2022-03-26,11,48,wv,West Virginia,19.0,1,0,observed
8,2022W13,2022-04-02,12,48,wv,West Virginia,37.0,1,0,observed
9,2022W14,2022-04-09,13,48,wv,West Virginia,36.0,1,0,observed
10,2022W15,2022-04-16,14,48,wv,West Virginia,43.0,1,0,observed
11,2022W16,2022-04-23,15,48,wv,West Virginia,39.0,1,0,observed
12,2022W17,2022-04-30,16,48,wv,West Virginia,35.0,1,0,observed
13,2022W18,2022-05-07,17,48,wv,West Virginia,18.0,1,0,observed
14,2022W19,2022-05-14,18,48,wv,West Virginia,16.0,1,0,observed
15,2022W20,2022-05-21,19,48,wv,West Virginia,12.0,1,0,observed
16,2022W21,2022-05-28,20,48,wv,West Virginia,5.0,1,0,observed
17,2022W22,2022-06-04,21,48,wv,West Virginia,5.0,1,0,observed
18,2022W23,2022-06-11,22,48,wv,West Virginia,12.0,1,0,observed
19,2022W24,2022-06-18,23,48,wv,West Virginia,6.0,1,0,observed
20,2022W25,2022-06-25,24,48,wv,West Virginia,5.0,1,0,observed
21,2022W26,2022-07-02,25,48,wv,West Virginia,1.0,1,0,observed
22,2022W27,2022-07-09,26,48,wv,West Virginia,6.0,1,0,observed
23,2022W28,2022-07-16,27,48,wv,West Virginia,6.0,1,0,observed
24,2022W29,2022-07-23,28,48,wv,West Virginia,1.0,1,0,observed
25,2022W30,2022-07-30,29,48,wv,West Virginia,0.0,1,0,observed
26,2022W31,2022-08-06,30,48,wv,West Virginia,0.0,1,0,observed
27,2022W32,2022-08-13,31,48,wv,West Virginia,0.0,1,0,observed
28,2022W33,2022-08-20,32,48,wv,West Virginia,1.0,1,0,observed
29,2022W34,2022-08-27,33,48,wv,West Virginia,0.0,1,0,observed
30,2022W35,2022-09-03,34,48,wv,West Virginia,0.0,1,0,observed
31,2022W36,2022-09-10,35,48,wv,West Virginia,0.0,1,0,observed
32,2022W37,2022-09-17,36,48,wv,West Virginia,1.0,1,0,observed
33,2022W38,2022-09-24,37,48,wv,West Virginia,1.0,1,0,observed
34,2022W39,2022-10-01,38,48,wv,West Virginia,1.0,1,0,observed
35,2022W40,2022-10-08,39,48,wv,West Virginia,5.0,1,0,observed
36,2022W41,2022-10-15,40,48,wv,West Virginia,11.0,1,0,observed
37,2022W42,2022-10-22,41,48,wv,West Virginia,15.0,1,0,observed
38,2022W43,2022-10-29,42,48,wv,West Virginia,56.0,1,0,observed
39,2022W44,2022-11-05,43,48,wv,West Virginia,89.0,1,0,observed
40,2022W45,2022-11-12,44,48,wv,West Virginia,127.0,1,0,observed
41,2022W46,2022-11-19,45,48,wv,West Virginia,136.0,1,0,observed
42,2022W47,2022-11-26,46,48,wv,West Virginia,189.0,1,0,observed
43,2022W48,2022-12-03,47,48,wv,West Virginia,318.0,1,0,observed
44,2022W49,2022-12-10,48,48,wv,West Virginia,246.0,1,0,observed
45,2022W50,2022-12-17,49,48,wv,West Virginia,199.0,1,0,observed
46,2022W51,2022-12-24,50,48,wv,West Virginia,155.0,1,0,observed
47,2022W52,2022-12-31,51,48,wv,West Virginia,172.0,1,0,observed
48,2023W01,2023-01-07,0,48,wv,West Virginia,148.0,1,0,observed
49,2023W02,2023-01-14,1,48,wv,West Virginia,48.0,1,0,observed
50,2023W03,2023-01-21,2,48,wv,West Virginia,14.0,1,0,observed
51,2023W04,2023-01-28,3,48,wv,West Virginia,21.0,1,0,observed
52,2023W05,2023-02-04,4,48,wv,West Virginia,22.0,1,0,observed
53,2023W06,2023-02-11,5,48,wv,West Virginia,16.0,1,0,observed
54,2023W07,2023-02-18,6,48,wv,West Virginia,9.0,1,0,observed
55,2023W08,2023-02-25,7,48,wv,West Virginia,14.0,1,0,observed
56,2023W09,2023-03-04,8,48,wv,West Virginia,9.0,1,0,observed
57,2023W10,2023-03-11,9,48,wv,West Virginia,4.0,1,0,observed
58,2023W11,2023-03-18,10,48,wv,West Virginia,8.0,1,0,observed
59,2023W12,2023-03-25,11,48,wv,West Virginia,16.0,1,0,observed
60,2023W13,2023-04-01,12,48,wv,West Virginia,9.0,1,0,observed
61,2023W14,2023-04-08,13,48,wv,West Virginia,7.0,1,0,observed
62,2023W15,2023-04-15,14,48,wv,West Virginia,7.0,1,0,observed
63,2023W16,2023-04-22,15,48,wv,West Virginia,4.0,1,0,observed
64,2023W17,2023-04-29,16,48,wv,West Virginia,5.0,1,0,observed
65,2023W18,2023-05-06,17,48,wv,West Virginia,4.0,1,0,observed
66,2023W19,2023-05-13,18,48,wv,West Virginia,5.0,1,0,observed
67,2023W20,2023-05-20,19,48,wv,West Virginia,9.0,1,0,observed
68,2023W21,2023-05-27,20,48,wv,West Virginia,10.0,1,0,observed
69,2023W22,2023-06-03,21,48,wv,West Virginia,5.0,1,0,observed
70,2023W23,2023-06-10,22,48,wv,West Virginia,8.0,1,0,observed
71,2023W24,2023-06-17,23,48,wv,West Virginia,6.0,1,0,observed
72,2023W25,2023-06-24,24,48,wv,West Virginia,2.0,1,0,observed
73,2023W26,2023-07-01,25,48,wv,West Virginia,3.0,1,0,observed
74,2023W27,2023-07-08,26,48,wv,West Virginia,0.0,1,0,observed
75,2023W28,2023-07-15,27,48,wv,West Virginia,1.0,1,0,observed
76,2023W29,2023-07-22,28,48,wv,West Virginia,0.0,1,0,observed
77,2023W30,2023-07-29,29,48,wv,West Virginia,3.0,1,0,observed
78,2023W31,2023-08-05,30,48,wv,West Virginia,1.0,1,0,observed
79,2023W32,2023-08-12,31,48,wv,West Virginia,0.0,1,0,observed
80,2023W33,2023-08-19,32,48,wv,West Virginia,9.0,1,0,observed
81,2023W34,2023-08-26,33,48,wv,West Virginia,2.0,1,0,observed
82,2023W35,2023-09-02,34,48,wv,West Virginia,1.0,1,0,observed
83,2023W36,2023-09-09,35,48,wv,West Virginia,2.0,1,0,observed
84,2023W37,2023-09-16,36,48,wv,West Virginia,6.0,1,0,observed
85,2023W38,2023-09-23,37,48,wv,West Virginia,0.0,1,0,observed
86,2023W39,2023-09-30,38,48,wv,West Virginia,6.0,1,0,observed
87,2023W40,2023-10-07,39,48,wv,West Virginia,2.0,1,0,observed
88,2023W41,2023-10-14,40,48,wv,West Virginia,3.0,1,0,observed
89,2023W42,2023-10-21,41,48,wv,West Virginia,3.0,1,0,observed
90,2023W43,2023-10-28,42,48,wv,West Virginia,4.0,1,0,observed
91,2023W44,2023-11-04,43,48,wv,West Virginia,7.0,1,0,observed
92,2023W45,2023-11-11,44,48,wv,West Virginia,14.0,1,0,observed
93,2023W46,2023-11-18,45,48,wv,West Virginia,8.0,1,0,observed
94,2023W47,2023-11-25,46,48,wv,West Virginia,13.0,1,0,observed
95,2023W48,2023-12-02,47,48,wv,West Virginia,17.0,1,0,observed
96,2023W49,2023-12-09,48,48,wv,West Virginia,20.0,1,0,observed
97,2023W50,2023-12-16,49,48,wv,West Virginia,33.0,1,0,observed
98,2023W51,2023-12-23,50,48,wv,West Virginia,82.0,1,0,observed
99,2023W52,2023-12-30,51,48,wv,West Virginia,153.0,1,0,observed
100,2024W01,2024-01-06,0,48,wv,West Virginia,169.0,1,0,observed
101,2024W02,2024-01-13,1,48,wv,West Virginia,136.0,1,0,observed
102,2024W03,2024-01-20,2,48,wv,West Virginia,145.0,1,0,observed
103,2024W04,2024-01-27,3,48,wv,West Virginia,136.0,1,0,observed
104,2024W05,2024-02-03,4,48,wv,West Virginia,127.0,1,0,observed
105,2024W06,2024-02-10,5,48,wv,West Virginia,131.0,1,0,observed
106,2024W07,2024-02-17,6,48,wv,West Virginia,184.0,1,0,observed
107,2024W08,2024-02-24,7,48,wv,West Virginia,163.0,1,0,observed
108,2024W09,2024-03-02,8,48,wv,West Virginia,181.0,1,0,observed
109,2024W10,2024-03-09,9,48,wv,West Virginia,143.0,1,0,observed
110,2024W11,2024-03-16,10,48,wv,West Virginia,101.0,1,0,observed
111,2024W12,2024-03-23,11,48,wv,West Virginia,80.0,1,0,observed
112,2024W13,2024-03-30,12,48,wv,West Virginia,71.0,1,0,observed
113,2024W14,2024-04-06,13,48,wv,West Virginia,68.0,1,0,observed
114,2024W15,2024-04-13,14,48,wv,West Virginia,22.0,1,0,observed
115,2024W16,2024-04-20,15,48,wv,West Virginia,13.0,1,0,observed
116,2024W17,2024-04-27,16,48,wv,West Virginia,22.0,1,0,observed
117,2024W18,2024-05-04,17,48,wv,West Virginia,7.0,1,0,observed
118,2024W19,2024-05-11,18,48,wv,West Virginia,0.0,1,0,observed
119,2024W20,2024-05-18,19,48,wv,West Virginia,0.0,1,0,observed
120,2024W21,2024-05-25,20,48,wv,West Virginia,0.0,1,0,observed
121,2024W22,2024-06-01,21,48,wv,West Virginia,0.0,1,0,observed
122,2024W23,2024-06-08,22,48,wv,West Virginia,0.0,1,0,observed
123,2024W24,2024-06-15,23,48,wv,West Virginia,0.0,1,0,observed
124,2024W25,2024-06-22,24,48,wv,West Virginia,0.0,1,0,observed
125,2024W26,2024-06-29,25,48,wv,West Virginia,0.0,1,0,observed
126,2024W27,2024-07-06,26,48,wv,West Virginia,0.0,1,0,observed
127,2024W28,2024-07-13,27,48,wv,West Virginia,0.0,1,0,observed
128,2024W29,2024-07-20,28,48,wv,West Virginia,0.0,1,0,observed
129,2024W30,2024-07-27,29,48,wv,West Virginia,0.0,1,0,observed
130,2024W31,2024-08-03,30,48,wv,West Virginia,0.0,1,0,observed
131,2024W32,2024-08-10,31,48,wv,West Virginia,0.0,1,0,observed
132,2024W33,2024-08-17,32,48,wv,West Virginia,0.0,1,0,observed
133,2024W34,2024-08-24,33,48,wv,West Virginia,0.0,1,0,observed
134,2024W35,2024-08-31,34,48,wv,West Virginia,0.0,1,0,observed
135,2024W36,2024-09-07,35,48,wv,West Virginia,0.0,0,1,forward_fill
136,2024W37,2024-09-14,36,48,wv,West Virginia,0.0,0,1,forward_fill
137,2024W38,2024-09-21,37,48,wv,West Virginia,0.0,0,1,forward_fill
138,2024W39,2024-09-28,38,48,wv,West Virginia,0.0,0,1,forward_fill
139,2024W40,2024-10-05,39,48,wv,West Virginia,0.0,0,1,forward_fill
140,2024W41,2024-10-12,40,48,wv,West Virginia,0.0,1,0,observed
141,2024W42,2024-10-19,41,48,wv,West Virginia,0.0,1,0,observed
142,2024W43,2024-10-26,42,48,wv,West Virginia,0.0,1,0,observed
143,2024W44,2024-11-02,43,48,wv,West Virginia,0.0,1,0,observed
144,2024W45,2024-11-09,44,48,wv,West Virginia,6.0,1,0,observed
145,2024W46,2024-11-16,45,48,wv,West Virginia,4.0,1,0,observed
146,2024W47,2024-11-23,46,48,wv,West Virginia,4.0,1,0,observed
147,2024W48,2024-11-30,47,48,wv,West Virginia,3.0,1,0,observed
148,2024W49,2024-12-07,48,48,wv,West Virginia,13.0,1,0,observed
149,2024W50,2024-12-14,49,48,wv,West Virginia,21.0,1,0,observed
150,2024W51,2024-12-21,50,48,wv,West Virginia,37.0,1,0,observed
151,2024W52,2024-12-28,51,48,wv,West Virginia,108.0,1,0,observed
152,2025W01,2025-01-04,0,48,wv,West Virginia,199.0,1,0,observed
153,2025W02,2025-01-11,1,48,wv,West Virginia,144.0,1,0,observed
154,2025W03,2025-01-18,2,48,wv,West Virginia,133.0,1,0,observed
155,2025W04,2025-01-25,3,48,wv,West Virginia,160.0,1,0,observed
156,2025W05,2025-02-01,4,48,wv,West Virginia,267.0,1,0,observed
157,2025W06,2025-02-08,5,48,wv,West Virginia,458.0,1,0,observed
158,2025W07,2025-02-15,6,48,wv,West Virginia,617.0,1,0,observed
159,2025W08,2025-02-22,7,48,wv,West Virginia,640.0,1,0,observed
160,2025W09,2025-03-01,8,48,wv,West Virginia,511.0,1,0,observed
161,2025W10,2025-03-08,9,48,wv,West Virginia,458.0,1,0,observed
162,2025W11,2025-03-15,10,48,wv,West Virginia,347.0,1,0,observed
163,2025W12,2025-03-22,11,48,wv,West Virginia,275.0,1,0,observed
164,2025W13,2025-03-29,12,48,wv,West Virginia,168.0,1,0,observed
165,2025W14,2025-04-05,13,48,wv,West Virginia,102.0,1,0,observed
166,2025W15,2025-04-12,14,48,wv,West Virginia,47.0,1,0,observed
167,2025W16,2025-04-19,15,48,wv,West Virginia,26.0,1,0,observed
168,2025W17,2025-04-26,16,48,wv,West Virginia,18.0,1,0,observed
169,2025W18,2025-05-03,17,48,wv,West Virginia,10.0,1,0,observed
170,2025W19,2025-05-10,18,48,wv,West Virginia,6.0,1,0,observed
171,2025W20,2025-05-17,19,48,wv,West Virginia,5.0,1,0,observed
172,2025W21,2025-05-24,20,48,wv,West Virginia,1.0,1,0,observed
173,2025W22,2025-05-31,21,48,wv,West Virginia,1.0,1,0,observed
174,2025W23,2025-06-07,22,48,wv,West Virginia,7.0,1,0,observed
175,2025W24,2025-06-14,23,48,wv,West Virginia,0.0,1,0,observed
176,2025W25,2025-06-21,24,48,wv,West Virginia,2.0,1,0,observed
177,2025W26,2025-06-28,25,48,wv,West Virginia,1.0,1,0,observed
178,2025W27,2025-07-05,26,48,wv,West Virginia,1.0,1,0,observed
179,2025W28,2025-07-12,27,48,wv,West Virginia,3.0,1,0,observed
180,2025W29,2025-07-19,28,48,wv,West Virginia,0.0,1,0,observed
181,2025W30,2025-07-26,29,48,wv,West Virginia,0.0,1,0,observed
182,2025W31,2025-08-02,30,48,wv,West Virginia,1.0,1,0,observed
183,2025W32,2025-08-09,31,48,wv,West Virginia,2.0,1,0,observed
184,2025W33,2025-08-16,32,48,wv,West Virginia,0.0,1,0,observed
185,2025W34,2025-08-23,33,48,wv,West Virginia,0.0,1,0,observed
186,2025W35,2025-08-30,34,48,wv,West Virginia,0.0,1,0,observed
187,2025W36,2025-09-06,35,48,wv,West Virginia,0.0,1,0,observed
188,2025W37,2025-09-13,36,48,wv,West Virginia,1.0,1,0,observed
189,2025W38,2025-09-20,37,48,wv,West Virginia,0.0,1,0,observed
190,2025W39,2025-09-27,38,48,wv,West Virginia,2.0,1,0,observed
191,2025W40,2025-10-04,39,48,wv,West Virginia,0.0,1,0,observed
192,2025W41,2025-10-11,40,48,wv,West Virginia,3.0,1,0,observed
193,2025W42,2025-10-18,41,48,wv,West Virginia,1.0,1,0,observed
194,2025W43,2025-10-25,42,48,wv,West Virginia,1.0,1,0,observed
195,2025W44,2025-11-01,43,48,wv,West Virginia,1.0,1,0,observed
196,2025W45,2025-11-08,44,48,wv,West Virginia,2.0,1,0,observed
197,2025W46,2025-11-15,45,48,wv,West Virginia,0.0,1,0,observed
198,2025W47,2025-11-22,46,48,wv,West Virginia,2.0,1,0,observed
199,2025W48,2025-11-29,47,48,wv,West Virginia,10.0,1,0,observed
200,2025W49,2025-12-06,48,48,wv,West Virginia,19.0,1,0,observed
201,2025W50,2025-12-13,49,48,wv,West Virginia,26.0,1,0,observed
202,2025W51,2025-12-20,50,48,wv,West Virginia,65.0,1,0,observed
203,2025W52,2025-12-27,51,48,wv,West Virginia,192.0,1,0,observed
204,2026W01,2026-01-03,0,48,wv,West Virginia,229.0,1,0,observed
205,2026W02,2026-01-10,1,48,wv,West Virginia,203.0,1,0,observed
206,2026W03,2026-01-17,2,48,wv,West Virginia,170.0,1,0,observed
207,2026W04,2026-01-24,3,48,wv,West Virginia,186.0,1,0,observed
208,2026W05,2026-01-31,4,48,wv,West Virginia,218.0,1,0,observed
209,2026W06,2026-02-07,5,48,wv,West Virginia,154.0,1,0,observed
210,2026W07,2026-02-14,6,48,wv,West Virginia,123.0,1,0,observed
211,2026W08,2026-02-21,7,48,wv,West Virginia,147.0,1,0,observed
212,2026W09,2026-02-28,8,48,wv,West Virginia,133.0,1,0,observed
213,2026W10,2026-03-07,9,48,wv,West Virginia,102.0,1,0,observed
214,2026W11,2026-03-14,10,48,wv,West Virginia,105.0,1,0,observed
215,2026W12,2026-03-21,11,48,wv,West Virginia,68.0,1,0,observed
216,2026W13,2026-03-28,12,48,wv,West Virginia,24.0,1,0,observed
217,2026W14,2026-04-04,13,48,wv,West Virginia,18.0,1,0,observed
218,2026W15,2026-04-11,14,48,wv,West Virginia,11.0,1,0,observed
219,2026W16,2026-04-18,15,48,wv,West Virginia,29.0,1,0,observed
0,2022W05,2022-02-05,4,49,wi,Wisconsin,30.0,1,0,observed
1,2022W06,2022-02-12,5,49,wi,Wisconsin,29.0,1,0,observed
2,2022W07,2022-02-19,6,49,wi,Wisconsin,25.0,1,0,observed
3,2022W08,2022-02-26,7,49,wi,Wisconsin,29.0,1,0,observed
4,2022W09,2022-03-05,8,49,wi,Wisconsin,61.0,1,0,observed
5,2022W10,2022-03-12,9,49,wi,Wisconsin,41.0,1,0,observed
6,2022W11,2022-03-19,10,49,wi,Wisconsin,53.0,1,0,observed
7,2022W12,2022-03-26,11,49,wi,Wisconsin,58.0,1,0,observed
8,2022W13,2022-04-02,12,49,wi,Wisconsin,57.0,1,0,observed
9,2022W14,2022-04-09,13,49,wi,Wisconsin,44.0,1,0,observed
10,2022W15,2022-04-16,14,49,wi,Wisconsin,66.0,1,0,observed
11,2022W16,2022-04-23,15,49,wi,Wisconsin,54.0,1,0,observed
12,2022W17,2022-04-30,16,49,wi,Wisconsin,64.0,1,0,observed
13,2022W18,2022-05-07,17,49,wi,Wisconsin,51.0,1,0,observed
14,2022W19,2022-05-14,18,49,wi,Wisconsin,36.0,1,0,observed
15,2022W20,2022-05-21,19,49,wi,Wisconsin,26.0,1,0,observed
16,2022W21,2022-05-28,20,49,wi,Wisconsin,27.0,1,0,observed
17,2022W22,2022-06-04,21,49,wi,Wisconsin,16.0,1,0,observed
18,2022W23,2022-06-11,22,49,wi,Wisconsin,15.0,1,0,observed
19,2022W24,2022-06-18,23,49,wi,Wisconsin,9.0,1,0,observed
20,2022W25,2022-06-25,24,49,wi,Wisconsin,7.0,1,0,observed
21,2022W26,2022-07-02,25,49,wi,Wisconsin,8.0,1,0,observed
22,2022W27,2022-07-09,26,49,wi,Wisconsin,1.0,1,0,observed
23,2022W28,2022-07-16,27,49,wi,Wisconsin,2.0,1,0,observed
24,2022W29,2022-07-23,28,49,wi,Wisconsin,0.0,1,0,observed
25,2022W30,2022-07-30,29,49,wi,Wisconsin,2.0,1,0,observed
26,2022W31,2022-08-06,30,49,wi,Wisconsin,6.0,1,0,observed
27,2022W32,2022-08-13,31,49,wi,Wisconsin,1.0,1,0,observed
28,2022W33,2022-08-20,32,49,wi,Wisconsin,1.0,1,0,observed
29,2022W34,2022-08-27,33,49,wi,Wisconsin,2.0,1,0,observed
30,2022W35,2022-09-03,34,49,wi,Wisconsin,3.0,1,0,observed
31,2022W36,2022-09-10,35,49,wi,Wisconsin,0.0,1,0,observed
32,2022W37,2022-09-17,36,49,wi,Wisconsin,0.0,1,0,observed
33,2022W38,2022-09-24,37,49,wi,Wisconsin,4.0,1,0,observed
34,2022W39,2022-10-01,38,49,wi,Wisconsin,1.0,1,0,observed
35,2022W40,2022-10-08,39,49,wi,Wisconsin,1.0,1,0,observed
36,2022W41,2022-10-15,40,49,wi,Wisconsin,2.0,1,0,observed
37,2022W42,2022-10-22,41,49,wi,Wisconsin,11.0,1,0,observed
38,2022W43,2022-10-29,42,49,wi,Wisconsin,15.0,1,0,observed
39,2022W44,2022-11-05,43,49,wi,Wisconsin,33.0,1,0,observed
40,2022W45,2022-11-12,44,49,wi,Wisconsin,45.0,1,0,observed
41,2022W46,2022-11-19,45,49,wi,Wisconsin,88.0,1,0,observed
42,2022W47,2022-11-26,46,49,wi,Wisconsin,235.0,1,0,observed
43,2022W48,2022-12-03,47,49,wi,Wisconsin,459.0,1,0,observed
44,2022W49,2022-12-10,48,49,wi,Wisconsin,479.0,1,0,observed
45,2022W50,2022-12-17,49,49,wi,Wisconsin,483.0,1,0,observed
46,2022W51,2022-12-24,50,49,wi,Wisconsin,458.0,1,0,observed
47,2022W52,2022-12-31,51,49,wi,Wisconsin,484.0,1,0,observed
48,2023W01,2023-01-07,0,49,wi,Wisconsin,332.0,1,0,observed
49,2023W02,2023-01-14,1,49,wi,Wisconsin,171.0,1,0,observed
50,2023W03,2023-01-21,2,49,wi,Wisconsin,108.0,1,0,observed
51,2023W04,2023-01-28,3,49,wi,Wisconsin,51.0,1,0,observed
52,2023W05,2023-02-04,4,49,wi,Wisconsin,22.0,1,0,observed
53,2023W06,2023-02-11,5,49,wi,Wisconsin,23.0,1,0,observed
54,2023W07,2023-02-18,6,49,wi,Wisconsin,11.0,1,0,observed
55,2023W08,2023-02-25,7,49,wi,Wisconsin,6.0,1,0,observed
56,2023W09,2023-03-04,8,49,wi,Wisconsin,7.0,1,0,observed
57,2023W10,2023-03-11,9,49,wi,Wisconsin,10.0,1,0,observed
58,2023W11,2023-03-18,10,49,wi,Wisconsin,6.0,1,0,observed
59,2023W12,2023-03-25,11,49,wi,Wisconsin,9.0,1,0,observed
60,2023W13,2023-04-01,12,49,wi,Wisconsin,4.0,1,0,observed
61,2023W14,2023-04-08,13,49,wi,Wisconsin,10.0,1,0,observed
62,2023W15,2023-04-15,14,49,wi,Wisconsin,9.0,1,0,observed
63,2023W16,2023-04-22,15,49,wi,Wisconsin,5.0,1,0,observed
64,2023W17,2023-04-29,16,49,wi,Wisconsin,0.0,1,0,observed
65,2023W18,2023-05-06,17,49,wi,Wisconsin,7.0,1,0,observed
66,2023W19,2023-05-13,18,49,wi,Wisconsin,5.0,1,0,observed
67,2023W20,2023-05-20,19,49,wi,Wisconsin,2.0,1,0,observed
68,2023W21,2023-05-27,20,49,wi,Wisconsin,2.0,1,0,observed
69,2023W22,2023-06-03,21,49,wi,Wisconsin,7.0,1,0,observed
70,2023W23,2023-06-10,22,49,wi,Wisconsin,11.0,1,0,observed
71,2023W24,2023-06-17,23,49,wi,Wisconsin,4.0,1,0,observed
72,2023W25,2023-06-24,24,49,wi,Wisconsin,1.0,1,0,observed
73,2023W26,2023-07-01,25,49,wi,Wisconsin,5.0,1,0,observed
74,2023W27,2023-07-08,26,49,wi,Wisconsin,4.0,1,0,observed
75,2023W28,2023-07-15,27,49,wi,Wisconsin,8.0,1,0,observed
76,2023W29,2023-07-22,28,49,wi,Wisconsin,9.0,1,0,observed
77,2023W30,2023-07-29,29,49,wi,Wisconsin,2.0,1,0,observed
78,2023W31,2023-08-05,30,49,wi,Wisconsin,1.0,1,0,observed
79,2023W32,2023-08-12,31,49,wi,Wisconsin,5.0,1,0,observed
80,2023W33,2023-08-19,32,49,wi,Wisconsin,2.0,1,0,observed
81,2023W34,2023-08-26,33,49,wi,Wisconsin,1.0,1,0,observed
82,2023W35,2023-09-02,34,49,wi,Wisconsin,2.0,1,0,observed
83,2023W36,2023-09-09,35,49,wi,Wisconsin,1.0,1,0,observed
84,2023W37,2023-09-16,36,49,wi,Wisconsin,3.0,1,0,observed
85,2023W38,2023-09-23,37,49,wi,Wisconsin,0.0,1,0,observed
86,2023W39,2023-09-30,38,49,wi,Wisconsin,9.0,1,0,observed
87,2023W40,2023-10-07,39,49,wi,Wisconsin,10.0,1,0,observed
88,2023W41,2023-10-14,40,49,wi,Wisconsin,3.0,1,0,observed
89,2023W42,2023-10-21,41,49,wi,Wisconsin,4.0,1,0,observed
90,2023W43,2023-10-28,42,49,wi,Wisconsin,7.0,1,0,observed
91,2023W44,2023-11-04,43,49,wi,Wisconsin,16.0,1,0,observed
92,2023W45,2023-11-11,44,49,wi,Wisconsin,20.0,1,0,observed
93,2023W46,2023-11-18,45,49,wi,Wisconsin,15.0,1,0,observed
94,2023W47,2023-11-25,46,49,wi,Wisconsin,34.0,1,0,observed
95,2023W48,2023-12-02,47,49,wi,Wisconsin,59.0,1,0,observed
96,2023W49,2023-12-09,48,49,wi,Wisconsin,97.0,1,0,observed
97,2023W50,2023-12-16,49,49,wi,Wisconsin,122.0,1,0,observed
98,2023W51,2023-12-23,50,49,wi,Wisconsin,187.0,1,0,observed
99,2023W52,2023-12-30,51,49,wi,Wisconsin,297.0,1,0,observed
100,2024W01,2024-01-06,0,49,wi,Wisconsin,248.0,1,0,observed
101,2024W02,2024-01-13,1,49,wi,Wisconsin,265.0,1,0,observed
102,2024W03,2024-01-20,2,49,wi,Wisconsin,175.0,1,0,observed
103,2024W04,2024-01-27,3,49,wi,Wisconsin,141.0,1,0,observed
104,2024W05,2024-02-03,4,49,wi,Wisconsin,175.0,1,0,observed
105,2024W06,2024-02-10,5,49,wi,Wisconsin,178.0,1,0,observed
106,2024W07,2024-02-17,6,49,wi,Wisconsin,209.0,1,0,observed
107,2024W08,2024-02-24,7,49,wi,Wisconsin,213.0,1,0,observed
108,2024W09,2024-03-02,8,49,wi,Wisconsin,200.0,1,0,observed
109,2024W10,2024-03-09,9,49,wi,Wisconsin,197.0,1,0,observed
110,2024W11,2024-03-16,10,49,wi,Wisconsin,183.0,1,0,observed
111,2024W12,2024-03-23,11,49,wi,Wisconsin,132.0,1,0,observed
112,2024W13,2024-03-30,12,49,wi,Wisconsin,126.0,1,0,observed
113,2024W14,2024-04-06,13,49,wi,Wisconsin,124.0,1,0,observed
114,2024W15,2024-04-13,14,49,wi,Wisconsin,77.0,1,0,observed
115,2024W16,2024-04-20,15,49,wi,Wisconsin,66.0,1,0,observed
116,2024W17,2024-04-27,16,49,wi,Wisconsin,37.0,1,0,observed
117,2024W18,2024-05-04,17,49,wi,Wisconsin,15.0,1,0,observed
118,2024W19,2024-05-11,18,49,wi,Wisconsin,10.0,1,0,observed
119,2024W20,2024-05-18,19,49,wi,Wisconsin,11.0,1,0,observed
120,2024W21,2024-05-25,20,49,wi,Wisconsin,3.0,1,0,observed
121,2024W22,2024-06-01,21,49,wi,Wisconsin,3.0,1,0,observed
122,2024W23,2024-06-08,22,49,wi,Wisconsin,0.0,1,0,observed
123,2024W24,2024-06-15,23,49,wi,Wisconsin,2.0,1,0,observed
124,2024W25,2024-06-22,24,49,wi,Wisconsin,1.0,1,0,observed
125,2024W26,2024-06-29,25,49,wi,Wisconsin,2.0,1,0,observed
126,2024W27,2024-07-06,26,49,wi,Wisconsin,2.0,1,0,observed
127,2024W28,2024-07-13,27,49,wi,Wisconsin,3.0,1,0,observed
128,2024W29,2024-07-20,28,49,wi,Wisconsin,3.0,1,0,observed
129,2024W30,2024-07-27,29,49,wi,Wisconsin,1.0,1,0,observed
130,2024W31,2024-08-03,30,49,wi,Wisconsin,1.0,1,0,observed
131,2024W32,2024-08-10,31,49,wi,Wisconsin,2.0,1,0,observed
132,2024W33,2024-08-17,32,49,wi,Wisconsin,3.0,1,0,observed
133,2024W34,2024-08-24,33,49,wi,Wisconsin,2.0,1,0,observed
134,2024W35,2024-08-31,34,49,wi,Wisconsin,0.0,1,0,observed
135,2024W36,2024-09-07,35,49,wi,Wisconsin,1.0,1,0,observed
136,2024W37,2024-09-14,36,49,wi,Wisconsin,0.0,1,0,observed
137,2024W38,2024-09-21,37,49,wi,Wisconsin,0.0,1,0,observed
138,2024W39,2024-09-28,38,49,wi,Wisconsin,1.0,1,0,observed
139,2024W40,2024-10-05,39,49,wi,Wisconsin,1.0,1,0,observed
140,2024W41,2024-10-12,40,49,wi,Wisconsin,0.0,1,0,observed
141,2024W42,2024-10-19,41,49,wi,Wisconsin,7.0,1,0,observed
142,2024W43,2024-10-26,42,49,wi,Wisconsin,7.0,1,0,observed
143,2024W44,2024-11-02,43,49,wi,Wisconsin,5.0,1,0,observed
144,2024W45,2024-11-09,44,49,wi,Wisconsin,12.0,1,0,observed
145,2024W46,2024-11-16,45,49,wi,Wisconsin,6.0,1,0,observed
146,2024W47,2024-11-23,46,49,wi,Wisconsin,18.0,1,0,observed
147,2024W48,2024-11-30,47,49,wi,Wisconsin,12.0,1,0,observed
148,2024W49,2024-12-07,48,49,wi,Wisconsin,27.0,1,0,observed
149,2024W50,2024-12-14,49,49,wi,Wisconsin,66.0,1,0,observed
150,2024W51,2024-12-21,50,49,wi,Wisconsin,120.0,1,0,observed
151,2024W52,2024-12-28,51,49,wi,Wisconsin,253.0,1,0,observed
152,2025W01,2025-01-04,0,49,wi,Wisconsin,389.0,1,0,observed
153,2025W02,2025-01-11,1,49,wi,Wisconsin,388.0,1,0,observed
154,2025W03,2025-01-18,2,49,wi,Wisconsin,593.0,1,0,observed
155,2025W04,2025-01-25,3,49,wi,Wisconsin,857.0,1,0,observed
156,2025W05,2025-02-01,4,49,wi,Wisconsin,1068.0,1,0,observed
157,2025W06,2025-02-08,5,49,wi,Wisconsin,1153.0,1,0,observed
158,2025W07,2025-02-15,6,49,wi,Wisconsin,1107.0,1,0,observed
159,2025W08,2025-02-22,7,49,wi,Wisconsin,892.0,1,0,observed
160,2025W09,2025-03-01,8,49,wi,Wisconsin,783.0,1,0,observed
161,2025W10,2025-03-08,9,49,wi,Wisconsin,501.0,1,0,observed
162,2025W11,2025-03-15,10,49,wi,Wisconsin,326.0,1,0,observed
163,2025W12,2025-03-22,11,49,wi,Wisconsin,186.0,1,0,observed
164,2025W13,2025-03-29,12,49,wi,Wisconsin,136.0,1,0,observed
165,2025W14,2025-04-05,13,49,wi,Wisconsin,77.0,1,0,observed
166,2025W15,2025-04-12,14,49,wi,Wisconsin,66.0,1,0,observed
167,2025W16,2025-04-19,15,49,wi,Wisconsin,40.0,1,0,observed
168,2025W17,2025-04-26,16,49,wi,Wisconsin,33.0,1,0,observed
169,2025W18,2025-05-03,17,49,wi,Wisconsin,30.0,1,0,observed
170,2025W19,2025-05-10,18,49,wi,Wisconsin,27.0,1,0,observed
171,2025W20,2025-05-17,19,49,wi,Wisconsin,15.0,1,0,observed
172,2025W21,2025-05-24,20,49,wi,Wisconsin,10.0,1,0,observed
173,2025W22,2025-05-31,21,49,wi,Wisconsin,4.0,1,0,observed
174,2025W23,2025-06-07,22,49,wi,Wisconsin,2.0,1,0,observed
175,2025W24,2025-06-14,23,49,wi,Wisconsin,4.0,1,0,observed
176,2025W25,2025-06-21,24,49,wi,Wisconsin,6.0,1,0,observed
177,2025W26,2025-06-28,25,49,wi,Wisconsin,3.0,1,0,observed
178,2025W27,2025-07-05,26,49,wi,Wisconsin,2.0,1,0,observed
179,2025W28,2025-07-12,27,49,wi,Wisconsin,1.0,1,0,observed
180,2025W29,2025-07-19,28,49,wi,Wisconsin,7.0,1,0,observed
181,2025W30,2025-07-26,29,49,wi,Wisconsin,3.0,1,0,observed
182,2025W31,2025-08-02,30,49,wi,Wisconsin,5.0,1,0,observed
183,2025W32,2025-08-09,31,49,wi,Wisconsin,3.0,1,0,observed
184,2025W33,2025-08-16,32,49,wi,Wisconsin,1.0,1,0,observed
185,2025W34,2025-08-23,33,49,wi,Wisconsin,4.0,1,0,observed
186,2025W35,2025-08-30,34,49,wi,Wisconsin,4.0,1,0,observed
187,2025W36,2025-09-06,35,49,wi,Wisconsin,10.0,1,0,observed
188,2025W37,2025-09-13,36,49,wi,Wisconsin,8.0,1,0,observed
189,2025W38,2025-09-20,37,49,wi,Wisconsin,4.0,1,0,observed
190,2025W39,2025-09-27,38,49,wi,Wisconsin,7.0,1,0,observed
191,2025W40,2025-10-04,39,49,wi,Wisconsin,7.0,1,0,observed
192,2025W41,2025-10-11,40,49,wi,Wisconsin,3.0,1,0,observed
193,2025W42,2025-10-18,41,49,wi,Wisconsin,7.0,1,0,observed
194,2025W43,2025-10-25,42,49,wi,Wisconsin,8.0,1,0,observed
195,2025W44,2025-11-01,43,49,wi,Wisconsin,6.0,1,0,observed
196,2025W45,2025-11-08,44,49,wi,Wisconsin,6.0,1,0,observed
197,2025W46,2025-11-15,45,49,wi,Wisconsin,7.0,1,0,observed
198,2025W47,2025-11-22,46,49,wi,Wisconsin,19.0,1,0,observed
199,2025W48,2025-11-29,47,49,wi,Wisconsin,51.0,1,0,observed
200,2025W49,2025-12-06,48,49,wi,Wisconsin,84.0,1,0,observed
201,2025W50,2025-12-13,49,49,wi,Wisconsin,161.0,1,0,observed
202,2025W51,2025-12-20,50,49,wi,Wisconsin,322.0,1,0,observed
203,2025W52,2025-12-27,51,49,wi,Wisconsin,757.0,1,0,observed
204,2026W01,2026-01-03,0,49,wi,Wisconsin,1060.0,1,0,observed
205,2026W02,2026-01-10,1,49,wi,Wisconsin,722.0,1,0,observed
206,2026W03,2026-01-17,2,49,wi,Wisconsin,452.0,1,0,observed
207,2026W04,2026-01-24,3,49,wi,Wisconsin,361.0,1,0,observed
208,2026W05,2026-01-31,4,49,wi,Wisconsin,267.0,1,0,observed
209,2026W06,2026-02-07,5,49,wi,Wisconsin,284.0,1,0,observed
210,2026W07,2026-02-14,6,49,wi,Wisconsin,258.0,1,0,observed
211,2026W08,2026-02-21,7,49,wi,Wisconsin,253.0,1,0,observed
212,2026W09,2026-02-28,8,49,wi,Wisconsin,205.0,1,0,observed
213,2026W10,2026-03-07,9,49,wi,Wisconsin,166.0,1,0,observed
214,2026W11,2026-03-14,10,49,wi,Wisconsin,148.0,1,0,observed
215,2026W12,2026-03-21,11,49,wi,Wisconsin,136.0,1,0,observed
216,2026W13,2026-03-28,12,49,wi,Wisconsin,70.0,1,0,observed
217,2026W14,2026-04-04,13,49,wi,Wisconsin,47.0,1,0,observed
218,2026W15,2026-04-11,14,49,wi,Wisconsin,38.0,1,0,observed
219,2026W16,2026-04-18,15,49,wi,Wisconsin,32.0,1,0,observed
0,2022W05,2022-02-05,4,50,wy,Wyoming,0.0,1,0,observed
1,2022W06,2022-02-12,5,50,wy,Wyoming,2.0,1,0,observed
2,2022W07,2022-02-19,6,50,wy,Wyoming,2.0,1,0,observed
3,2022W08,2022-02-26,7,50,wy,Wyoming,4.0,1,0,observed
4,2022W09,2022-03-05,8,50,wy,Wyoming,4.0,1,0,observed
5,2022W10,2022-03-12,9,50,wy,Wyoming,6.0,1,0,observed
6,2022W11,2022-03-19,10,50,wy,Wyoming,3.0,1,0,observed
7,2022W12,2022-03-26,11,50,wy,Wyoming,7.0,1,0,observed
8,2022W13,2022-04-02,12,50,wy,Wyoming,2.0,1,0,observed
9,2022W14,2022-04-09,13,50,wy,Wyoming,10.0,1,0,observed
10,2022W15,2022-04-16,14,50,wy,Wyoming,8.0,1,0,observed
11,2022W16,2022-04-23,15,50,wy,Wyoming,1.0,1,0,observed
12,2022W17,2022-04-30,16,50,wy,Wyoming,5.0,1,0,observed
13,2022W18,2022-05-07,17,50,wy,Wyoming,4.0,1,0,observed
14,2022W19,2022-05-14,18,50,wy,Wyoming,4.0,1,0,observed
15,2022W20,2022-05-21,19,50,wy,Wyoming,6.0,1,0,observed
16,2022W21,2022-05-28,20,50,wy,Wyoming,6.0,1,0,observed
17,2022W22,2022-06-04,21,50,wy,Wyoming,7.0,1,0,observed
18,2022W23,2022-06-11,22,50,wy,Wyoming,7.0,1,0,observed
19,2022W24,2022-06-18,23,50,wy,Wyoming,4.0,1,0,observed
20,2022W25,2022-06-25,24,50,wy,Wyoming,0.0,1,0,observed
21,2022W26,2022-07-02,25,50,wy,Wyoming,1.0,1,0,observed
22,2022W27,2022-07-09,26,50,wy,Wyoming,2.0,1,0,observed
23,2022W28,2022-07-16,27,50,wy,Wyoming,3.0,1,0,observed
24,2022W29,2022-07-23,28,50,wy,Wyoming,0.0,1,0,observed
25,2022W30,2022-07-30,29,50,wy,Wyoming,2.0,1,0,observed
26,2022W31,2022-08-06,30,50,wy,Wyoming,0.0,1,0,observed
27,2022W32,2022-08-13,31,50,wy,Wyoming,0.0,1,0,observed
28,2022W33,2022-08-20,32,50,wy,Wyoming,0.0,1,0,observed
29,2022W34,2022-08-27,33,50,wy,Wyoming,0.0,1,0,observed
30,2022W35,2022-09-03,34,50,wy,Wyoming,0.0,1,0,observed
31,2022W36,2022-09-10,35,50,wy,Wyoming,0.0,1,0,observed
32,2022W37,2022-09-17,36,50,wy,Wyoming,0.0,1,0,observed
33,2022W38,2022-09-24,37,50,wy,Wyoming,0.0,1,0,observed
34,2022W39,2022-10-01,38,50,wy,Wyoming,0.0,1,0,observed
35,2022W40,2022-10-08,39,50,wy,Wyoming,1.0,1,0,observed
36,2022W41,2022-10-15,40,50,wy,Wyoming,2.0,1,0,observed
37,2022W42,2022-10-22,41,50,wy,Wyoming,2.0,1,0,observed
38,2022W43,2022-10-29,42,50,wy,Wyoming,4.0,1,0,observed
39,2022W44,2022-11-05,43,50,wy,Wyoming,7.0,1,0,observed
40,2022W45,2022-11-12,44,50,wy,Wyoming,10.0,1,0,observed
41,2022W46,2022-11-19,45,50,wy,Wyoming,36.0,1,0,observed
42,2022W47,2022-11-26,46,50,wy,Wyoming,37.0,1,0,observed
43,2022W48,2022-12-03,47,50,wy,Wyoming,69.0,1,0,observed
44,2022W49,2022-12-10,48,50,wy,Wyoming,41.0,1,0,observed
45,2022W50,2022-12-17,49,50,wy,Wyoming,39.0,1,0,observed
46,2022W51,2022-12-24,50,50,wy,Wyoming,50.0,1,0,observed
47,2022W52,2022-12-31,51,50,wy,Wyoming,51.0,1,0,observed
48,2023W01,2023-01-07,0,50,wy,Wyoming,30.0,1,0,observed
49,2023W02,2023-01-14,1,50,wy,Wyoming,16.0,1,0,observed
50,2023W03,2023-01-21,2,50,wy,Wyoming,13.0,1,0,observed
51,2023W04,2023-01-28,3,50,wy,Wyoming,5.0,1,0,observed
52,2023W05,2023-02-04,4,50,wy,Wyoming,6.0,1,0,observed
53,2023W06,2023-02-11,5,50,wy,Wyoming,2.0,1,0,observed
54,2023W07,2023-02-18,6,50,wy,Wyoming,2.0,1,0,observed
55,2023W08,2023-02-25,7,50,wy,Wyoming,0.0,1,0,observed
56,2023W09,2023-03-04,8,50,wy,Wyoming,1.0,1,0,observed
57,2023W10,2023-03-11,9,50,wy,Wyoming,2.0,1,0,observed
58,2023W11,2023-03-18,10,50,wy,Wyoming,2.0,1,0,observed
59,2023W12,2023-03-25,11,50,wy,Wyoming,0.0,1,0,observed
60,2023W13,2023-04-01,12,50,wy,Wyoming,1.0,1,0,observed
61,2023W14,2023-04-08,13,50,wy,Wyoming,2.0,1,0,observed
62,2023W15,2023-04-15,14,50,wy,Wyoming,3.0,1,0,observed
63,2023W16,2023-04-22,15,50,wy,Wyoming,0.0,1,0,observed
64,2023W17,2023-04-29,16,50,wy,Wyoming,1.0,1,0,observed
65,2023W18,2023-05-06,17,50,wy,Wyoming,2.0,1,0,observed
66,2023W19,2023-05-13,18,50,wy,Wyoming,1.0,1,0,observed
67,2023W20,2023-05-20,19,50,wy,Wyoming,1.0,1,0,observed
68,2023W21,2023-05-27,20,50,wy,Wyoming,0.0,1,0,observed
69,2023W22,2023-06-03,21,50,wy,Wyoming,1.0,1,0,observed
70,2023W23,2023-06-10,22,50,wy,Wyoming,1.0,1,0,observed
71,2023W24,2023-06-17,23,50,wy,Wyoming,1.0,1,0,observed
72,2023W25,2023-06-24,24,50,wy,Wyoming,1.0,1,0,observed
73,2023W26,2023-07-01,25,50,wy,Wyoming,9.0,1,0,observed
74,2023W27,2023-07-08,26,50,wy,Wyoming,1.0,1,0,observed
75,2023W28,2023-07-15,27,50,wy,Wyoming,0.0,1,0,observed
76,2023W29,2023-07-22,28,50,wy,Wyoming,0.0,1,0,observed
77,2023W30,2023-07-29,29,50,wy,Wyoming,2.0,1,0,observed
78,2023W31,2023-08-05,30,50,wy,Wyoming,0.0,1,0,observed
79,2023W32,2023-08-12,31,50,wy,Wyoming,1.0,1,0,observed
80,2023W33,2023-08-19,32,50,wy,Wyoming,0.0,1,0,observed
81,2023W34,2023-08-26,33,50,wy,Wyoming,0.0,1,0,observed
82,2023W35,2023-09-02,34,50,wy,Wyoming,0.0,1,0,observed
83,2023W36,2023-09-09,35,50,wy,Wyoming,0.0,1,0,observed
84,2023W37,2023-09-16,36,50,wy,Wyoming,0.0,1,0,observed
85,2023W38,2023-09-23,37,50,wy,Wyoming,0.0,1,0,observed
86,2023W39,2023-09-30,38,50,wy,Wyoming,2.0,1,0,observed
87,2023W40,2023-10-07,39,50,wy,Wyoming,6.0,1,0,observed
88,2023W41,2023-10-14,40,50,wy,Wyoming,4.0,1,0,observed
89,2023W42,2023-10-21,41,50,wy,Wyoming,4.0,1,0,observed
90,2023W43,2023-10-28,42,50,wy,Wyoming,0.0,1,0,observed
91,2023W44,2023-11-04,43,50,wy,Wyoming,1.0,1,0,observed
92,2023W45,2023-11-11,44,50,wy,Wyoming,5.0,1,0,observed
93,2023W46,2023-11-18,45,50,wy,Wyoming,9.0,1,0,observed
94,2023W47,2023-11-25,46,50,wy,Wyoming,23.0,1,0,observed
95,2023W48,2023-12-02,47,50,wy,Wyoming,18.0,1,0,observed
96,2023W49,2023-12-09,48,50,wy,Wyoming,37.0,1,0,observed
97,2023W50,2023-12-16,49,50,wy,Wyoming,34.0,1,0,observed
98,2023W51,2023-12-23,50,50,wy,Wyoming,26.0,1,0,observed
99,2023W52,2023-12-30,51,50,wy,Wyoming,72.0,1,0,observed
100,2024W01,2024-01-06,0,50,wy,Wyoming,82.0,1,0,observed
101,2024W02,2024-01-13,1,50,wy,Wyoming,56.0,1,0,observed
102,2024W03,2024-01-20,2,50,wy,Wyoming,23.0,1,0,observed
103,2024W04,2024-01-27,3,50,wy,Wyoming,40.0,1,0,observed
104,2024W05,2024-02-03,4,50,wy,Wyoming,39.0,1,0,observed
105,2024W06,2024-02-10,5,50,wy,Wyoming,33.0,1,0,observed
106,2024W07,2024-02-17,6,50,wy,Wyoming,44.0,1,0,observed
107,2024W08,2024-02-24,7,50,wy,Wyoming,27.0,1,0,observed
108,2024W09,2024-03-02,8,50,wy,Wyoming,25.0,1,0,observed
109,2024W10,2024-03-09,9,50,wy,Wyoming,15.0,1,0,observed
110,2024W11,2024-03-16,10,50,wy,Wyoming,11.0,1,0,observed
111,2024W12,2024-03-23,11,50,wy,Wyoming,5.0,1,0,observed
112,2024W13,2024-03-30,12,50,wy,Wyoming,11.0,1,0,observed
113,2024W14,2024-04-06,13,50,wy,Wyoming,7.0,1,0,observed
114,2024W15,2024-04-13,14,50,wy,Wyoming,6.0,1,0,observed
115,2024W16,2024-04-20,15,50,wy,Wyoming,2.0,1,0,observed
116,2024W17,2024-04-27,16,50,wy,Wyoming,4.0,1,0,observed
117,2024W18,2024-05-04,17,50,wy,Wyoming,4.0,1,0,observed
118,2024W19,2024-05-11,18,50,wy,Wyoming,0.0,1,0,observed
119,2024W20,2024-05-18,19,50,wy,Wyoming,1.0,1,0,observed
120,2024W21,2024-05-25,20,50,wy,Wyoming,5.0,1,0,observed
121,2024W22,2024-06-01,21,50,wy,Wyoming,0.0,1,0,observed
122,2024W23,2024-06-08,22,50,wy,Wyoming,5.0,1,0,observed
123,2024W24,2024-06-15,23,50,wy,Wyoming,4.0,1,0,observed
124,2024W25,2024-06-22,24,50,wy,Wyoming,3.0,1,0,observed
125,2024W26,2024-06-29,25,50,wy,Wyoming,0.0,1,0,observed
126,2024W27,2024-07-06,26,50,wy,Wyoming,2.0,1,0,observed
127,2024W28,2024-07-13,27,50,wy,Wyoming,1.0,1,0,observed
128,2024W29,2024-07-20,28,50,wy,Wyoming,3.0,1,0,observed
129,2024W30,2024-07-27,29,50,wy,Wyoming,0.0,1,0,observed
130,2024W31,2024-08-03,30,50,wy,Wyoming,2.0,1,0,observed
131,2024W32,2024-08-10,31,50,wy,Wyoming,2.0,1,0,observed
132,2024W33,2024-08-17,32,50,wy,Wyoming,1.0,1,0,observed
133,2024W34,2024-08-24,33,50,wy,Wyoming,1.0,1,0,observed
134,2024W35,2024-08-31,34,50,wy,Wyoming,3.0,1,0,observed
135,2024W36,2024-09-07,35,50,wy,Wyoming,1.0,1,0,observed
136,2024W37,2024-09-14,36,50,wy,Wyoming,0.0,1,0,observed
137,2024W38,2024-09-21,37,50,wy,Wyoming,0.0,1,0,observed
138,2024W39,2024-09-28,38,50,wy,Wyoming,0.0,1,0,observed
139,2024W40,2024-10-05,39,50,wy,Wyoming,2.0,1,0,observed
140,2024W41,2024-10-12,40,50,wy,Wyoming,0.0,1,0,observed
141,2024W42,2024-10-19,41,50,wy,Wyoming,0.0,1,0,observed
142,2024W43,2024-10-26,42,50,wy,Wyoming,7.0,1,0,observed
143,2024W44,2024-11-02,43,50,wy,Wyoming,0.0,1,0,observed
144,2024W45,2024-11-09,44,50,wy,Wyoming,5.0,1,0,observed
145,2024W46,2024-11-16,45,50,wy,Wyoming,4.0,1,0,observed
146,2024W47,2024-11-23,46,50,wy,Wyoming,9.0,1,0,observed
147,2024W48,2024-11-30,47,50,wy,Wyoming,7.0,1,0,observed
148,2024W49,2024-12-07,48,50,wy,Wyoming,5.0,1,0,observed
149,2024W50,2024-12-14,49,50,wy,Wyoming,33.0,1,0,observed
150,2024W51,2024-12-21,50,50,wy,Wyoming,18.0,1,0,observed
151,2024W52,2024-12-28,51,50,wy,Wyoming,84.0,1,0,observed
152,2025W01,2025-01-04,0,50,wy,Wyoming,116.0,1,0,observed
153,2025W02,2025-01-11,1,50,wy,Wyoming,62.0,1,0,observed
154,2025W03,2025-01-18,2,50,wy,Wyoming,84.0,1,0,observed
155,2025W04,2025-01-25,3,50,wy,Wyoming,89.0,1,0,observed
156,2025W05,2025-02-01,4,50,wy,Wyoming,102.0,1,0,observed
157,2025W06,2025-02-08,5,50,wy,Wyoming,106.0,1,0,observed
158,2025W07,2025-02-15,6,50,wy,Wyoming,72.0,1,0,observed
159,2025W08,2025-02-22,7,50,wy,Wyoming,99.0,1,0,observed
160,2025W09,2025-03-01,8,50,wy,Wyoming,57.0,1,0,observed
161,2025W10,2025-03-08,9,50,wy,Wyoming,53.0,1,0,observed
162,2025W11,2025-03-15,10,50,wy,Wyoming,44.0,1,0,observed
163,2025W12,2025-03-22,11,50,wy,Wyoming,30.0,1,0,observed
164,2025W13,2025-03-29,12,50,wy,Wyoming,23.0,1,0,observed
165,2025W14,2025-04-05,13,50,wy,Wyoming,12.0,1,0,observed
166,2025W15,2025-04-12,14,50,wy,Wyoming,4.0,1,0,observed
167,2025W16,2025-04-19,15,50,wy,Wyoming,3.0,1,0,observed
168,2025W17,2025-04-26,16,50,wy,Wyoming,6.0,1,0,observed
169,2025W18,2025-05-03,17,50,wy,Wyoming,1.0,1,0,observed
170,2025W19,2025-05-10,18,50,wy,Wyoming,4.0,1,0,observed
171,2025W20,2025-05-17,19,50,wy,Wyoming,3.0,1,0,observed
172,2025W21,2025-05-24,20,50,wy,Wyoming,3.0,1,0,observed
173,2025W22,2025-05-31,21,50,wy,Wyoming,3.0,1,0,observed
174,2025W23,2025-06-07,22,50,wy,Wyoming,2.0,1,0,observed
175,2025W24,2025-06-14,23,50,wy,Wyoming,1.0,1,0,observed
176,2025W25,2025-06-21,24,50,wy,Wyoming,2.0,1,0,observed
177,2025W26,2025-06-28,25,50,wy,Wyoming,1.0,1,0,observed
178,2025W27,2025-07-05,26,50,wy,Wyoming,1.0,1,0,observed
179,2025W28,2025-07-12,27,50,wy,Wyoming,1.0,1,0,observed
180,2025W29,2025-07-19,28,50,wy,Wyoming,0.0,1,0,observed
181,2025W30,2025-07-26,29,50,wy,Wyoming,0.0,1,0,observed
182,2025W31,2025-08-02,30,50,wy,Wyoming,2.0,1,0,observed
183,2025W32,2025-08-09,31,50,wy,Wyoming,0.0,1,0,observed
184,2025W33,2025-08-16,32,50,wy,Wyoming,0.0,1,0,observed
185,2025W34,2025-08-23,33,50,wy,Wyoming,0.0,1,0,observed
186,2025W35,2025-08-30,34,50,wy,Wyoming,1.0,1,0,observed
187,2025W36,2025-09-06,35,50,wy,Wyoming,1.0,1,0,observed
188,2025W37,2025-09-13,36,50,wy,Wyoming,1.0,1,0,observed
189,2025W38,2025-09-20,37,50,wy,Wyoming,1.0,1,0,observed
190,2025W39,2025-09-27,38,50,wy,Wyoming,1.0,1,0,observed
191,2025W40,2025-10-04,39,50,wy,Wyoming,2.0,1,0,observed
192,2025W41,2025-10-11,40,50,wy,Wyoming,0.0,1,0,observed
193,2025W42,2025-10-18,41,50,wy,Wyoming,0.0,1,0,observed
194,2025W43,2025-10-25,42,50,wy,Wyoming,4.0,1,0,observed
195,2025W44,2025-11-01,43,50,wy,Wyoming,5.0,1,0,observed
196,2025W45,2025-11-08,44,50,wy,Wyoming,2.0,1,0,observed
197,2025W46,2025-11-15,45,50,wy,Wyoming,6.0,1,0,observed
198,2025W47,2025-11-22,46,50,wy,Wyoming,2.0,1,0,observed
199,2025W48,2025-11-29,47,50,wy,Wyoming,10.0,1,0,observed
200,2025W49,2025-12-06,48,50,wy,Wyoming,10.0,1,0,observed
201,2025W50,2025-12-13,49,50,wy,Wyoming,21.0,1,0,observed
202,2025W51,2025-12-20,50,50,wy,Wyoming,29.0,1,0,observed
203,2025W52,2025-12-27,51,50,wy,Wyoming,57.0,1,0,observed
204,2026W01,2026-01-03,0,50,wy,Wyoming,58.0,1,0,observed
205,2026W02,2026-01-10,1,50,wy,Wyoming,56.0,1,0,observed
206,2026W03,2026-01-17,2,50,wy,Wyoming,26.0,1,0,observed
207,2026W04,2026-01-24,3,50,wy,Wyoming,18.0,1,0,observed
208,2026W05,2026-01-31,4,50,wy,Wyoming,10.0,1,0,observed
209,2026W06,2026-02-07,5,50,wy,Wyoming,21.0,1,0,observed
210,2026W07,2026-02-14,6,50,wy,Wyoming,29.0,1,0,observed
211,2026W08,2026-02-21,7,50,wy,Wyoming,13.0,1,0,observed
212,2026W09,2026-02-28,8,50,wy,Wyoming,15.0,1,0,observed
213,2026W10,2026-03-07,9,50,wy,Wyoming,10.0,1,0,observed
214,2026W11,2026-03-14,10,50,wy,Wyoming,11.0,1,0,observed
215,2026W12,2026-03-21,11,50,wy,Wyoming,13.0,1,0,observed
216,2026W13,2026-03-28,12,50,wy,Wyoming,4.0,1,0,observed
217,2026W14,2026-04-04,13,50,wy,Wyoming,10.0,1,0,observed
218,2026W15,2026-04-11,14,50,wy,Wyoming,9.0,1,0,observed
219,2026W16,2026-04-18,15,50,wy,Wyoming,6.0,1,0,observed
